-- phpMyAdmin SQL Dump
-- version 5.2.2
-- https://www.phpmyadmin.net/
--
-- Host: localhost:3306
-- Generation Time: Oct 25, 2025 at 01:19 AM
-- Server version: 10.6.23-MariaDB-cll-lve
-- PHP Version: 7.4.33

SET SQL_MODE = "NO_AUTO_VALUE_ON_ZERO";
START TRANSACTION;
SET time_zone = "+00:00";


/*!40101 SET @OLD_CHARACTER_SET_CLIENT=@@CHARACTER_SET_CLIENT */;
/*!40101 SET @OLD_CHARACTER_SET_RESULTS=@@CHARACTER_SET_RESULTS */;
/*!40101 SET @OLD_COLLATION_CONNECTION=@@COLLATION_CONNECTION */;
/*!40101 SET NAMES utf8mb4 */;

--
-- Database: `wkdbqgyt_lincah_db`
--

-- --------------------------------------------------------

--
-- Table structure for table `api_keys`
--

CREATE TABLE `api_keys` (
  `id` bigint(20) UNSIGNED NOT NULL,
  `uuid` char(36) NOT NULL,
  `key` varchar(64) NOT NULL,
  `is_active` tinyint(1) NOT NULL DEFAULT 1,
  `last_used_at` date DEFAULT NULL,
  `created_at` timestamp NULL DEFAULT NULL,
  `updated_at` timestamp NULL DEFAULT NULL,
  `note` longtext DEFAULT NULL
) ENGINE=InnoDB DEFAULT CHARSET=utf8mb4 COLLATE=utf8mb4_unicode_ci;

--
-- Dumping data for table `api_keys`
--

INSERT INTO `api_keys` (`id`, `uuid`, `key`, `is_active`, `last_used_at`, `created_at`, `updated_at`, `note`) VALUES
(1, 'f819ac8f-8a45-446a-8c5c-3a26a4dff0f3', 'cefdfe7af4499cb5b0777947ce3df3784b6bcb1089e865d74524c3e7833fb7ec', 1, '2025-10-24', '2025-10-12 01:30:57', '2025-10-24 07:56:40', 'Frontend');

-- --------------------------------------------------------

--
-- Table structure for table `audits`
--

CREATE TABLE `audits` (
  `id` bigint(20) UNSIGNED NOT NULL,
  `user_type` varchar(255) DEFAULT NULL,
  `user_id` bigint(20) UNSIGNED DEFAULT NULL,
  `event` varchar(255) NOT NULL,
  `auditable_type` varchar(255) NOT NULL,
  `auditable_id` bigint(20) UNSIGNED NOT NULL,
  `old_values` text DEFAULT NULL,
  `new_values` text DEFAULT NULL,
  `url` text DEFAULT NULL,
  `ip_address` varchar(45) DEFAULT NULL,
  `user_agent` varchar(1023) DEFAULT NULL,
  `tags` varchar(255) DEFAULT NULL,
  `created_at` timestamp NULL DEFAULT NULL,
  `updated_at` timestamp NULL DEFAULT NULL
) ENGINE=InnoDB DEFAULT CHARSET=utf8mb4 COLLATE=utf8mb4_unicode_ci;

--
-- Dumping data for table `audits`
--

INSERT INTO `audits` (`id`, `user_type`, `user_id`, `event`, `auditable_type`, `auditable_id`, `old_values`, `new_values`, `url`, `ip_address`, `user_agent`, `tags`, `created_at`, `updated_at`) VALUES
(1, 'App\\Models\\User', 1, 'updated', 'App\\Models\\User', 1, '{\"last_used_sign_in_at\":\"2025-10-24 09:14:07\"}', '{\"last_used_sign_in_at\":\"2025-10-24T18:00:27.142973Z\"}', 'https://lincah-cms.my.id/login', '103.165.204.196', 'Mozilla/5.0 (Windows NT 10.0; Win64; x64) AppleWebKit/537.36 (KHTML, like Gecko) Chrome/141.0.0.0 Safari/537.36', NULL, '2025-10-24 11:00:27', '2025-10-24 11:00:27'),
(2, 'App\\Models\\User', 1, 'created', 'App\\Models\\User', 40, '[]', '{\"name\":\"Puskesmas Bulusan\",\"email\":\"puskesmasbulusan@semarangkota.go.id\",\"password\":\"$2y$12$OLENQWDVHIDMpOlkVTTIBuyivz72Ah.7g9p2Qa156fzA\\/Thbmvxk.\",\"uuid\":\"ced6f25d-b2a6-48d8-b847-a93d5e3c201a\",\"id\":40}', 'https://lincah-cms.my.id/user', '103.165.204.196', 'Mozilla/5.0 (Windows NT 10.0; Win64; x64) AppleWebKit/537.36 (KHTML, like Gecko) Chrome/141.0.0.0 Safari/537.36', NULL, '2025-10-24 11:18:43', '2025-10-24 11:18:43'),
(3, 'App\\Models\\User', 1, 'created', 'App\\Models\\User', 41, '[]', '{\"name\":\"Puskesmas Plamongansari\",\"email\":\"puskesmasplamongansari@semarangkota.go.id\",\"password\":\"$2y$12$zmLPepmLnmFCMHCLXpylzeL1Ufn9nYykzuRTMQ7M2tpKg03AV2w8e\",\"uuid\":\"594808e6-8b52-4128-b759-5a8a917c4888\",\"id\":41}', 'https://lincah-cms.my.id/user', '103.165.204.196', 'Mozilla/5.0 (Windows NT 10.0; Win64; x64) AppleWebKit/537.36 (KHTML, like Gecko) Chrome/141.0.0.0 Safari/537.36', NULL, '2025-10-24 11:19:19', '2025-10-24 11:19:19');

-- --------------------------------------------------------

--
-- Table structure for table `beritas`
--

CREATE TABLE `beritas` (
  `id` bigint(20) UNSIGNED NOT NULL,
  `uuid` char(36) NOT NULL,
  `judul` varchar(255) NOT NULL,
  `deskripsi` longtext NOT NULL,
  `gambar` varchar(255) NOT NULL,
  `kategori_berita_id` bigint(20) UNSIGNED NOT NULL,
  `tanggal` date NOT NULL,
  `created_at` timestamp NULL DEFAULT NULL,
  `updated_at` timestamp NULL DEFAULT NULL
) ENGINE=InnoDB DEFAULT CHARSET=utf8mb4 COLLATE=utf8mb4_unicode_ci;

--
-- Dumping data for table `beritas`
--

INSERT INTO `beritas` (`id`, `uuid`, `judul`, `deskripsi`, `gambar`, `kategori_berita_id`, `tanggal`, `created_at`, `updated_at`) VALUES
(1, '553af7fb-5d8f-4af0-b291-a1b17bb22611', 'Kader Kesehatan Kota Semarang Antusias Ikuti Gerakan Posyandu Aktif 2025 Sebagai Wujud Implementasi GERMAS', '<p>Kader Kesehatan Kota Semarang Antusias Ikuti Gerakan Posyandu Aktif 2025 Sebagai Wujud Implementasi GERMAS</p>', 'gambar/2025/10/22/10222025032744-5KVqivdh.jpg', 1, '2025-10-21', '2025-10-20 22:12:49', '2025-10-21 20:27:44');

-- --------------------------------------------------------

--
-- Table structure for table `cache`
--

CREATE TABLE `cache` (
  `key` varchar(255) NOT NULL,
  `value` mediumtext NOT NULL,
  `expiration` int(11) NOT NULL
) ENGINE=InnoDB DEFAULT CHARSET=utf8mb4 COLLATE=utf8mb4_unicode_ci;

--
-- Dumping data for table `cache`
--

INSERT INTO `cache` (`key`, `value`, `expiration`) VALUES
('laravel-cache-spatie.permission.cache', 'a:3:{s:5:\"alias\";a:4:{s:1:\"a\";s:2:\"id\";s:1:\"b\";s:4:\"name\";s:1:\"c\";s:10:\"guard_name\";s:1:\"r\";s:5:\"roles\";}s:11:\"permissions\";a:79:{i:0;a:4:{s:1:\"a\";i:9;s:1:\"b\";s:16:\"permission-index\";s:1:\"c\";s:3:\"web\";s:1:\"r\";a:1:{i:0;i:2;}}i:1;a:4:{s:1:\"a\";i:10;s:1:\"b\";s:17:\"permission-create\";s:1:\"c\";s:3:\"web\";s:1:\"r\";a:1:{i:0;i:2;}}i:2;a:4:{s:1:\"a\";i:11;s:1:\"b\";s:15:\"permission-edit\";s:1:\"c\";s:3:\"web\";s:1:\"r\";a:1:{i:0;i:2;}}i:3;a:4:{s:1:\"a\";i:12;s:1:\"b\";s:17:\"permission-delete\";s:1:\"c\";s:3:\"web\";s:1:\"r\";a:1:{i:0;i:2;}}i:4;a:4:{s:1:\"a\";i:13;s:1:\"b\";s:15:\"permission-show\";s:1:\"c\";s:3:\"web\";s:1:\"r\";a:1:{i:0;i:2;}}i:5;a:4:{s:1:\"a\";i:14;s:1:\"b\";s:10:\"role-index\";s:1:\"c\";s:3:\"web\";s:1:\"r\";a:1:{i:0;i:2;}}i:6;a:4:{s:1:\"a\";i:15;s:1:\"b\";s:11:\"role-create\";s:1:\"c\";s:3:\"web\";s:1:\"r\";a:1:{i:0;i:2;}}i:7;a:4:{s:1:\"a\";i:16;s:1:\"b\";s:9:\"role-edit\";s:1:\"c\";s:3:\"web\";s:1:\"r\";a:1:{i:0;i:2;}}i:8;a:4:{s:1:\"a\";i:17;s:1:\"b\";s:11:\"role-delete\";s:1:\"c\";s:3:\"web\";s:1:\"r\";a:1:{i:0;i:2;}}i:9;a:4:{s:1:\"a\";i:18;s:1:\"b\";s:9:\"role-show\";s:1:\"c\";s:3:\"web\";s:1:\"r\";a:1:{i:0;i:2;}}i:10;a:4:{s:1:\"a\";i:20;s:1:\"b\";s:10:\"user-index\";s:1:\"c\";s:3:\"web\";s:1:\"r\";a:2:{i:0;i:2;i:1;i:4;}}i:11;a:4:{s:1:\"a\";i:21;s:1:\"b\";s:11:\"user-create\";s:1:\"c\";s:3:\"web\";s:1:\"r\";a:2:{i:0;i:2;i:1;i:4;}}i:12;a:4:{s:1:\"a\";i:22;s:1:\"b\";s:9:\"user-edit\";s:1:\"c\";s:3:\"web\";s:1:\"r\";a:2:{i:0;i:2;i:1;i:4;}}i:13;a:4:{s:1:\"a\";i:23;s:1:\"b\";s:11:\"user-delete\";s:1:\"c\";s:3:\"web\";s:1:\"r\";a:2:{i:0;i:2;i:1;i:4;}}i:14;a:4:{s:1:\"a\";i:24;s:1:\"b\";s:9:\"user-show\";s:1:\"c\";s:3:\"web\";s:1:\"r\";a:2:{i:0;i:2;i:1;i:4;}}i:15;a:4:{s:1:\"a\";i:25;s:1:\"b\";s:10:\"crud-index\";s:1:\"c\";s:3:\"web\";s:1:\"r\";a:1:{i:0;i:2;}}i:16;a:4:{s:1:\"a\";i:26;s:1:\"b\";s:11:\"crud-create\";s:1:\"c\";s:3:\"web\";s:1:\"r\";a:1:{i:0;i:2;}}i:17;a:4:{s:1:\"a\";i:27;s:1:\"b\";s:9:\"crud-edit\";s:1:\"c\";s:3:\"web\";s:1:\"r\";a:1:{i:0;i:2;}}i:18;a:4:{s:1:\"a\";i:28;s:1:\"b\";s:11:\"crud-delete\";s:1:\"c\";s:3:\"web\";s:1:\"r\";a:1:{i:0;i:2;}}i:19;a:4:{s:1:\"a\";i:29;s:1:\"b\";s:9:\"crud-show\";s:1:\"c\";s:3:\"web\";s:1:\"r\";a:1:{i:0;i:2;}}i:20;a:4:{s:1:\"a\";i:30;s:1:\"b\";s:11:\"media-index\";s:1:\"c\";s:3:\"web\";s:1:\"r\";a:1:{i:0;i:2;}}i:21;a:4:{s:1:\"a\";i:31;s:1:\"b\";s:12:\"media-create\";s:1:\"c\";s:3:\"web\";s:1:\"r\";a:1:{i:0;i:2;}}i:22;a:4:{s:1:\"a\";i:32;s:1:\"b\";s:10:\"media-edit\";s:1:\"c\";s:3:\"web\";s:1:\"r\";a:1:{i:0;i:2;}}i:23;a:4:{s:1:\"a\";i:33;s:1:\"b\";s:12:\"media-delete\";s:1:\"c\";s:3:\"web\";s:1:\"r\";a:1:{i:0;i:2;}}i:24;a:4:{s:1:\"a\";i:34;s:1:\"b\";s:10:\"menu-index\";s:1:\"c\";s:3:\"web\";s:1:\"r\";a:1:{i:0;i:2;}}i:25;a:4:{s:1:\"a\";i:35;s:1:\"b\";s:11:\"menu-create\";s:1:\"c\";s:3:\"web\";s:1:\"r\";a:1:{i:0;i:2;}}i:26;a:4:{s:1:\"a\";i:36;s:1:\"b\";s:9:\"menu-edit\";s:1:\"c\";s:3:\"web\";s:1:\"r\";a:1:{i:0;i:2;}}i:27;a:4:{s:1:\"a\";i:37;s:1:\"b\";s:11:\"menu-delete\";s:1:\"c\";s:3:\"web\";s:1:\"r\";a:1:{i:0;i:2;}}i:28;a:4:{s:1:\"a\";i:38;s:1:\"b\";s:14:\"api_key-delete\";s:1:\"c\";s:3:\"web\";s:1:\"r\";a:1:{i:0;i:2;}}i:29;a:4:{s:1:\"a\";i:39;s:1:\"b\";s:13:\"api_key-index\";s:1:\"c\";s:3:\"web\";s:1:\"r\";a:1:{i:0;i:2;}}i:30;a:4:{s:1:\"a\";i:40;s:1:\"b\";s:14:\"api_key-create\";s:1:\"c\";s:3:\"web\";s:1:\"r\";a:1:{i:0;i:2;}}i:31;a:4:{s:1:\"a\";i:41;s:1:\"b\";s:12:\"api_key-edit\";s:1:\"c\";s:3:\"web\";s:1:\"r\";a:1:{i:0;i:2;}}i:32;a:4:{s:1:\"a\";i:42;s:1:\"b\";s:37:\"fastcrud_user_reset_password-multiple\";s:1:\"c\";s:3:\"web\";s:1:\"r\";a:1:{i:0;i:2;}}i:33;a:4:{s:1:\"a\";i:43;s:1:\"b\";s:35:\"fastcrud_user_reset_password-single\";s:1:\"c\";s:3:\"web\";s:1:\"r\";a:1:{i:0;i:2;}}i:34;a:4:{s:1:\"a\";i:44;s:1:\"b\";s:15:\"kecamatan-index\";s:1:\"c\";s:3:\"web\";s:1:\"r\";a:1:{i:0;i:2;}}i:35;a:4:{s:1:\"a\";i:45;s:1:\"b\";s:16:\"kecamatan-create\";s:1:\"c\";s:3:\"web\";s:1:\"r\";a:1:{i:0;i:2;}}i:36;a:4:{s:1:\"a\";i:46;s:1:\"b\";s:14:\"kecamatan-edit\";s:1:\"c\";s:3:\"web\";s:1:\"r\";a:1:{i:0;i:2;}}i:37;a:4:{s:1:\"a\";i:47;s:1:\"b\";s:16:\"kecamatan-delete\";s:1:\"c\";s:3:\"web\";s:1:\"r\";a:1:{i:0;i:2;}}i:38;a:4:{s:1:\"a\";i:48;s:1:\"b\";s:14:\"kecamatan-show\";s:1:\"c\";s:3:\"web\";s:1:\"r\";a:1:{i:0;i:2;}}i:39;a:4:{s:1:\"a\";i:49;s:1:\"b\";s:15:\"kelurahan-index\";s:1:\"c\";s:3:\"web\";s:1:\"r\";a:1:{i:0;i:2;}}i:40;a:4:{s:1:\"a\";i:50;s:1:\"b\";s:16:\"kelurahan-create\";s:1:\"c\";s:3:\"web\";s:1:\"r\";a:1:{i:0;i:2;}}i:41;a:4:{s:1:\"a\";i:51;s:1:\"b\";s:14:\"kelurahan-edit\";s:1:\"c\";s:3:\"web\";s:1:\"r\";a:1:{i:0;i:2;}}i:42;a:4:{s:1:\"a\";i:52;s:1:\"b\";s:16:\"kelurahan-delete\";s:1:\"c\";s:3:\"web\";s:1:\"r\";a:1:{i:0;i:2;}}i:43;a:4:{s:1:\"a\";i:53;s:1:\"b\";s:14:\"kelurahan-show\";s:1:\"c\";s:3:\"web\";s:1:\"r\";a:1:{i:0;i:2;}}i:44;a:4:{s:1:\"a\";i:54;s:1:\"b\";s:17:\"jenis_kasus-index\";s:1:\"c\";s:3:\"web\";s:1:\"r\";a:1:{i:0;i:2;}}i:45;a:4:{s:1:\"a\";i:55;s:1:\"b\";s:18:\"jenis_kasus-create\";s:1:\"c\";s:3:\"web\";s:1:\"r\";a:1:{i:0;i:2;}}i:46;a:4:{s:1:\"a\";i:56;s:1:\"b\";s:16:\"jenis_kasus-edit\";s:1:\"c\";s:3:\"web\";s:1:\"r\";a:1:{i:0;i:2;}}i:47;a:4:{s:1:\"a\";i:57;s:1:\"b\";s:18:\"jenis_kasus-delete\";s:1:\"c\";s:3:\"web\";s:1:\"r\";a:1:{i:0;i:2;}}i:48;a:4:{s:1:\"a\";i:58;s:1:\"b\";s:16:\"jenis_kasus-show\";s:1:\"c\";s:3:\"web\";s:1:\"r\";a:1:{i:0;i:2;}}i:49;a:4:{s:1:\"a\";i:59;s:1:\"b\";s:10:\"data-index\";s:1:\"c\";s:3:\"web\";s:1:\"r\";a:1:{i:0;i:2;}}i:50;a:4:{s:1:\"a\";i:60;s:1:\"b\";s:11:\"data-create\";s:1:\"c\";s:3:\"web\";s:1:\"r\";a:1:{i:0;i:2;}}i:51;a:4:{s:1:\"a\";i:61;s:1:\"b\";s:9:\"data-edit\";s:1:\"c\";s:3:\"web\";s:1:\"r\";a:1:{i:0;i:2;}}i:52;a:4:{s:1:\"a\";i:62;s:1:\"b\";s:11:\"data-delete\";s:1:\"c\";s:3:\"web\";s:1:\"r\";a:1:{i:0;i:2;}}i:53;a:4:{s:1:\"a\";i:63;s:1:\"b\";s:9:\"data-show\";s:1:\"c\";s:3:\"web\";s:1:\"r\";a:1:{i:0;i:2;}}i:54;a:4:{s:1:\"a\";i:64;s:1:\"b\";s:11:\"topik-index\";s:1:\"c\";s:3:\"web\";s:1:\"r\";a:1:{i:0;i:2;}}i:55;a:4:{s:1:\"a\";i:65;s:1:\"b\";s:12:\"topik-create\";s:1:\"c\";s:3:\"web\";s:1:\"r\";a:1:{i:0;i:2;}}i:56;a:4:{s:1:\"a\";i:66;s:1:\"b\";s:10:\"topik-edit\";s:1:\"c\";s:3:\"web\";s:1:\"r\";a:1:{i:0;i:2;}}i:57;a:4:{s:1:\"a\";i:67;s:1:\"b\";s:12:\"topik-delete\";s:1:\"c\";s:3:\"web\";s:1:\"r\";a:1:{i:0;i:2;}}i:58;a:4:{s:1:\"a\";i:68;s:1:\"b\";s:10:\"topik-show\";s:1:\"c\";s:3:\"web\";s:1:\"r\";a:1:{i:0;i:2;}}i:59;a:4:{s:1:\"a\";i:69;s:1:\"b\";s:11:\"forum-index\";s:1:\"c\";s:3:\"web\";s:1:\"r\";a:1:{i:0;i:2;}}i:60;a:4:{s:1:\"a\";i:70;s:1:\"b\";s:12:\"forum-create\";s:1:\"c\";s:3:\"web\";s:1:\"r\";a:1:{i:0;i:2;}}i:61;a:4:{s:1:\"a\";i:71;s:1:\"b\";s:10:\"forum-edit\";s:1:\"c\";s:3:\"web\";s:1:\"r\";a:1:{i:0;i:2;}}i:62;a:4:{s:1:\"a\";i:72;s:1:\"b\";s:12:\"forum-delete\";s:1:\"c\";s:3:\"web\";s:1:\"r\";a:1:{i:0;i:2;}}i:63;a:4:{s:1:\"a\";i:73;s:1:\"b\";s:10:\"forum-show\";s:1:\"c\";s:3:\"web\";s:1:\"r\";a:1:{i:0;i:2;}}i:64;a:4:{s:1:\"a\";i:74;s:1:\"b\";s:10:\"foto-index\";s:1:\"c\";s:3:\"web\";s:1:\"r\";a:1:{i:0;i:2;}}i:65;a:4:{s:1:\"a\";i:75;s:1:\"b\";s:11:\"foto-create\";s:1:\"c\";s:3:\"web\";s:1:\"r\";a:1:{i:0;i:2;}}i:66;a:4:{s:1:\"a\";i:76;s:1:\"b\";s:9:\"foto-edit\";s:1:\"c\";s:3:\"web\";s:1:\"r\";a:1:{i:0;i:2;}}i:67;a:4:{s:1:\"a\";i:77;s:1:\"b\";s:11:\"foto-delete\";s:1:\"c\";s:3:\"web\";s:1:\"r\";a:1:{i:0;i:2;}}i:68;a:4:{s:1:\"a\";i:78;s:1:\"b\";s:9:\"foto-show\";s:1:\"c\";s:3:\"web\";s:1:\"r\";a:1:{i:0;i:2;}}i:69;a:4:{s:1:\"a\";i:79;s:1:\"b\";s:11:\"video-index\";s:1:\"c\";s:3:\"web\";s:1:\"r\";a:1:{i:0;i:2;}}i:70;a:4:{s:1:\"a\";i:80;s:1:\"b\";s:12:\"video-create\";s:1:\"c\";s:3:\"web\";s:1:\"r\";a:1:{i:0;i:2;}}i:71;a:4:{s:1:\"a\";i:81;s:1:\"b\";s:10:\"video-edit\";s:1:\"c\";s:3:\"web\";s:1:\"r\";a:1:{i:0;i:2;}}i:72;a:4:{s:1:\"a\";i:82;s:1:\"b\";s:12:\"video-delete\";s:1:\"c\";s:3:\"web\";s:1:\"r\";a:1:{i:0;i:2;}}i:73;a:4:{s:1:\"a\";i:83;s:1:\"b\";s:10:\"video-show\";s:1:\"c\";s:3:\"web\";s:1:\"r\";a:1:{i:0;i:2;}}i:74;a:4:{s:1:\"a\";i:84;s:1:\"b\";s:12:\"linsek-index\";s:1:\"c\";s:3:\"web\";s:1:\"r\";a:1:{i:0;i:2;}}i:75;a:4:{s:1:\"a\";i:85;s:1:\"b\";s:13:\"linsek-create\";s:1:\"c\";s:3:\"web\";s:1:\"r\";a:1:{i:0;i:2;}}i:76;a:4:{s:1:\"a\";i:86;s:1:\"b\";s:11:\"linsek-edit\";s:1:\"c\";s:3:\"web\";s:1:\"r\";a:1:{i:0;i:2;}}i:77;a:4:{s:1:\"a\";i:87;s:1:\"b\";s:13:\"linsek-delete\";s:1:\"c\";s:3:\"web\";s:1:\"r\";a:1:{i:0;i:2;}}i:78;a:4:{s:1:\"a\";i:88;s:1:\"b\";s:11:\"linsek-show\";s:1:\"c\";s:3:\"web\";s:1:\"r\";a:1:{i:0;i:2;}}}s:5:\"roles\";a:2:{i:0;a:3:{s:1:\"a\";i:2;s:1:\"b\";s:10:\"SUPERADMIN\";s:1:\"c\";s:3:\"web\";}i:1;a:3:{s:1:\"a\";i:4;s:1:\"b\";s:5:\"ADMIN\";s:1:\"c\";s:3:\"web\";}}}', 1760343208),
('lincah-cms-cache-dinkes@semarang.kota.id|140.213.141.73', 'i:1;', 1761279514),
('lincah-cms-cache-dinkes@semarang.kota.id|140.213.141.73:timer', 'i:1761279514;', 1761279514),
('lincah-cms-cache-dinkes@semarangkota.id|140.213.139.132', 'i:1;', 1761279557),
('lincah-cms-cache-dinkes@semarangkota.id|140.213.139.132:timer', 'i:1761279557;', 1761279557),
('lincah-cms-cache-puskesmabugangan@semarangkota.co.id|114.79.16.97', 'i:1;', 1761278497),
('lincah-cms-cache-puskesmabugangan@semarangkota.co.id|114.79.16.97:timer', 'i:1761278497;', 1761278497),
('lincah-cms-cache-puskesmasbandarharjo@semarangkota.go.id|103.101.52.200', 'i:3;', 1761271183),
('lincah-cms-cache-puskesmasbandarharjo@semarangkota.go.id|103.101.52.200:timer', 'i:1761271183;', 1761271183),
('lincah-cms-cache-puskesmasbandarharjo@semarangkota.go.id|112.215.169.78', 'i:1;', 1761278360),
('lincah-cms-cache-puskesmasbandarharjo@semarangkota.go.id|112.215.169.78:timer', 'i:1761278360;', 1761278360),
('lincah-cms-cache-puskesmasbugangan@semarangkota.co.id|114.79.16.97', 'i:1;', 1761278887),
('lincah-cms-cache-puskesmasbugangan@semarangkota.co.id|114.79.16.97:timer', 'i:1761278887;', 1761278887),
('lincah-cms-cache-puskesmasgenuk@kotasemarang.go.id|103.255.240.26', 'i:1;', 1761279160),
('lincah-cms-cache-puskesmasgenuk@kotasemarang.go.id|103.255.240.26:timer', 'i:1761279160;', 1761279160),
('lincah-cms-cache-puskesmaskrbokan@semarangkota.go.id|182.2.50.102', 'i:1;', 1761277749),
('lincah-cms-cache-puskesmaskrbokan@semarangkota.go.id|182.2.50.102:timer', 'i:1761277749;', 1761277749),
('lincah-cms-cache-puskesmasmijen@semarangkota.go.id|103.255.240.26', 'i:2;', 1761278454),
('lincah-cms-cache-puskesmasmijen@semarangkota.go.id|103.255.240.26:timer', 'i:1761278454;', 1761278454),
('lincah-cms-cache-puskesmasngemplaksimongan@semarang.go.id|114.10.7.17', 'i:1;', 1761278366),
('lincah-cms-cache-puskesmasngemplaksimongan@semarang.go.id|114.10.7.17:timer', 'i:1761278366;', 1761278366),
('lincah-cms-cache-puskesmasrowosari@semarangkota.go.id|103.101.52.200', 'i:1;', 1761278302),
('lincah-cms-cache-puskesmasrowosari@semarangkota.go.id|103.101.52.200:timer', 'i:1761278302;', 1761278302),
('lincah-cms-cache-puskesmastelogosarikulon@semarangkota.go.id|103.101.52.200', 'i:1;', 1761278402),
('lincah-cms-cache-puskesmastelogosarikulon@semarangkota.go.id|103.101.52.200:timer', 'i:1761278402;', 1761278402),
('lincah-cms-cache-puskesmastlogosarikulon@semarangkota.go.id|103.255.240.26', 'i:2;', 1761278385),
('lincah-cms-cache-puskesmastlogosarikulon@semarangkota.go.id|103.255.240.26:timer', 'i:1761278385;', 1761278385),
('lincah-cms-cache-spatie.permission.cache', 'a:3:{s:5:\"alias\";a:4:{s:1:\"a\";s:2:\"id\";s:1:\"b\";s:4:\"name\";s:1:\"c\";s:10:\"guard_name\";s:1:\"r\";s:5:\"roles\";}s:11:\"permissions\";a:89:{i:0;a:4:{s:1:\"a\";s:1:\"9\";s:1:\"b\";s:16:\"permission-index\";s:1:\"c\";s:3:\"web\";s:1:\"r\";a:1:{i:0;i:2;}}i:1;a:4:{s:1:\"a\";s:2:\"10\";s:1:\"b\";s:17:\"permission-create\";s:1:\"c\";s:3:\"web\";s:1:\"r\";a:1:{i:0;i:2;}}i:2;a:4:{s:1:\"a\";s:2:\"11\";s:1:\"b\";s:15:\"permission-edit\";s:1:\"c\";s:3:\"web\";s:1:\"r\";a:1:{i:0;i:2;}}i:3;a:4:{s:1:\"a\";s:2:\"12\";s:1:\"b\";s:17:\"permission-delete\";s:1:\"c\";s:3:\"web\";s:1:\"r\";a:1:{i:0;i:2;}}i:4;a:4:{s:1:\"a\";s:2:\"13\";s:1:\"b\";s:15:\"permission-show\";s:1:\"c\";s:3:\"web\";s:1:\"r\";a:1:{i:0;i:2;}}i:5;a:4:{s:1:\"a\";s:2:\"14\";s:1:\"b\";s:10:\"role-index\";s:1:\"c\";s:3:\"web\";s:1:\"r\";a:1:{i:0;i:2;}}i:6;a:4:{s:1:\"a\";s:2:\"15\";s:1:\"b\";s:11:\"role-create\";s:1:\"c\";s:3:\"web\";s:1:\"r\";a:1:{i:0;i:2;}}i:7;a:4:{s:1:\"a\";s:2:\"16\";s:1:\"b\";s:9:\"role-edit\";s:1:\"c\";s:3:\"web\";s:1:\"r\";a:1:{i:0;i:2;}}i:8;a:4:{s:1:\"a\";s:2:\"17\";s:1:\"b\";s:11:\"role-delete\";s:1:\"c\";s:3:\"web\";s:1:\"r\";a:1:{i:0;i:2;}}i:9;a:4:{s:1:\"a\";s:2:\"18\";s:1:\"b\";s:9:\"role-show\";s:1:\"c\";s:3:\"web\";s:1:\"r\";a:1:{i:0;i:2;}}i:10;a:4:{s:1:\"a\";s:2:\"20\";s:1:\"b\";s:10:\"user-index\";s:1:\"c\";s:3:\"web\";s:1:\"r\";a:1:{i:0;i:2;}}i:11;a:4:{s:1:\"a\";s:2:\"21\";s:1:\"b\";s:11:\"user-create\";s:1:\"c\";s:3:\"web\";s:1:\"r\";a:1:{i:0;i:2;}}i:12;a:4:{s:1:\"a\";s:2:\"22\";s:1:\"b\";s:9:\"user-edit\";s:1:\"c\";s:3:\"web\";s:1:\"r\";a:1:{i:0;i:2;}}i:13;a:4:{s:1:\"a\";s:2:\"23\";s:1:\"b\";s:11:\"user-delete\";s:1:\"c\";s:3:\"web\";s:1:\"r\";a:1:{i:0;i:2;}}i:14;a:4:{s:1:\"a\";s:2:\"24\";s:1:\"b\";s:9:\"user-show\";s:1:\"c\";s:3:\"web\";s:1:\"r\";a:1:{i:0;i:2;}}i:15;a:4:{s:1:\"a\";s:2:\"25\";s:1:\"b\";s:10:\"crud-index\";s:1:\"c\";s:3:\"web\";s:1:\"r\";a:1:{i:0;i:2;}}i:16;a:4:{s:1:\"a\";s:2:\"26\";s:1:\"b\";s:11:\"crud-create\";s:1:\"c\";s:3:\"web\";s:1:\"r\";a:1:{i:0;i:2;}}i:17;a:4:{s:1:\"a\";s:2:\"27\";s:1:\"b\";s:9:\"crud-edit\";s:1:\"c\";s:3:\"web\";s:1:\"r\";a:1:{i:0;i:2;}}i:18;a:4:{s:1:\"a\";s:2:\"28\";s:1:\"b\";s:11:\"crud-delete\";s:1:\"c\";s:3:\"web\";s:1:\"r\";a:1:{i:0;i:2;}}i:19;a:4:{s:1:\"a\";s:2:\"29\";s:1:\"b\";s:9:\"crud-show\";s:1:\"c\";s:3:\"web\";s:1:\"r\";a:1:{i:0;i:2;}}i:20;a:4:{s:1:\"a\";s:2:\"30\";s:1:\"b\";s:11:\"media-index\";s:1:\"c\";s:3:\"web\";s:1:\"r\";a:1:{i:0;i:2;}}i:21;a:4:{s:1:\"a\";s:2:\"31\";s:1:\"b\";s:12:\"media-create\";s:1:\"c\";s:3:\"web\";s:1:\"r\";a:1:{i:0;i:2;}}i:22;a:4:{s:1:\"a\";s:2:\"32\";s:1:\"b\";s:10:\"media-edit\";s:1:\"c\";s:3:\"web\";s:1:\"r\";a:1:{i:0;i:2;}}i:23;a:4:{s:1:\"a\";s:2:\"33\";s:1:\"b\";s:12:\"media-delete\";s:1:\"c\";s:3:\"web\";s:1:\"r\";a:1:{i:0;i:2;}}i:24;a:4:{s:1:\"a\";s:2:\"34\";s:1:\"b\";s:10:\"menu-index\";s:1:\"c\";s:3:\"web\";s:1:\"r\";a:1:{i:0;i:2;}}i:25;a:4:{s:1:\"a\";s:2:\"35\";s:1:\"b\";s:11:\"menu-create\";s:1:\"c\";s:3:\"web\";s:1:\"r\";a:1:{i:0;i:2;}}i:26;a:4:{s:1:\"a\";s:2:\"36\";s:1:\"b\";s:9:\"menu-edit\";s:1:\"c\";s:3:\"web\";s:1:\"r\";a:1:{i:0;i:2;}}i:27;a:4:{s:1:\"a\";s:2:\"37\";s:1:\"b\";s:11:\"menu-delete\";s:1:\"c\";s:3:\"web\";s:1:\"r\";a:1:{i:0;i:2;}}i:28;a:4:{s:1:\"a\";s:2:\"38\";s:1:\"b\";s:14:\"api_key-delete\";s:1:\"c\";s:3:\"web\";s:1:\"r\";a:1:{i:0;i:2;}}i:29;a:4:{s:1:\"a\";s:2:\"39\";s:1:\"b\";s:13:\"api_key-index\";s:1:\"c\";s:3:\"web\";s:1:\"r\";a:1:{i:0;i:2;}}i:30;a:4:{s:1:\"a\";s:2:\"40\";s:1:\"b\";s:14:\"api_key-create\";s:1:\"c\";s:3:\"web\";s:1:\"r\";a:1:{i:0;i:2;}}i:31;a:4:{s:1:\"a\";s:2:\"41\";s:1:\"b\";s:12:\"api_key-edit\";s:1:\"c\";s:3:\"web\";s:1:\"r\";a:1:{i:0;i:2;}}i:32;a:4:{s:1:\"a\";s:2:\"42\";s:1:\"b\";s:37:\"fastcrud_user_reset_password-multiple\";s:1:\"c\";s:3:\"web\";s:1:\"r\";a:1:{i:0;i:2;}}i:33;a:4:{s:1:\"a\";s:2:\"43\";s:1:\"b\";s:35:\"fastcrud_user_reset_password-single\";s:1:\"c\";s:3:\"web\";s:1:\"r\";a:1:{i:0;i:2;}}i:34;a:4:{s:1:\"a\";s:2:\"44\";s:1:\"b\";s:15:\"kecamatan-index\";s:1:\"c\";s:3:\"web\";s:1:\"r\";a:1:{i:0;i:2;}}i:35;a:4:{s:1:\"a\";s:2:\"45\";s:1:\"b\";s:16:\"kecamatan-create\";s:1:\"c\";s:3:\"web\";s:1:\"r\";a:1:{i:0;i:2;}}i:36;a:4:{s:1:\"a\";s:2:\"46\";s:1:\"b\";s:14:\"kecamatan-edit\";s:1:\"c\";s:3:\"web\";s:1:\"r\";a:1:{i:0;i:2;}}i:37;a:4:{s:1:\"a\";s:2:\"47\";s:1:\"b\";s:16:\"kecamatan-delete\";s:1:\"c\";s:3:\"web\";s:1:\"r\";a:1:{i:0;i:2;}}i:38;a:4:{s:1:\"a\";s:2:\"48\";s:1:\"b\";s:14:\"kecamatan-show\";s:1:\"c\";s:3:\"web\";s:1:\"r\";a:1:{i:0;i:2;}}i:39;a:4:{s:1:\"a\";s:2:\"49\";s:1:\"b\";s:15:\"kelurahan-index\";s:1:\"c\";s:3:\"web\";s:1:\"r\";a:1:{i:0;i:2;}}i:40;a:4:{s:1:\"a\";s:2:\"50\";s:1:\"b\";s:16:\"kelurahan-create\";s:1:\"c\";s:3:\"web\";s:1:\"r\";a:1:{i:0;i:2;}}i:41;a:4:{s:1:\"a\";s:2:\"51\";s:1:\"b\";s:14:\"kelurahan-edit\";s:1:\"c\";s:3:\"web\";s:1:\"r\";a:1:{i:0;i:2;}}i:42;a:4:{s:1:\"a\";s:2:\"52\";s:1:\"b\";s:16:\"kelurahan-delete\";s:1:\"c\";s:3:\"web\";s:1:\"r\";a:1:{i:0;i:2;}}i:43;a:4:{s:1:\"a\";s:2:\"53\";s:1:\"b\";s:14:\"kelurahan-show\";s:1:\"c\";s:3:\"web\";s:1:\"r\";a:1:{i:0;i:2;}}i:44;a:4:{s:1:\"a\";s:2:\"54\";s:1:\"b\";s:17:\"jenis_kasus-index\";s:1:\"c\";s:3:\"web\";s:1:\"r\";a:1:{i:0;i:2;}}i:45;a:4:{s:1:\"a\";s:2:\"55\";s:1:\"b\";s:18:\"jenis_kasus-create\";s:1:\"c\";s:3:\"web\";s:1:\"r\";a:1:{i:0;i:2;}}i:46;a:4:{s:1:\"a\";s:2:\"56\";s:1:\"b\";s:16:\"jenis_kasus-edit\";s:1:\"c\";s:3:\"web\";s:1:\"r\";a:1:{i:0;i:2;}}i:47;a:4:{s:1:\"a\";s:2:\"57\";s:1:\"b\";s:18:\"jenis_kasus-delete\";s:1:\"c\";s:3:\"web\";s:1:\"r\";a:1:{i:0;i:2;}}i:48;a:4:{s:1:\"a\";s:2:\"58\";s:1:\"b\";s:16:\"jenis_kasus-show\";s:1:\"c\";s:3:\"web\";s:1:\"r\";a:1:{i:0;i:2;}}i:49;a:4:{s:1:\"a\";s:2:\"59\";s:1:\"b\";s:10:\"data-index\";s:1:\"c\";s:3:\"web\";s:1:\"r\";a:2:{i:0;i:2;i:1;i:4;}}i:50;a:4:{s:1:\"a\";s:2:\"60\";s:1:\"b\";s:11:\"data-create\";s:1:\"c\";s:3:\"web\";s:1:\"r\";a:1:{i:0;i:2;}}i:51;a:4:{s:1:\"a\";s:2:\"61\";s:1:\"b\";s:9:\"data-edit\";s:1:\"c\";s:3:\"web\";s:1:\"r\";a:1:{i:0;i:2;}}i:52;a:4:{s:1:\"a\";s:2:\"62\";s:1:\"b\";s:11:\"data-delete\";s:1:\"c\";s:3:\"web\";s:1:\"r\";a:1:{i:0;i:2;}}i:53;a:4:{s:1:\"a\";s:2:\"63\";s:1:\"b\";s:9:\"data-show\";s:1:\"c\";s:3:\"web\";s:1:\"r\";a:1:{i:0;i:2;}}i:54;a:4:{s:1:\"a\";s:2:\"64\";s:1:\"b\";s:11:\"topik-index\";s:1:\"c\";s:3:\"web\";s:1:\"r\";a:1:{i:0;i:2;}}i:55;a:4:{s:1:\"a\";s:2:\"65\";s:1:\"b\";s:12:\"topik-create\";s:1:\"c\";s:3:\"web\";s:1:\"r\";a:1:{i:0;i:2;}}i:56;a:4:{s:1:\"a\";s:2:\"66\";s:1:\"b\";s:10:\"topik-edit\";s:1:\"c\";s:3:\"web\";s:1:\"r\";a:1:{i:0;i:2;}}i:57;a:4:{s:1:\"a\";s:2:\"67\";s:1:\"b\";s:12:\"topik-delete\";s:1:\"c\";s:3:\"web\";s:1:\"r\";a:1:{i:0;i:2;}}i:58;a:4:{s:1:\"a\";s:2:\"68\";s:1:\"b\";s:10:\"topik-show\";s:1:\"c\";s:3:\"web\";s:1:\"r\";a:1:{i:0;i:2;}}i:59;a:4:{s:1:\"a\";s:2:\"69\";s:1:\"b\";s:11:\"forum-index\";s:1:\"c\";s:3:\"web\";s:1:\"r\";a:2:{i:0;i:2;i:1;i:4;}}i:60;a:4:{s:1:\"a\";s:2:\"70\";s:1:\"b\";s:12:\"forum-create\";s:1:\"c\";s:3:\"web\";s:1:\"r\";a:2:{i:0;i:2;i:1;i:4;}}i:61;a:4:{s:1:\"a\";s:2:\"71\";s:1:\"b\";s:10:\"forum-edit\";s:1:\"c\";s:3:\"web\";s:1:\"r\";a:2:{i:0;i:2;i:1;i:4;}}i:62;a:4:{s:1:\"a\";s:2:\"72\";s:1:\"b\";s:12:\"forum-delete\";s:1:\"c\";s:3:\"web\";s:1:\"r\";a:2:{i:0;i:2;i:1;i:4;}}i:63;a:4:{s:1:\"a\";s:2:\"73\";s:1:\"b\";s:10:\"forum-show\";s:1:\"c\";s:3:\"web\";s:1:\"r\";a:2:{i:0;i:2;i:1;i:4;}}i:64;a:4:{s:1:\"a\";s:2:\"74\";s:1:\"b\";s:10:\"foto-index\";s:1:\"c\";s:3:\"web\";s:1:\"r\";a:1:{i:0;i:2;}}i:65;a:4:{s:1:\"a\";s:2:\"75\";s:1:\"b\";s:11:\"foto-create\";s:1:\"c\";s:3:\"web\";s:1:\"r\";a:1:{i:0;i:2;}}i:66;a:4:{s:1:\"a\";s:2:\"76\";s:1:\"b\";s:9:\"foto-edit\";s:1:\"c\";s:3:\"web\";s:1:\"r\";a:1:{i:0;i:2;}}i:67;a:4:{s:1:\"a\";s:2:\"77\";s:1:\"b\";s:11:\"foto-delete\";s:1:\"c\";s:3:\"web\";s:1:\"r\";a:1:{i:0;i:2;}}i:68;a:4:{s:1:\"a\";s:2:\"78\";s:1:\"b\";s:9:\"foto-show\";s:1:\"c\";s:3:\"web\";s:1:\"r\";a:1:{i:0;i:2;}}i:69;a:4:{s:1:\"a\";s:2:\"79\";s:1:\"b\";s:11:\"video-index\";s:1:\"c\";s:3:\"web\";s:1:\"r\";a:1:{i:0;i:2;}}i:70;a:4:{s:1:\"a\";s:2:\"80\";s:1:\"b\";s:12:\"video-create\";s:1:\"c\";s:3:\"web\";s:1:\"r\";a:1:{i:0;i:2;}}i:71;a:4:{s:1:\"a\";s:2:\"81\";s:1:\"b\";s:10:\"video-edit\";s:1:\"c\";s:3:\"web\";s:1:\"r\";a:1:{i:0;i:2;}}i:72;a:4:{s:1:\"a\";s:2:\"82\";s:1:\"b\";s:12:\"video-delete\";s:1:\"c\";s:3:\"web\";s:1:\"r\";a:1:{i:0;i:2;}}i:73;a:4:{s:1:\"a\";s:2:\"83\";s:1:\"b\";s:10:\"video-show\";s:1:\"c\";s:3:\"web\";s:1:\"r\";a:1:{i:0;i:2;}}i:74;a:4:{s:1:\"a\";s:2:\"84\";s:1:\"b\";s:12:\"linsek-index\";s:1:\"c\";s:3:\"web\";s:1:\"r\";a:1:{i:0;i:2;}}i:75;a:4:{s:1:\"a\";s:2:\"85\";s:1:\"b\";s:13:\"linsek-create\";s:1:\"c\";s:3:\"web\";s:1:\"r\";a:1:{i:0;i:2;}}i:76;a:4:{s:1:\"a\";s:2:\"86\";s:1:\"b\";s:11:\"linsek-edit\";s:1:\"c\";s:3:\"web\";s:1:\"r\";a:1:{i:0;i:2;}}i:77;a:4:{s:1:\"a\";s:2:\"87\";s:1:\"b\";s:13:\"linsek-delete\";s:1:\"c\";s:3:\"web\";s:1:\"r\";a:1:{i:0;i:2;}}i:78;a:4:{s:1:\"a\";s:2:\"88\";s:1:\"b\";s:11:\"linsek-show\";s:1:\"c\";s:3:\"web\";s:1:\"r\";a:1:{i:0;i:2;}}i:79;a:4:{s:1:\"a\";s:2:\"89\";s:1:\"b\";s:21:\"kategori_berita-index\";s:1:\"c\";s:3:\"web\";s:1:\"r\";a:1:{i:0;i:2;}}i:80;a:4:{s:1:\"a\";s:2:\"90\";s:1:\"b\";s:22:\"kategori_berita-create\";s:1:\"c\";s:3:\"web\";s:1:\"r\";a:1:{i:0;i:2;}}i:81;a:4:{s:1:\"a\";s:2:\"91\";s:1:\"b\";s:20:\"kategori_berita-edit\";s:1:\"c\";s:3:\"web\";s:1:\"r\";a:1:{i:0;i:2;}}i:82;a:4:{s:1:\"a\";s:2:\"92\";s:1:\"b\";s:22:\"kategori_berita-delete\";s:1:\"c\";s:3:\"web\";s:1:\"r\";a:1:{i:0;i:2;}}i:83;a:4:{s:1:\"a\";s:2:\"93\";s:1:\"b\";s:20:\"kategori_berita-show\";s:1:\"c\";s:3:\"web\";s:1:\"r\";a:1:{i:0;i:2;}}i:84;a:4:{s:1:\"a\";s:2:\"94\";s:1:\"b\";s:12:\"berita-index\";s:1:\"c\";s:3:\"web\";s:1:\"r\";a:1:{i:0;i:2;}}i:85;a:4:{s:1:\"a\";s:2:\"95\";s:1:\"b\";s:13:\"berita-create\";s:1:\"c\";s:3:\"web\";s:1:\"r\";a:1:{i:0;i:2;}}i:86;a:4:{s:1:\"a\";s:2:\"96\";s:1:\"b\";s:11:\"berita-edit\";s:1:\"c\";s:3:\"web\";s:1:\"r\";a:1:{i:0;i:2;}}i:87;a:4:{s:1:\"a\";s:2:\"97\";s:1:\"b\";s:13:\"berita-delete\";s:1:\"c\";s:3:\"web\";s:1:\"r\";a:1:{i:0;i:2;}}i:88;a:4:{s:1:\"a\";s:2:\"98\";s:1:\"b\";s:11:\"berita-show\";s:1:\"c\";s:3:\"web\";s:1:\"r\";a:1:{i:0;i:2;}}}s:5:\"roles\";a:2:{i:0;a:3:{s:1:\"a\";s:1:\"2\";s:1:\"b\";s:10:\"SUPERADMIN\";s:1:\"c\";s:3:\"web\";}i:1;a:3:{s:1:\"a\";s:1:\"4\";s:1:\"b\";s:9:\"PUSKESMAS\";s:1:\"c\";s:3:\"web\";}}}', 1761415227);

-- --------------------------------------------------------

--
-- Table structure for table `cache_locks`
--

CREATE TABLE `cache_locks` (
  `key` varchar(255) NOT NULL,
  `owner` varchar(255) NOT NULL,
  `expiration` int(11) NOT NULL
) ENGINE=InnoDB DEFAULT CHARSET=utf8mb4 COLLATE=utf8mb4_unicode_ci;

-- --------------------------------------------------------

--
-- Table structure for table `configs`
--

CREATE TABLE `configs` (
  `id` bigint(20) UNSIGNED NOT NULL,
  `uuid` char(36) NOT NULL,
  `description` varchar(255) NOT NULL,
  `type` varchar(255) NOT NULL,
  `config_value` longtext NOT NULL,
  `created_at` timestamp NULL DEFAULT NULL,
  `updated_at` timestamp NULL DEFAULT NULL
) ENGINE=InnoDB DEFAULT CHARSET=utf8mb4 COLLATE=utf8mb4_unicode_ci;

-- --------------------------------------------------------

--
-- Table structure for table `data`
--

CREATE TABLE `data` (
  `id` bigint(20) UNSIGNED NOT NULL,
  `uuid` char(36) NOT NULL,
  `bulan` char(2) NOT NULL,
  `tahun` char(4) NOT NULL,
  `kecamatan_id` bigint(20) UNSIGNED NOT NULL,
  `kelurahan_id` bigint(20) UNSIGNED NOT NULL,
  `jenis_kasus_id` bigint(20) UNSIGNED NOT NULL,
  `keterpaparan` int(11) NOT NULL DEFAULT 0,
  `kerentanan` int(11) NOT NULL DEFAULT 0,
  `potensial_dampak` int(11) NOT NULL DEFAULT 0,
  `jumlah_kasus` int(11) NOT NULL DEFAULT 0,
  `created_at` timestamp NULL DEFAULT NULL,
  `updated_at` timestamp NULL DEFAULT NULL
) ENGINE=InnoDB DEFAULT CHARSET=utf8mb4 COLLATE=utf8mb4_unicode_ci;

--
-- Dumping data for table `data`
--

INSERT INTO `data` (`id`, `uuid`, `bulan`, `tahun`, `kecamatan_id`, `kelurahan_id`, `jenis_kasus_id`, `keterpaparan`, `kerentanan`, `potensial_dampak`, `jumlah_kasus`, `created_at`, `updated_at`) VALUES
(14, '5593219465549246819', '10', '2025', 10, 64, 1, 2, 5, 3, 11, '2025-10-19 05:43:07', '2025-10-19 05:43:07'),
(15, '18054578141810126824', '10', '2025', 10, 63, 1, 1, 5, 2, 4, '2025-10-19 05:43:07', '2025-10-19 05:43:07'),
(16, '5452389488517437473', '10', '2025', 10, 67, 1, 2, 5, 3, 5, '2025-10-19 05:43:07', '2025-10-19 05:43:07'),
(17, '5121757287656153019', '10', '2025', 10, 72, 1, 1, 5, 2, 2, '2025-10-19 05:43:07', '2025-10-19 05:43:07'),
(18, '13160975532275618820', '10', '2025', 10, 73, 1, 2, 6, 3, 9, '2025-10-19 05:43:07', '2025-10-19 05:43:07'),
(19, '181386247995879772', '10', '2025', 10, 74, 1, 2, 4, 2, 11, '2025-10-19 05:43:07', '2025-10-19 05:43:07'),
(20, '120999892326407140', '10', '2025', 10, 66, 1, 2, 6, 3, 16, '2025-10-19 05:43:07', '2025-10-19 05:43:07'),
(21, '14999139185630843214', '10', '2025', 10, 69, 1, 4, 4, 4, 34, '2025-10-19 05:43:07', '2025-10-19 05:43:07'),
(22, '8855641870561689611', '10', '2025', 10, 65, 1, 1, 4, 1, 4, '2025-10-19 05:43:07', '2025-10-19 05:43:07'),
(23, '15869751616610606670', '10', '2025', 10, 68, 1, 3, 5, 4, 23, '2025-10-19 05:43:07', '2025-10-19 05:43:07'),
(24, '16688696779813764540', '10', '2025', 10, 71, 1, 1, 1, 1, 4, '2025-10-19 05:43:07', '2025-10-19 05:43:07'),
(25, '11598800073352871011', '10', '2025', 10, 70, 1, 3, 4, 3, 20, '2025-10-19 05:43:07', '2025-10-19 05:43:07'),
(26, '8878777518382771607', '10', '2025', 10, 75, 1, 3, 3, 2, 30, '2025-10-19 05:43:07', '2025-10-19 05:43:07'),
(27, '5156877527825273916', '10', '2025', 10, 76, 1, 2, 6, 3, 11, '2025-10-19 05:43:07', '2025-10-19 05:43:07'),
(28, '17235646931372955478', '10', '2025', 9, 48, 1, 3, 3, 2, 19, '2025-10-19 05:43:07', '2025-10-19 05:43:07'),
(29, '3133844465867347837', '10', '2025', 9, 57, 1, 3, 2, 2, 15, '2025-10-19 05:43:07', '2025-10-19 05:43:07'),
(30, '16316921019073207818', '10', '2025', 9, 62, 1, 1, 3, 1, 4, '2025-10-19 05:43:07', '2025-10-19 05:43:07'),
(31, '16106899499782466326', '10', '2025', 9, 55, 1, 2, 3, 2, 9, '2025-10-19 05:43:07', '2025-10-19 05:43:07'),
(32, '7314202067502910833', '10', '2025', 9, 52, 1, 2, 5, 3, 9, '2025-10-19 05:43:07', '2025-10-19 05:43:07'),
(33, '9096844628152194925', '10', '2025', 9, 56, 1, 3, 5, 4, 20, '2025-10-19 05:43:07', '2025-10-19 05:43:07'),
(34, '8414014750984502734', '10', '2025', 9, 53, 1, 2, 6, 3, 9, '2025-10-19 05:43:07', '2025-10-19 05:43:07'),
(35, '5618419801314692407', '10', '2025', 9, 54, 1, 1, 3, 1, 4, '2025-10-19 05:43:07', '2025-10-19 05:43:07'),
(36, '1314821197927824218', '10', '2025', 9, 47, 1, 1, 3, 1, 3, '2025-10-19 05:43:07', '2025-10-19 05:43:07'),
(37, '1899252113893040944', '10', '2025', 9, 49, 1, 2, 3, 2, 5, '2025-10-19 05:43:07', '2025-10-19 05:43:07'),
(38, '2993545074329544854', '10', '2025', 9, 51, 1, 1, 3, 1, 0, '2025-10-19 05:43:07', '2025-10-19 05:43:07'),
(39, '5211554236384528312', '10', '2025', 9, 58, 1, 3, 4, 3, 15, '2025-10-19 05:43:07', '2025-10-19 05:43:07'),
(40, '12223963335073249352', '10', '2025', 9, 50, 1, 3, 5, 4, 13, '2025-10-19 05:43:07', '2025-10-19 05:43:07'),
(41, '10508280583752643659', '10', '2025', 9, 60, 1, 4, 5, 5, 33, '2025-10-19 05:43:07', '2025-10-19 05:43:07'),
(42, '17896185941498559462', '10', '2025', 9, 61, 1, 3, 5, 4, 43, '2025-10-19 05:43:07', '2025-10-19 05:43:07'),
(43, '601066086150506999', '10', '2025', 9, 59, 1, 3, 4, 3, 23, '2025-10-19 05:43:07', '2025-10-19 05:43:07'),
(44, '17332770439419422184', '10', '2025', 4, 2, 1, 3, 6, 4, 52, '2025-10-19 05:43:07', '2025-10-19 05:43:07'),
(45, '5424746890635034760', '10', '2025', 4, 1, 1, 2, 6, 3, 18, '2025-10-19 05:43:07', '2025-10-19 05:43:07'),
(46, '16080093577574531758', '10', '2025', 4, 3, 1, 2, 7, 4, 8, '2025-10-19 05:43:07', '2025-10-19 05:43:07'),
(47, '16042700536742402069', '10', '2025', 4, 4, 1, 5, 5, 6, 34, '2025-10-19 05:43:07', '2025-10-19 05:43:07'),
(48, '16736265642595499427', '10', '2025', 4, 5, 1, 4, 6, 5, 42, '2025-10-19 05:43:07', '2025-10-19 05:43:07'),
(49, '13983030314576534934', '10', '2025', 4, 6, 1, 3, 5, 4, 38, '2025-10-19 05:43:07', '2025-10-19 05:43:07'),
(50, '15299893633988461404', '10', '2025', 4, 7, 1, 3, 4, 3, 31, '2025-10-19 05:43:07', '2025-10-19 05:43:07'),
(51, '1803496334686730829', '10', '2025', 4, 8, 1, 4, 3, 3, 28, '2025-10-19 05:43:07', '2025-10-19 05:43:07'),
(52, '12019715291962290055', '10', '2025', 4, 9, 1, 3, 6, 4, 28, '2025-10-19 05:43:07', '2025-10-19 05:43:07'),
(53, '4596769392768467627', '10', '2025', 4, 10, 1, 4, 4, 4, 33, '2025-10-19 05:43:07', '2025-10-19 05:43:07'),
(54, '15401425596207075324', '10', '2025', 4, 11, 1, 4, 4, 4, 46, '2025-10-19 05:43:07', '2025-10-19 05:43:07'),
(55, '1696789781411873302', '10', '2025', 6, 26, 1, 4, 4, 4, 23, '2025-10-19 05:43:07', '2025-10-19 05:43:07'),
(56, '5445158742269360306', '10', '2025', 6, 19, 1, 5, 5, 6, 27, '2025-10-19 05:43:07', '2025-10-19 05:43:07'),
(57, '5641380804697916244', '10', '2025', 6, 23, 1, 3, 3, 2, 18, '2025-10-19 05:43:07', '2025-10-19 05:43:07'),
(58, '11636149210232132', '10', '2025', 6, 22, 1, 4, 5, 5, 44, '2025-10-19 05:43:07', '2025-10-19 05:43:07'),
(59, '17740925443123770562', '10', '2025', 6, 20, 1, 3, 4, 3, 13, '2025-10-19 05:43:07', '2025-10-19 05:43:07'),
(60, '3407667954958467474', '10', '2025', 6, 25, 1, 4, 3, 3, 17, '2025-10-19 05:43:07', '2025-10-19 05:43:07'),
(61, '10370560817917908354', '10', '2025', 6, 21, 1, 3, 3, 2, 6, '2025-10-19 05:43:07', '2025-10-19 05:43:07'),
(62, '11187777814153391928', '10', '2025', 6, 24, 1, 3, 4, 3, 13, '2025-10-19 05:43:07', '2025-10-19 05:43:07'),
(63, '4291776130382275151', '10', '2025', 13, 116, 1, 5, 3, 4, 15, '2025-10-19 05:43:07', '2025-10-19 05:43:07'),
(64, '5221312640860829483', '10', '2025', 13, 115, 1, 4, 3, 3, 17, '2025-10-19 05:43:07', '2025-10-19 05:43:07'),
(65, '6617304432377807678', '10', '2025', 13, 123, 1, 4, 4, 4, 23, '2025-10-19 05:43:07', '2025-10-19 05:43:07'),
(66, '11591205218684974739', '10', '2025', 13, 120, 1, 3, 4, 3, 12, '2025-10-19 05:43:07', '2025-10-19 05:43:07'),
(67, '17424413122702601410', '10', '2025', 13, 122, 1, 2, 3, 2, 5, '2025-10-19 05:43:07', '2025-10-19 05:43:07'),
(68, '1504577701775589553', '10', '2025', 13, 124, 1, 5, 3, 4, 33, '2025-10-19 05:43:07', '2025-10-19 05:43:07'),
(69, '6761254911819084331', '10', '2025', 13, 121, 1, 5, 3, 4, 20, '2025-10-19 05:43:07', '2025-10-19 05:43:07'),
(70, '14325837765098011474', '10', '2025', 13, 117, 1, 3, 4, 3, 7, '2025-10-19 05:43:07', '2025-10-19 05:43:07'),
(71, '968542827588718827', '10', '2025', 13, 118, 1, 5, 3, 4, 17, '2025-10-19 05:43:07', '2025-10-19 05:43:07'),
(72, '15222365071509757316', '10', '2025', 13, 119, 1, 5, 4, 5, 34, '2025-10-19 05:43:07', '2025-10-19 05:43:07'),
(73, '11309063878501908798', '10', '2025', 5, 13, 1, 3, 4, 3, 22, '2025-10-19 05:43:07', '2025-10-19 05:43:07'),
(74, '3186504740905553223', '10', '2025', 5, 16, 1, 4, 4, 4, 27, '2025-10-19 05:43:07', '2025-10-19 05:43:07'),
(75, '9709869535235407450', '10', '2025', 5, 14, 1, 5, 5, 6, 63, '2025-10-19 05:43:07', '2025-10-19 05:43:07'),
(76, '1794644453725614987', '10', '2025', 5, 12, 1, 6, 5, 6, 37, '2025-10-19 05:43:07', '2025-10-19 05:43:07'),
(77, '15594847711867679799', '10', '2025', 5, 15, 1, 3, 3, 2, 8, '2025-10-19 05:43:07', '2025-10-19 05:43:07'),
(78, '6767375958989089995', '10', '2025', 5, 18, 1, 4, 3, 3, 22, '2025-10-19 05:43:07', '2025-10-19 05:43:07'),
(79, '9221193683350288560', '10', '2025', 5, 17, 1, 5, 5, 6, 42, '2025-10-19 05:43:07', '2025-10-19 05:43:07'),
(80, '4442878998848743138', '10', '2025', 15, 165, 1, 4, 6, 5, 59, '2025-10-19 05:43:07', '2025-10-19 05:43:07'),
(81, '7916835016232868194', '10', '2025', 15, 164, 1, 4, 6, 5, 73, '2025-10-19 05:43:07', '2025-10-19 05:43:07'),
(82, '3879257103106464408', '10', '2025', 15, 162, 1, 4, 5, 5, 16, '2025-10-19 05:43:07', '2025-10-19 05:43:07'),
(83, '14242665288441447154', '10', '2025', 15, 170, 1, 3, 5, 4, 13, '2025-10-19 05:43:07', '2025-10-19 05:43:07'),
(84, '13448782139928140374', '10', '2025', 15, 159, 1, 3, 4, 3, 15, '2025-10-19 05:43:07', '2025-10-19 05:43:07'),
(85, '15562279575044306238', '10', '2025', 15, 163, 1, 3, 5, 4, 36, '2025-10-19 05:43:07', '2025-10-19 05:43:07'),
(86, '17512412308731541605', '10', '2025', 15, 168, 1, 4, 5, 5, 125, '2025-10-19 05:43:07', '2025-10-19 05:43:07'),
(87, '15134760872900376638', '10', '2025', 15, 166, 1, 4, 5, 5, 56, '2025-10-19 05:43:07', '2025-10-19 05:43:07'),
(88, '1960764794284248033', '10', '2025', 15, 160, 1, 3, 4, 3, 19, '2025-10-19 05:43:07', '2025-10-19 05:43:07'),
(89, '2615376087193303181', '10', '2025', 15, 169, 1, 5, 5, 6, 92, '2025-10-19 05:43:07', '2025-10-19 05:43:07'),
(90, '8003733812908237002', '10', '2025', 15, 161, 1, 5, 4, 5, 48, '2025-10-19 05:43:07', '2025-10-19 05:43:07'),
(91, '3447564620470788473', '10', '2025', 15, 167, 1, 6, 4, 6, 87, '2025-10-19 05:43:07', '2025-10-19 05:43:07'),
(92, '6867572733907162235', '10', '2025', 12, 87, 1, 5, 3, 4, 57, '2025-10-19 05:43:07', '2025-10-19 05:43:07'),
(93, '17159135602771048302', '10', '2025', 12, 91, 1, 6, 3, 5, 69, '2025-10-19 05:43:07', '2025-10-19 05:43:07'),
(94, '9305100777150813139', '10', '2025', 12, 95, 1, 3, 5, 4, 36, '2025-10-19 05:43:07', '2025-10-19 05:43:07'),
(95, '5368552637152865040', '10', '2025', 12, 94, 1, 4, 4, 4, 34, '2025-10-19 05:43:07', '2025-10-19 05:43:07'),
(96, '11222096609609207600', '10', '2025', 12, 92, 1, 4, 4, 4, 28, '2025-10-19 05:43:07', '2025-10-19 05:43:07'),
(97, '12455708077102036552', '10', '2025', 12, 96, 1, 4, 6, 5, 52, '2025-10-19 05:43:07', '2025-10-19 05:43:07'),
(98, '16903845167630644832', '10', '2025', 12, 93, 1, 4, 4, 4, 56, '2025-10-19 05:43:07', '2025-10-19 05:43:07'),
(99, '987836836380306686', '10', '2025', 12, 90, 1, 5, 5, 6, 52, '2025-10-19 05:43:07', '2025-10-19 05:43:07'),
(100, '12455177544602398538', '10', '2025', 12, 88, 1, 4, 3, 3, 25, '2025-10-19 05:43:07', '2025-10-19 05:43:07'),
(101, '10044808591280566270', '10', '2025', 12, 97, 1, 5, 4, 5, 98, '2025-10-19 05:43:07', '2025-10-19 05:43:07'),
(102, '3633279264875602843', '10', '2025', 12, 98, 1, 4, 5, 5, 34, '2025-10-19 05:43:07', '2025-10-19 05:43:07'),
(103, '9086855675599179098', '10', '2025', 12, 89, 1, 5, 6, 6, 107, '2025-10-19 05:43:07', '2025-10-19 05:43:07'),
(104, '18075364264491666049', '10', '2025', 8, 41, 1, 5, 5, 6, 20, '2025-10-19 05:43:07', '2025-10-19 05:43:07'),
(105, '2674791624153465332', '10', '2025', 8, 37, 1, 4, 3, 3, 21, '2025-10-19 05:43:07', '2025-10-19 05:43:07'),
(106, '11711198871007573084', '10', '2025', 8, 38, 1, 4, 5, 5, 55, '2025-10-19 05:43:07', '2025-10-19 05:43:07'),
(107, '501531748698490425', '10', '2025', 8, 34, 1, 4, 5, 5, 56, '2025-10-19 05:43:07', '2025-10-19 05:43:07'),
(108, '6561614656777743347', '10', '2025', 8, 35, 1, 4, 6, 5, 50, '2025-10-19 05:43:07', '2025-10-19 05:43:07'),
(109, '10810845994945436388', '10', '2025', 8, 43, 1, 4, 5, 5, 54, '2025-10-19 05:43:07', '2025-10-19 05:43:07'),
(110, '6451207499528705505', '10', '2025', 8, 42, 1, 3, 5, 4, 19, '2025-10-19 05:43:07', '2025-10-19 05:43:07'),
(111, '16352766955235828021', '10', '2025', 8, 40, 1, 3, 5, 4, 28, '2025-10-19 05:43:07', '2025-10-19 05:43:07'),
(112, '16806926007367390986', '10', '2025', 8, 39, 1, 4, 6, 5, 45, '2025-10-19 05:43:07', '2025-10-19 05:43:07'),
(113, '11104866706727420091', '10', '2025', 8, 36, 1, 4, 5, 5, 40, '2025-10-19 05:43:07', '2025-10-19 05:43:07'),
(114, '9684737356908419376', '10', '2025', 8, 46, 1, 3, 3, 2, 10, '2025-10-19 05:43:07', '2025-10-19 05:43:07'),
(115, '3097972356008509421', '10', '2025', 8, 45, 1, 3, 5, 4, 4, '2025-10-19 05:43:07', '2025-10-19 05:43:07'),
(116, '16211049573765727559', '10', '2025', 8, 44, 1, 3, 6, 4, 2, '2025-10-19 05:43:07', '2025-10-19 05:43:07'),
(117, '15681646731880946268', '10', '2025', 7, 29, 1, 5, 4, 5, 39, '2025-10-19 05:43:07', '2025-10-19 05:43:07'),
(118, '11030259676863134305', '10', '2025', 7, 27, 1, 4, 4, 4, 37, '2025-10-19 05:43:07', '2025-10-19 05:43:07'),
(119, '4040345234553007574', '10', '2025', 7, 32, 1, 5, 6, 6, 22, '2025-10-19 05:43:07', '2025-10-19 05:43:07'),
(120, '14935802054433780889', '10', '2025', 7, 30, 1, 3, 5, 4, 20, '2025-10-19 05:43:07', '2025-10-19 05:43:07'),
(121, '9939160201589718814', '10', '2025', 7, 31, 1, 6, 4, 6, 38, '2025-10-19 05:43:07', '2025-10-19 05:43:07'),
(122, '11345115778521671834', '10', '2025', 7, 28, 1, 5, 5, 6, 39, '2025-10-19 05:43:07', '2025-10-19 05:43:07'),
(123, '7976408903055503617', '10', '2025', 7, 33, 1, 5, 7, 7, 35, '2025-10-19 05:43:07', '2025-10-19 05:43:07'),
(124, '17447571022218955552', '10', '2025', 2, 142, 1, 6, 2, 5, 13, '2025-10-19 05:43:07', '2025-10-19 05:43:07'),
(125, '9582423460624867073', '10', '2025', 2, 141, 1, 3, 1, 1, 10, '2025-10-19 05:43:07', '2025-10-19 05:43:07'),
(126, '10990978315282181950', '10', '2025', 2, 148, 1, 6, 5, 6, 50, '2025-10-19 05:43:07', '2025-10-19 05:43:07'),
(127, '10314957284857890542', '10', '2025', 2, 149, 1, 5, 6, 6, 18, '2025-10-19 05:43:07', '2025-10-19 05:43:07'),
(128, '7531809935290509765', '10', '2025', 2, 143, 1, 7, 4, 7, 24, '2025-10-19 05:43:07', '2025-10-19 05:43:07'),
(129, '6797077591836156625', '10', '2025', 2, 140, 1, 6, 4, 6, 29, '2025-10-19 05:43:07', '2025-10-19 05:43:07'),
(130, '13464906817336625353', '10', '2025', 2, 146, 1, 6, 4, 6, 25, '2025-10-19 05:43:07', '2025-10-19 05:43:07'),
(131, '11524874425715090394', '10', '2025', 2, 145, 1, 4, 5, 5, 14, '2025-10-19 05:43:07', '2025-10-19 05:43:07'),
(132, '1622185279840387280', '10', '2025', 2, 147, 1, 5, 6, 6, 14, '2025-10-19 05:43:07', '2025-10-19 05:43:07'),
(133, '9633959150557657475', '10', '2025', 2, 144, 1, 6, 6, 7, 61, '2025-10-19 05:43:07', '2025-10-19 05:43:07'),
(134, '17562245419737302544', '10', '2025', 14, 151, 1, 5, 5, 6, 32, '2025-10-19 05:43:07', '2025-10-19 05:43:07'),
(135, '9343366620635851337', '10', '2025', 14, 156, 1, 5, 5, 6, 24, '2025-10-19 05:43:07', '2025-10-19 05:43:07'),
(136, '13251677364776584970', '10', '2025', 14, 154, 1, 5, 5, 6, 19, '2025-10-19 05:43:07', '2025-10-19 05:43:07'),
(137, '6492300362297434945', '10', '2025', 14, 155, 1, 3, 5, 4, 29, '2025-10-19 05:43:07', '2025-10-19 05:43:07'),
(138, '13548170288039392440', '10', '2025', 14, 153, 1, 6, 6, 7, 47, '2025-10-19 05:43:07', '2025-10-19 05:43:07'),
(139, '17127672931619798984', '10', '2025', 14, 157, 1, 5, 5, 6, 24, '2025-10-19 05:43:07', '2025-10-19 05:43:07'),
(140, '913578049168845632', '10', '2025', 14, 152, 1, 7, 4, 7, 40, '2025-10-19 05:43:07', '2025-10-19 05:43:07'),
(141, '11671896965958301192', '10', '2025', 14, 150, 1, 4, 6, 5, 62, '2025-10-19 05:43:07', '2025-10-19 05:43:07'),
(142, '209711800488936874', '10', '2025', 14, 158, 1, 5, 6, 6, 98, '2025-10-19 05:43:07', '2025-10-19 05:43:07'),
(143, '17707370534205234604', '10', '2025', 3, 135, 1, 3, 3, 2, 5, '2025-10-19 05:43:07', '2025-10-19 05:43:07'),
(144, '7727773118650515591', '10', '2025', 3, 129, 1, 5, 2, 4, 15, '2025-10-19 05:43:07', '2025-10-19 05:43:07'),
(145, '12980689907751026336', '10', '2025', 3, 128, 1, 4, 4, 4, 10, '2025-10-19 05:43:07', '2025-10-19 05:43:07'),
(146, '14104836198944319425', '10', '2025', 3, 126, 1, 3, 4, 3, 6, '2025-10-19 05:43:07', '2025-10-19 05:43:07'),
(147, '18030974080019853866', '10', '2025', 3, 133, 1, 5, 4, 5, 13, '2025-10-19 05:43:07', '2025-10-19 05:43:07'),
(148, '9496731872303074344', '10', '2025', 3, 127, 1, 6, 2, 5, 19, '2025-10-19 05:43:07', '2025-10-19 05:43:07'),
(149, '3157484305008244940', '10', '2025', 3, 132, 1, 4, 1, 2, 9, '2025-10-19 05:43:07', '2025-10-19 05:43:07'),
(150, '6214917294312021656', '10', '2025', 3, 138, 1, 6, 2, 5, 19, '2025-10-19 05:43:07', '2025-10-19 05:43:07'),
(151, '14674452523658645226', '10', '2025', 3, 130, 1, 4, 3, 3, 6, '2025-10-19 05:43:07', '2025-10-19 05:43:07'),
(152, '4896007932680759195', '10', '2025', 3, 125, 1, 4, 3, 3, 6, '2025-10-19 05:43:07', '2025-10-19 05:43:07'),
(153, '7160530411120196157', '10', '2025', 3, 131, 1, 6, 3, 5, 15, '2025-10-19 05:43:07', '2025-10-19 05:43:07'),
(154, '303099957358204068', '10', '2025', 3, 134, 1, 4, 4, 4, 7, '2025-10-19 05:43:07', '2025-10-19 05:43:07'),
(155, '7403029891792485957', '10', '2025', 3, 139, 1, 3, 3, 2, 6, '2025-10-19 05:43:07', '2025-10-19 05:43:07'),
(156, '8643319642501912866', '10', '2025', 3, 136, 1, 2, 3, 2, 2, '2025-10-19 05:43:07', '2025-10-19 05:43:07'),
(157, '11935131133707847885', '10', '2025', 3, 137, 1, 5, 6, 6, 17, '2025-10-19 05:43:07', '2025-10-19 05:43:07'),
(158, '3330957173608386270', '10', '2025', 1, 106, 1, 4, 6, 5, 61, '2025-10-19 05:43:07', '2025-10-19 05:43:07'),
(159, '18274423247352494767', '10', '2025', 1, 109, 1, 4, 6, 5, 50, '2025-10-19 05:43:07', '2025-10-19 05:43:07'),
(160, '16364383040512635228', '10', '2025', 1, 110, 1, 5, 5, 6, 42, '2025-10-19 05:43:07', '2025-10-19 05:43:07'),
(161, '18113520889824322948', '10', '2025', 1, 100, 1, 5, 5, 6, 32, '2025-10-19 05:43:07', '2025-10-19 05:43:07'),
(162, '8080395394560937253', '10', '2025', 1, 99, 1, 4, 3, 3, 18, '2025-10-19 05:43:07', '2025-10-19 05:43:07'),
(163, '6963086753765103962', '10', '2025', 1, 101, 1, 5, 3, 4, 8, '2025-10-19 05:43:07', '2025-10-19 05:43:07'),
(164, '5665371564391987437', '10', '2025', 1, 111, 1, 3, 2, 2, 7, '2025-10-19 05:43:07', '2025-10-19 05:43:07'),
(165, '596078705771004495', '10', '2025', 1, 102, 1, 5, 7, 7, 61, '2025-10-19 05:43:07', '2025-10-19 05:43:07'),
(166, '10083049624697630225', '10', '2025', 1, 103, 1, 4, 3, 3, 9, '2025-10-19 05:43:07', '2025-10-19 05:43:07'),
(167, '15542772192696053615', '10', '2025', 1, 104, 1, 6, 4, 6, 34, '2025-10-19 05:43:07', '2025-10-19 05:43:07'),
(168, '1461303086035607047', '10', '2025', 1, 107, 1, 4, 3, 3, 17, '2025-10-19 05:43:07', '2025-10-19 05:43:07'),
(169, '7879745139452915423', '10', '2025', 1, 112, 1, 4, 5, 5, 13, '2025-10-19 05:43:07', '2025-10-19 05:43:07'),
(170, '7342246941136748803', '10', '2025', 1, 114, 1, 3, 3, 2, 22, '2025-10-19 05:43:07', '2025-10-19 05:43:07'),
(171, '18400841240770245581', '10', '2025', 1, 105, 1, 5, 4, 5, 22, '2025-10-19 05:43:07', '2025-10-19 05:43:07'),
(172, '13593534834367813005', '10', '2025', 1, 108, 1, 6, 5, 6, 56, '2025-10-19 05:43:07', '2025-10-19 05:43:07'),
(173, '2475660098483700364', '10', '2025', 1, 113, 1, 3, 4, 3, 17, '2025-10-19 05:43:07', '2025-10-19 05:43:07'),
(174, '3073977585169613094', '10', '2025', 16, 171, 1, 2, 3, 2, 6, '2025-10-19 05:43:07', '2025-10-19 05:43:07'),
(175, '2501507822287519837', '10', '2025', 16, 177, 1, 3, 5, 4, 21, '2025-10-19 05:43:07', '2025-10-19 05:43:07'),
(176, '14101237571706336104', '10', '2025', 16, 172, 1, 4, 6, 5, 16, '2025-10-19 05:43:07', '2025-10-19 05:43:07'),
(177, '18085946367570510957', '10', '2025', 16, 176, 1, 3, 5, 4, 7, '2025-10-19 05:43:07', '2025-10-19 05:43:07'),
(178, '3839481005615922758', '10', '2025', 16, 174, 1, 4, 6, 5, 25, '2025-10-19 05:43:07', '2025-10-19 05:43:07'),
(179, '13812566915528904807', '10', '2025', 16, 175, 1, 4, 6, 5, 22, '2025-10-19 05:43:07', '2025-10-19 05:43:07'),
(180, '10043343292993906062', '10', '2025', 16, 173, 1, 4, 6, 5, 15, '2025-10-19 05:43:07', '2025-10-19 05:43:07'),
(181, '16168296379117152224', '10', '2025', 11, 82, 1, 2, 5, 3, 15, '2025-10-19 05:43:07', '2025-10-19 05:43:07'),
(182, '1238035422967079259', '10', '2025', 11, 86, 1, 3, 5, 4, 15, '2025-10-19 05:43:07', '2025-10-19 05:43:07'),
(183, '3982523535162191907', '10', '2025', 11, 78, 1, 2, 5, 3, 24, '2025-10-19 05:43:07', '2025-10-19 05:43:07'),
(184, '10791332342017192103', '10', '2025', 11, 81, 1, 3, 6, 4, 38, '2025-10-19 05:43:07', '2025-10-19 05:43:07'),
(185, '11614603619585531653', '10', '2025', 11, 77, 1, 3, 5, 4, 19, '2025-10-19 05:43:07', '2025-10-19 05:43:07'),
(186, '3836883625486631236', '10', '2025', 11, 80, 1, 4, 7, 6, 53, '2025-10-19 05:43:07', '2025-10-19 05:43:07'),
(187, '7319794836054353460', '10', '2025', 11, 83, 1, 4, 7, 6, 56, '2025-10-19 05:43:07', '2025-10-19 05:43:07'),
(188, '8929558859136823738', '10', '2025', 11, 84, 1, 3, 7, 5, 56, '2025-10-19 05:43:07', '2025-10-19 05:43:07'),
(189, '11906059544863002770', '10', '2025', 11, 79, 1, 2, 6, 3, 14, '2025-10-19 05:43:07', '2025-10-19 05:43:07'),
(190, '810721958360782295', '10', '2025', 11, 85, 1, 3, 7, 5, 54, '2025-10-19 05:43:07', '2025-10-19 05:43:07'),
(191, '6872077822745468180', '10', '2025', 10, 64, 2, 17, 5, 3, 4, '2025-10-19 05:47:50', '2025-10-19 05:47:50'),
(192, '2251582278219199217', '10', '2025', 10, 63, 2, 24, 5, 4, 5, '2025-10-19 05:47:50', '2025-10-19 05:47:50'),
(193, '15526595632855602880', '10', '2025', 10, 67, 2, 9, 2, 6, 3, '2025-10-19 05:47:50', '2025-10-19 05:47:50'),
(194, '16920402682132530188', '10', '2025', 10, 72, 2, 7, 3, 5, 4, '2025-10-19 05:47:50', '2025-10-19 05:47:50'),
(195, '15530467515211442691', '10', '2025', 10, 73, 2, 7, 1, 4, 1, '2025-10-19 05:47:50', '2025-10-19 05:47:50'),
(196, '9768538368011935819', '10', '2025', 10, 74, 2, 36, 4, 2, 3, '2025-10-19 05:47:50', '2025-10-19 05:47:50'),
(197, '10861848848742774969', '10', '2025', 10, 66, 2, 43, 3, 1, 1, '2025-10-19 05:47:50', '2025-10-19 05:47:50'),
(198, '3600161330700554969', '10', '2025', 10, 69, 2, 44, 4, 2, 3, '2025-10-19 05:47:50', '2025-10-19 05:47:50'),
(199, '8476346760111155466', '10', '2025', 10, 65, 2, 16, 3, 4, 3, '2025-10-19 05:47:50', '2025-10-19 05:47:50'),
(200, '9643642930308855999', '10', '2025', 10, 68, 2, 29, 3, 2, 2, '2025-10-19 05:47:50', '2025-10-19 05:47:50'),
(201, '761263031701351874', '10', '2025', 10, 71, 2, 14, 4, 6, 5, '2025-10-19 05:47:50', '2025-10-19 05:47:50'),
(202, '1997914379315185709', '10', '2025', 10, 70, 2, 16, 2, 2, 1, '2025-10-19 05:47:50', '2025-10-19 05:47:50'),
(203, '7944274006028870212', '10', '2025', 10, 75, 2, 65, 4, 2, 3, '2025-10-19 05:47:50', '2025-10-19 05:47:50'),
(204, '11201331733724093530', '10', '2025', 10, 76, 2, 16, 3, 4, 3, '2025-10-19 05:47:50', '2025-10-19 05:47:50'),
(205, '14411040146244292915', '10', '2025', 9, 48, 2, 22, 2, 2, 1, '2025-10-19 05:47:50', '2025-10-19 05:47:50'),
(206, '15616024640732240448', '10', '2025', 9, 57, 2, 2, 1, 3, 1, '2025-10-19 05:47:50', '2025-10-19 05:47:50'),
(207, '12907854490647251527', '10', '2025', 9, 62, 2, 9, 1, 2, 1, '2025-10-19 05:47:50', '2025-10-19 05:47:50'),
(208, '13682240682324588015', '10', '2025', 9, 55, 2, 14, 2, 2, 1, '2025-10-19 05:47:50', '2025-10-19 05:47:50'),
(209, '9276412545218527325', '10', '2025', 9, 52, 2, 12, 2, 2, 1, '2025-10-19 05:47:50', '2025-10-19 05:47:50'),
(210, '17623993731708892821', '10', '2025', 9, 56, 2, 25, 3, 3, 2, '2025-10-19 05:47:50', '2025-10-19 05:47:50'),
(211, '13064381946854409241', '10', '2025', 9, 53, 2, 17, 3, 3, 2, '2025-10-19 05:47:50', '2025-10-19 05:47:50'),
(212, '17605078903709548748', '10', '2025', 9, 54, 2, 19, 3, 2, 2, '2025-10-19 05:47:50', '2025-10-19 05:47:50'),
(213, '4357416712738793181', '10', '2025', 9, 47, 2, 9, 2, 4, 2, '2025-10-19 05:47:50', '2025-10-19 05:47:50'),
(214, '17875792780337518987', '10', '2025', 9, 49, 2, 13, 4, 5, 5, '2025-10-19 05:47:50', '2025-10-19 05:47:50'),
(215, '9040458050931385475', '10', '2025', 9, 51, 2, 16, 2, 3, 2, '2025-10-19 05:47:50', '2025-10-19 05:47:50'),
(216, '16797683955663543495', '10', '2025', 9, 58, 2, 15, 2, 2, 1, '2025-10-19 05:47:50', '2025-10-19 05:47:50'),
(217, '15286363733056803412', '10', '2025', 9, 50, 2, 10, 2, 4, 2, '2025-10-19 05:47:50', '2025-10-19 05:47:50'),
(218, '17365755328193421822', '10', '2025', 9, 60, 2, 42, 3, 1, 1, '2025-10-19 05:47:50', '2025-10-19 05:47:50'),
(219, '14919358035314907457', '10', '2025', 9, 61, 2, 90, 4, 1, 2, '2025-10-19 05:47:50', '2025-10-19 05:47:50'),
(220, '726609291428120932', '10', '2025', 9, 59, 2, 14, 2, 2, 1, '2025-10-19 05:47:50', '2025-10-19 05:47:50'),
(221, '10075210638363779321', '10', '2025', 4, 2, 2, 93, 3, 1, 1, '2025-10-19 05:47:50', '2025-10-19 05:47:50'),
(222, '11734539492707275959', '10', '2025', 4, 1, 2, 37, 3, 1, 1, '2025-10-19 05:47:50', '2025-10-19 05:47:50'),
(223, '9244704821836708848', '10', '2025', 4, 3, 2, 20, 3, 3, 2, '2025-10-19 05:47:50', '2025-10-19 05:47:50'),
(224, '14733759467953534431', '10', '2025', 4, 4, 2, 75, 6, 1, 4, '2025-10-19 05:47:50', '2025-10-19 05:47:50'),
(225, '15514193870257774269', '10', '2025', 4, 5, 2, 93, 6, 2, 5, '2025-10-19 05:47:50', '2025-10-19 05:47:50'),
(226, '8912981716750605526', '10', '2025', 4, 6, 2, 94, 5, 1, 3, '2025-10-19 05:47:50', '2025-10-19 05:47:50'),
(227, '4851269457354040408', '10', '2025', 4, 7, 2, 78, 5, 2, 4, '2025-10-19 05:47:50', '2025-10-19 05:47:50'),
(228, '1091376154239890509', '10', '2025', 4, 8, 2, 48, 4, 2, 3, '2025-10-19 05:47:50', '2025-10-19 05:47:50'),
(229, '15542643624399790869', '10', '2025', 4, 9, 2, 63, 4, 1, 2, '2025-10-19 05:47:50', '2025-10-19 05:47:50'),
(230, '17721225282814645367', '10', '2025', 4, 10, 2, 19, 2, 1, 1, '2025-10-19 05:47:50', '2025-10-19 05:47:50'),
(231, '4672073269666323462', '10', '2025', 4, 11, 2, 66, 4, 2, 3, '2025-10-19 05:47:50', '2025-10-19 05:47:50'),
(232, '12424215019452972106', '10', '2025', 6, 26, 2, 44, 5, 2, 4, '2025-10-19 05:47:50', '2025-10-19 05:47:50'),
(233, '5986070093641210101', '10', '2025', 6, 19, 2, 21, 4, 3, 3, '2025-10-19 05:47:50', '2025-10-19 05:47:50'),
(234, '16683189615774048033', '10', '2025', 6, 23, 2, 47, 5, 3, 4, '2025-10-19 05:47:50', '2025-10-19 05:47:50'),
(235, '14040105938573178909', '10', '2025', 6, 22, 2, 111, 5, 1, 3, '2025-10-19 05:47:50', '2025-10-19 05:47:50'),
(236, '1832593597684827796', '10', '2025', 6, 20, 2, 23, 4, 2, 3, '2025-10-19 05:47:50', '2025-10-19 05:47:50'),
(237, '15636705021116969010', '10', '2025', 6, 25, 2, 42, 5, 3, 4, '2025-10-19 05:47:50', '2025-10-19 05:47:50'),
(238, '6145889322595606724', '10', '2025', 6, 21, 2, 25, 5, 4, 5, '2025-10-19 05:47:50', '2025-10-19 05:47:50'),
(239, '15604085314609940530', '10', '2025', 6, 24, 2, 45, 6, 4, 6, '2025-10-19 05:47:50', '2025-10-19 05:47:50'),
(240, '13225314281327162175', '10', '2025', 13, 116, 2, 11, 4, 3, 3, '2025-10-19 05:47:50', '2025-10-19 05:47:50'),
(241, '5228087031136146295', '10', '2025', 13, 115, 2, 34, 5, 2, 4, '2025-10-19 05:47:50', '2025-10-19 05:47:50'),
(242, '17183981836203398218', '10', '2025', 13, 123, 2, 16, 3, 2, 2, '2025-10-19 05:47:50', '2025-10-19 05:47:50'),
(243, '11335509122307301531', '10', '2025', 13, 120, 2, 38, 5, 2, 4, '2025-10-19 05:47:50', '2025-10-19 05:47:50'),
(244, '8657529915072906645', '10', '2025', 13, 122, 2, 18, 4, 5, 5, '2025-10-19 05:47:50', '2025-10-19 05:47:50'),
(245, '1052382653668150626', '10', '2025', 13, 124, 2, 34, 5, 2, 4, '2025-10-19 05:47:50', '2025-10-19 05:47:50'),
(246, '14819871247430807356', '10', '2025', 13, 121, 2, 22, 4, 3, 3, '2025-10-19 05:47:50', '2025-10-19 05:47:50'),
(247, '13826922451475737457', '10', '2025', 13, 117, 2, 9, 3, 3, 2, '2025-10-19 05:47:50', '2025-10-19 05:47:50'),
(248, '1901915209341744000', '10', '2025', 13, 118, 2, 9, 4, 3, 3, '2025-10-19 05:47:50', '2025-10-19 05:47:50'),
(249, '11927535167632649212', '10', '2025', 13, 119, 2, 46, 5, 1, 3, '2025-10-19 05:47:50', '2025-10-19 05:47:50'),
(250, '2662355826594968636', '10', '2025', 5, 13, 2, 59, 5, 1, 3, '2025-10-19 05:47:50', '2025-10-19 05:47:50'),
(251, '8801250056625812462', '10', '2025', 5, 16, 2, 71, 6, 2, 5, '2025-10-19 05:47:50', '2025-10-19 05:47:50'),
(252, '16430400463611954512', '10', '2025', 5, 14, 2, 81, 5, 1, 3, '2025-10-19 05:47:50', '2025-10-19 05:47:50'),
(253, '6151160128766001583', '10', '2025', 5, 12, 2, 43, 5, 2, 4, '2025-10-19 05:47:50', '2025-10-19 05:47:50'),
(254, '8603995102835708589', '10', '2025', 5, 15, 2, 7, 3, 7, 5, '2025-10-19 05:47:50', '2025-10-19 05:47:50'),
(255, '12342731605231791276', '10', '2025', 5, 18, 2, 59, 6, 4, 6, '2025-10-19 05:47:50', '2025-10-19 05:47:50'),
(256, '1381050069043212179', '10', '2025', 5, 17, 2, 45, 4, 3, 3, '2025-10-19 05:47:50', '2025-10-19 05:47:50'),
(257, '8856494654280582663', '10', '2025', 15, 165, 2, 65, 3, 1, 1, '2025-10-19 05:47:50', '2025-10-19 05:47:50'),
(258, '12702577964182351139', '10', '2025', 15, 164, 2, 79, 3, 1, 1, '2025-10-19 05:47:50', '2025-10-19 05:47:50'),
(259, '15709621871155414910', '10', '2025', 15, 162, 2, 15, 3, 3, 2, '2025-10-19 05:47:50', '2025-10-19 05:47:50'),
(260, '11626096882257695353', '10', '2025', 15, 170, 2, 35, 4, 2, 3, '2025-10-19 05:47:50', '2025-10-19 05:47:50'),
(261, '17871039268735338517', '10', '2025', 15, 159, 2, 24, 3, 2, 2, '2025-10-19 05:47:50', '2025-10-19 05:47:50'),
(262, '16504741415764060847', '10', '2025', 15, 163, 2, 56, 4, 1, 2, '2025-10-19 05:47:50', '2025-10-19 05:47:50'),
(263, '7449841271026635073', '10', '2025', 15, 168, 2, 156, 4, 1, 2, '2025-10-19 05:47:50', '2025-10-19 05:47:50'),
(264, '2394571813095147739', '10', '2025', 15, 166, 2, 71, 4, 2, 3, '2025-10-19 05:47:50', '2025-10-19 05:47:50'),
(265, '1252944740241074219', '10', '2025', 15, 160, 2, 26, 3, 3, 2, '2025-10-19 05:47:50', '2025-10-19 05:47:50'),
(266, '6199126067680898960', '10', '2025', 15, 169, 2, 90, 5, 1, 3, '2025-10-19 05:47:50', '2025-10-19 05:47:50'),
(267, '15066905279450322687', '10', '2025', 15, 161, 2, 51, 4, 2, 3, '2025-10-19 05:47:50', '2025-10-19 05:47:50'),
(268, '8497298873836544399', '10', '2025', 15, 167, 2, 123, 6, 1, 4, '2025-10-19 05:47:50', '2025-10-19 05:47:50'),
(269, '7219317229877321151', '10', '2025', 12, 87, 2, 48, 4, 1, 2, '2025-10-19 05:47:50', '2025-10-19 05:47:50'),
(270, '16081792935605640713', '10', '2025', 12, 91, 2, 58, 4, 1, 2, '2025-10-19 05:47:50', '2025-10-19 05:47:50'),
(271, '17603391865802570394', '10', '2025', 12, 95, 2, 67, 4, 1, 2, '2025-10-19 05:47:50', '2025-10-19 05:47:50'),
(272, '13659503653708208433', '10', '2025', 12, 94, 2, 31, 3, 1, 1, '2025-10-19 05:47:50', '2025-10-19 05:47:50'),
(273, '336378912639431039', '10', '2025', 12, 92, 2, 40, 4, 2, 3, '2025-10-19 05:47:50', '2025-10-19 05:47:50'),
(274, '11159302520815453337', '10', '2025', 12, 96, 2, 68, 4, 1, 2, '2025-10-19 05:47:50', '2025-10-19 05:47:50'),
(275, '8012479466583990323', '10', '2025', 12, 93, 2, 92, 5, 1, 3, '2025-10-19 05:47:50', '2025-10-19 05:47:50'),
(276, '14743508369488531951', '10', '2025', 12, 90, 2, 41, 4, 1, 2, '2025-10-19 05:47:50', '2025-10-19 05:47:50'),
(277, '5188406071216273741', '10', '2025', 12, 88, 2, 32, 3, 2, 2, '2025-10-19 05:47:50', '2025-10-19 05:47:50'),
(278, '15231944048609378540', '10', '2025', 12, 97, 2, 122, 5, 2, 4, '2025-10-19 05:47:50', '2025-10-19 05:47:50'),
(279, '12548754094733891559', '10', '2025', 12, 98, 2, 24, 3, 2, 2, '2025-10-19 05:47:50', '2025-10-19 05:47:50'),
(280, '7604438002100960903', '10', '2025', 12, 89, 2, 108, 5, 1, 3, '2025-10-19 05:47:50', '2025-10-19 05:47:50'),
(281, '6019860509250987399', '10', '2025', 8, 41, 2, 12, 3, 5, 4, '2025-10-19 05:47:50', '2025-10-19 05:47:50'),
(282, '3596117748703390295', '10', '2025', 8, 37, 2, 8, 2, 4, 2, '2025-10-19 05:47:50', '2025-10-19 05:47:50'),
(283, '4118062888940162406', '10', '2025', 8, 38, 2, 72, 4, 1, 2, '2025-10-19 05:47:50', '2025-10-19 05:47:50'),
(284, '17318548705997687829', '10', '2025', 8, 34, 2, 102, 5, 1, 3, '2025-10-19 05:47:50', '2025-10-19 05:47:50'),
(285, '10378353143654537008', '10', '2025', 8, 35, 2, 90, 5, 1, 3, '2025-10-19 05:47:50', '2025-10-19 05:47:50'),
(286, '16296963927585080194', '10', '2025', 8, 43, 2, 66, 4, 1, 2, '2025-10-19 05:47:50', '2025-10-19 05:47:50'),
(287, '14080463747620165025', '10', '2025', 8, 42, 2, 41, 5, 2, 4, '2025-10-19 05:47:50', '2025-10-19 05:47:50'),
(288, '1248015084017272301', '10', '2025', 8, 40, 2, 35, 3, 2, 2, '2025-10-19 05:47:50', '2025-10-19 05:47:50'),
(289, '16224887331944488912', '10', '2025', 8, 39, 2, 45, 3, 1, 1, '2025-10-19 05:47:50', '2025-10-19 05:47:50'),
(290, '14719918556839335998', '10', '2025', 8, 36, 2, 30, 3, 2, 2, '2025-10-19 05:47:50', '2025-10-19 05:47:50'),
(291, '8310083591406711305', '10', '2025', 8, 46, 2, 12, 3, 5, 4, '2025-10-19 05:47:50', '2025-10-19 05:47:50'),
(292, '397816986713986613', '10', '2025', 8, 45, 2, 5, 3, 7, 5, '2025-10-19 05:47:50', '2025-10-19 05:47:50'),
(293, '9626788391164426080', '10', '2025', 8, 44, 2, 0, 1, 6, 2, '2025-10-19 05:47:50', '2025-10-19 05:47:50'),
(294, '4321595357216014333', '10', '2025', 7, 29, 2, 49, 5, 1, 3, '2025-10-19 05:47:50', '2025-10-19 05:47:50'),
(295, '17321568947685932535', '10', '2025', 7, 27, 2, 69, 5, 2, 4, '2025-10-19 05:47:50', '2025-10-19 05:47:50'),
(296, '11946055946241318788', '10', '2025', 7, 32, 2, 64, 7, 2, 6, '2025-10-19 05:47:50', '2025-10-19 05:47:50'),
(297, '10372801789305105026', '10', '2025', 7, 30, 2, 68, 6, 2, 5, '2025-10-19 05:47:50', '2025-10-19 05:47:50'),
(298, '10708345692217069254', '10', '2025', 7, 31, 2, 58, 6, 2, 5, '2025-10-19 05:47:50', '2025-10-19 05:47:50'),
(299, '17600496763211645517', '10', '2025', 7, 28, 2, 50, 5, 2, 4, '2025-10-19 05:47:50', '2025-10-19 05:47:50'),
(300, '4341961906553447301', '10', '2025', 7, 33, 2, 48, 5, 2, 4, '2025-10-19 05:47:50', '2025-10-19 05:47:50'),
(301, '7962040072190069023', '10', '2025', 2, 142, 2, 17, 5, 5, 6, '2025-10-19 05:47:50', '2025-10-19 05:47:50'),
(302, '5742474931688313375', '10', '2025', 2, 141, 2, 23, 5, 3, 4, '2025-10-19 05:47:50', '2025-10-19 05:47:50'),
(303, '47270997353946396', '10', '2025', 2, 148, 2, 84, 7, 1, 5, '2025-10-19 05:47:50', '2025-10-19 05:47:50'),
(304, '8620835869484488283', '10', '2025', 2, 149, 2, 56, 7, 2, 6, '2025-10-19 05:47:50', '2025-10-19 05:47:50'),
(305, '8465541087255098758', '10', '2025', 2, 143, 2, 15, 5, 3, 4, '2025-10-19 05:47:50', '2025-10-19 05:47:50'),
(306, '755072873658657941', '10', '2025', 2, 140, 2, 31, 5, 1, 3, '2025-10-19 05:47:50', '2025-10-19 05:47:50'),
(307, '5395685729135590255', '10', '2025', 2, 146, 2, 27, 5, 2, 4, '2025-10-19 05:47:50', '2025-10-19 05:47:50'),
(308, '3230036402642912164', '10', '2025', 2, 145, 2, 23, 4, 2, 3, '2025-10-19 05:47:50', '2025-10-19 05:47:50'),
(309, '2395471889547321439', '10', '2025', 2, 147, 2, 8, 3, 4, 3, '2025-10-19 05:47:50', '2025-10-19 05:47:50'),
(310, '5905571364355659328', '10', '2025', 2, 144, 2, 60, 5, 1, 3, '2025-10-19 05:47:50', '2025-10-19 05:47:50'),
(311, '2715941576451404499', '10', '2025', 14, 151, 2, 44, 6, 1, 4, '2025-10-19 05:47:50', '2025-10-19 05:47:50'),
(312, '10071000694299450524', '10', '2025', 14, 156, 2, 17, 4, 1, 2, '2025-10-19 05:47:50', '2025-10-19 05:47:50'),
(313, '3968020216983434422', '10', '2025', 14, 154, 2, 21, 5, 2, 4, '2025-10-19 05:47:50', '2025-10-19 05:47:50'),
(314, '9675245806363385449', '10', '2025', 14, 155, 2, 48, 3, 1, 1, '2025-10-19 05:47:50', '2025-10-19 05:47:50'),
(315, '17581700251697654904', '10', '2025', 14, 153, 2, 64, 6, 1, 4, '2025-10-19 05:47:50', '2025-10-19 05:47:50'),
(316, '2983477858522102736', '10', '2025', 14, 157, 2, 14, 4, 1, 2, '2025-10-19 05:47:50', '2025-10-19 05:47:50'),
(317, '10127461771003569155', '10', '2025', 14, 152, 2, 26, 6, 1, 4, '2025-10-19 05:47:50', '2025-10-19 05:47:50'),
(318, '11827385602172596862', '10', '2025', 14, 150, 2, 104, 5, 1, 3, '2025-10-19 05:47:50', '2025-10-19 05:47:50'),
(319, '8690315489835150450', '10', '2025', 14, 158, 2, 95, 4, 1, 2, '2025-10-19 05:47:50', '2025-10-19 05:47:50'),
(320, '16834758362473091046', '10', '2025', 3, 135, 2, 27, 6, 4, 6, '2025-10-19 05:47:50', '2025-10-19 05:47:50'),
(321, '17250913050662265619', '10', '2025', 3, 129, 2, 11, 3, 3, 2, '2025-10-19 05:47:50', '2025-10-19 05:47:50'),
(322, '3209112077416381938', '10', '2025', 3, 128, 2, 16, 5, 2, 4, '2025-10-19 05:47:50', '2025-10-19 05:47:50'),
(323, '4137459036091390482', '10', '2025', 3, 126, 2, 18, 5, 4, 5, '2025-10-19 05:47:50', '2025-10-19 05:47:50'),
(324, '3766672411946576056', '10', '2025', 3, 133, 2, 9, 4, 3, 3, '2025-10-19 05:47:50', '2025-10-19 05:47:50'),
(325, '329722889394485937', '10', '2025', 3, 127, 2, 15, 6, 1, 4, '2025-10-19 05:47:50', '2025-10-19 05:47:50'),
(326, '880281111063037223', '10', '2025', 3, 132, 2, 10, 4, 3, 3, '2025-10-19 05:47:50', '2025-10-19 05:47:50'),
(327, '14995562221871178540', '10', '2025', 3, 138, 2, 16, 4, 3, 3, '2025-10-19 05:47:50', '2025-10-19 05:47:50'),
(328, '3540778284818434694', '10', '2025', 3, 130, 2, 4, 3, 5, 4, '2025-10-19 05:47:50', '2025-10-19 05:47:50'),
(329, '12591380788045462667', '10', '2025', 3, 125, 2, 7, 4, 5, 5, '2025-10-19 05:47:50', '2025-10-19 05:47:50'),
(330, '784094739038907653', '10', '2025', 3, 131, 2, 18, 5, 3, 4, '2025-10-19 05:47:50', '2025-10-19 05:47:50'),
(331, '12107253411006908405', '10', '2025', 3, 134, 2, 22, 6, 6, 7, '2025-10-19 05:47:50', '2025-10-19 05:47:50'),
(332, '6507122336748155480', '10', '2025', 3, 139, 2, 11, 3, 4, 3, '2025-10-19 05:47:50', '2025-10-19 05:47:50'),
(333, '11125195768762924016', '10', '2025', 3, 136, 2, 12, 4, 5, 5, '2025-10-19 05:47:50', '2025-10-19 05:47:50'),
(334, '12839778601272350742', '10', '2025', 3, 137, 2, 14, 5, 2, 4, '2025-10-19 05:47:50', '2025-10-19 05:47:50'),
(335, '15493567155289560655', '10', '2025', 1, 106, 2, 42, 3, 1, 1, '2025-10-19 05:47:50', '2025-10-19 05:47:50'),
(336, '17033450307125757151', '10', '2025', 1, 109, 2, 82, 5, 1, 3, '2025-10-19 05:47:50', '2025-10-19 05:47:50'),
(337, '15281153190671588063', '10', '2025', 1, 110, 2, 47, 5, 1, 3, '2025-10-19 05:47:50', '2025-10-19 05:47:50'),
(338, '10372132130422000191', '10', '2025', 1, 100, 2, 45, 5, 1, 3, '2025-10-19 05:47:50', '2025-10-19 05:47:50'),
(339, '10334951314178939629', '10', '2025', 1, 99, 2, 27, 4, 1, 2, '2025-10-19 05:47:50', '2025-10-19 05:47:50'),
(340, '6967308668358200065', '10', '2025', 1, 101, 2, 11, 5, 3, 4, '2025-10-19 05:47:50', '2025-10-19 05:47:50'),
(341, '8150425407474632014', '10', '2025', 1, 111, 2, 16, 4, 3, 3, '2025-10-19 05:47:50', '2025-10-19 05:47:50'),
(342, '8911518567431523710', '10', '2025', 1, 102, 2, 111, 6, 1, 4, '2025-10-19 05:47:50', '2025-10-19 05:47:50'),
(343, '339346768983429211', '10', '2025', 1, 103, 2, 10, 3, 2, 2, '2025-10-19 05:47:50', '2025-10-19 05:47:50'),
(344, '14561265226339118512', '10', '2025', 1, 104, 2, 19, 3, 1, 1, '2025-10-19 05:47:50', '2025-10-19 05:47:50'),
(345, '7923360437788034107', '10', '2025', 1, 107, 2, 24, 4, 2, 3, '2025-10-19 05:47:50', '2025-10-19 05:47:50'),
(346, '1161402888549947868', '10', '2025', 1, 112, 2, 8, 2, 3, 2, '2025-10-19 05:47:50', '2025-10-19 05:47:50'),
(347, '14289778955570888679', '10', '2025', 1, 114, 2, 44, 4, 2, 3, '2025-10-19 05:47:50', '2025-10-19 05:47:50'),
(348, '1337030973760312548', '10', '2025', 1, 105, 2, 14, 4, 1, 2, '2025-10-19 05:47:50', '2025-10-19 05:47:50'),
(349, '1440308002257692645', '10', '2025', 1, 108, 2, 49, 5, 1, 3, '2025-10-19 05:47:50', '2025-10-19 05:47:50'),
(350, '10718561806134057057', '10', '2025', 1, 113, 2, 39, 4, 2, 3, '2025-10-19 05:47:50', '2025-10-19 05:47:50'),
(351, '6395211272295789314', '10', '2025', 16, 171, 2, 4, 2, 4, 2, '2025-10-19 05:47:50', '2025-10-19 05:47:50'),
(352, '9618843241416282844', '10', '2025', 16, 177, 2, 36, 3, 2, 2, '2025-10-19 05:47:50', '2025-10-19 05:47:50'),
(353, '9374078200019809436', '10', '2025', 16, 172, 2, 19, 3, 3, 2, '2025-10-19 05:47:50', '2025-10-19 05:47:50'),
(354, '7440923374486543964', '10', '2025', 16, 176, 2, 4, 1, 5, 2, '2025-10-19 05:47:50', '2025-10-19 05:47:50'),
(355, '4855162317245284064', '10', '2025', 16, 174, 2, 5, 1, 2, 1, '2025-10-19 05:47:50', '2025-10-19 05:47:50'),
(356, '6442280191090794766', '10', '2025', 16, 175, 2, 13, 2, 2, 1, '2025-10-19 05:47:50', '2025-10-19 05:47:50'),
(357, '7279755300268778401', '10', '2025', 16, 173, 2, 7, 2, 3, 2, '2025-10-19 05:47:50', '2025-10-19 05:47:50'),
(358, '9598000601585162265', '10', '2025', 11, 82, 2, 42, 3, 1, 1, '2025-10-19 05:47:50', '2025-10-19 05:47:50'),
(359, '14379762316669999745', '10', '2025', 11, 86, 2, 31, 4, 2, 3, '2025-10-19 05:47:50', '2025-10-19 05:47:50'),
(360, '12368299840428049051', '10', '2025', 11, 78, 2, 88, 4, 1, 2, '2025-10-19 05:47:50', '2025-10-19 05:47:50'),
(361, '3699810843882024403', '10', '2025', 11, 81, 2, 77, 4, 2, 3, '2025-10-19 05:47:50', '2025-10-19 05:47:50'),
(362, '18003621081418073533', '10', '2025', 11, 77, 2, 40, 4, 2, 3, '2025-10-19 05:47:50', '2025-10-19 05:47:50'),
(363, '10209710447665294480', '10', '2025', 11, 80, 2, 76, 4, 1, 2, '2025-10-19 05:47:50', '2025-10-19 05:47:50'),
(364, '4666665161135306394', '10', '2025', 11, 83, 2, 37, 3, 1, 1, '2025-10-19 05:47:50', '2025-10-19 05:47:50'),
(365, '4347279280722590901', '10', '2025', 11, 84, 2, 82, 3, 1, 1, '2025-10-19 05:47:50', '2025-10-19 05:47:50'),
(366, '1280361214217279063', '10', '2025', 11, 79, 2, 27, 3, 2, 2, '2025-10-19 05:47:50', '2025-10-19 05:47:50'),
(367, '1986526436504578398', '10', '2025', 11, 85, 2, 71, 3, 1, 1, '2025-10-19 05:47:50', '2025-10-19 05:47:50'),
(368, '15783146245756325104', '10', '2025', 10, 64, 3, 2, 5, 3, 7, '2025-10-19 05:52:44', '2025-10-19 05:52:44'),
(369, '13690129853791904593', '10', '2025', 10, 63, 3, 2, 5, 3, 2, '2025-10-19 05:52:44', '2025-10-19 05:52:44'),
(370, '13402385495821328873', '10', '2025', 10, 67, 3, 2, 5, 3, 7, '2025-10-19 05:52:44', '2025-10-19 05:52:44'),
(371, '6441640024994621356', '10', '2025', 10, 72, 3, 1, 5, 2, 9, '2025-10-19 05:52:44', '2025-10-19 05:52:44'),
(372, '13576585250060105046', '10', '2025', 10, 73, 3, 2, 6, 3, 16, '2025-10-19 05:52:44', '2025-10-19 05:52:44'),
(373, '16845920218225747201', '10', '2025', 10, 74, 3, 2, 6, 3, 3, '2025-10-19 05:52:44', '2025-10-19 05:52:44'),
(374, '7637216375747297882', '10', '2025', 10, 66, 3, 4, 5, 5, 13, '2025-10-19 05:52:44', '2025-10-19 05:52:44'),
(375, '12720416865104844556', '10', '2025', 10, 69, 3, 2, 5, 3, 4, '2025-10-19 05:52:44', '2025-10-19 05:52:44'),
(376, '3595784892561430764', '10', '2025', 10, 65, 3, 1, 6, 2, 6, '2025-10-19 05:52:44', '2025-10-19 05:52:44'),
(377, '730410811536807167', '10', '2025', 10, 68, 3, 2, 5, 3, 5, '2025-10-19 05:52:44', '2025-10-19 05:52:44'),
(378, '17797717720376860056', '10', '2025', 10, 71, 3, 1, 5, 2, 5, '2025-10-19 05:52:44', '2025-10-19 05:52:44'),
(379, '10030915246945241529', '10', '2025', 10, 70, 3, 3, 5, 4, 7, '2025-10-19 05:52:44', '2025-10-19 05:52:44'),
(380, '12058401140829705187', '10', '2025', 10, 75, 3, 4, 6, 5, 5, '2025-10-19 05:52:44', '2025-10-19 05:52:44'),
(381, '3256518390430269019', '10', '2025', 10, 76, 3, 2, 5, 3, 6, '2025-10-19 05:52:44', '2025-10-19 05:52:44'),
(382, '6761821872249491135', '10', '2025', 9, 48, 3, 2, 4, 2, 2, '2025-10-19 05:52:44', '2025-10-19 05:52:44'),
(383, '6532547213092770115', '10', '2025', 9, 57, 3, 1, 4, 1, 51, '2025-10-19 05:52:44', '2025-10-19 05:52:44'),
(384, '17389029972866136445', '10', '2025', 9, 62, 3, 1, 5, 2, 72, '2025-10-19 05:52:44', '2025-10-19 05:52:44'),
(385, '11467676427798977246', '10', '2025', 9, 55, 3, 1, 4, 1, 21, '2025-10-19 05:52:44', '2025-10-19 05:52:44'),
(386, '1125299501653392399', '10', '2025', 9, 52, 3, 1, 4, 1, 15, '2025-10-19 05:52:44', '2025-10-19 05:52:44'),
(387, '7625103641026516953', '10', '2025', 9, 56, 3, 3, 4, 3, 36, '2025-10-19 05:52:44', '2025-10-19 05:52:44'),
(388, '8551724414354875597', '10', '2025', 9, 53, 3, 2, 4, 2, 34, '2025-10-19 05:52:44', '2025-10-19 05:52:44'),
(389, '16634261903690736514', '10', '2025', 9, 54, 3, 1, 4, 1, 33, '2025-10-19 05:52:44', '2025-10-19 05:52:44'),
(390, '7471861513187823728', '10', '2025', 9, 47, 3, 1, 4, 1, 28, '2025-10-19 05:52:44', '2025-10-19 05:52:44'),
(391, '6188218034901317570', '10', '2025', 9, 49, 3, 1, 4, 1, 6, '2025-10-19 05:52:44', '2025-10-19 05:52:44'),
(392, '6096197881310982208', '10', '2025', 9, 51, 3, 1, 4, 1, 2, '2025-10-19 05:52:44', '2025-10-19 05:52:44'),
(393, '4277976314698422938', '10', '2025', 9, 58, 3, 1, 3, 1, 1, '2025-10-19 05:52:44', '2025-10-19 05:52:44'),
(394, '4090641547614707087', '10', '2025', 9, 50, 3, 2, 4, 2, 7, '2025-10-19 05:52:44', '2025-10-19 05:52:44'),
(395, '7401163180179605230', '10', '2025', 9, 60, 3, 3, 5, 4, 7, '2025-10-19 05:52:44', '2025-10-19 05:52:44'),
(396, '11573268518127078768', '10', '2025', 9, 61, 3, 5, 6, 6, 3, '2025-10-19 05:52:44', '2025-10-19 05:52:44'),
(397, '113354653423891992', '10', '2025', 9, 59, 3, 2, 4, 2, 0, '2025-10-19 05:52:44', '2025-10-19 05:52:44'),
(398, '15608930250070207721', '10', '2025', 4, 2, 3, 5, 5, 6, 3, '2025-10-19 05:52:44', '2025-10-19 05:52:44'),
(399, '9853261293455734229', '10', '2025', 4, 1, 3, 3, 5, 4, 6, '2025-10-19 05:52:44', '2025-10-19 05:52:44'),
(400, '9633057636270117475', '10', '2025', 4, 3, 3, 5, 3, 4, 40, '2025-10-19 05:52:44', '2025-10-19 05:52:44'),
(401, '2728455095664893558', '10', '2025', 4, 4, 3, 3, 4, 3, 14, '2025-10-19 05:52:44', '2025-10-19 05:52:44'),
(402, '11849712126449128923', '10', '2025', 4, 5, 3, 4, 5, 5, 2, '2025-10-19 05:52:44', '2025-10-19 05:52:44'),
(403, '12711930190212950368', '10', '2025', 4, 6, 3, 4, 5, 5, 5, '2025-10-19 05:52:44', '2025-10-19 05:52:44'),
(404, '7476022997169784227', '10', '2025', 4, 7, 3, 3, 5, 4, 3, '2025-10-19 05:52:44', '2025-10-19 05:52:44'),
(405, '17658945122973831109', '10', '2025', 4, 8, 3, 1, 3, 1, 7, '2025-10-19 05:52:44', '2025-10-19 05:52:44'),
(406, '1344878678070609577', '10', '2025', 4, 9, 3, 4, 5, 5, 4, '2025-10-19 05:52:44', '2025-10-19 05:52:44'),
(407, '7321235189601652767', '10', '2025', 4, 10, 3, 3, 3, 2, 11, '2025-10-19 05:52:44', '2025-10-19 05:52:44'),
(408, '10505922926049281653', '10', '2025', 4, 11, 3, 3, 4, 3, 12, '2025-10-19 05:52:44', '2025-10-19 05:52:44'),
(409, '11206464166531105871', '10', '2025', 6, 26, 3, 2, 4, 2, 2, '2025-10-19 05:52:44', '2025-10-19 05:52:44'),
(410, '8321060618754305738', '10', '2025', 6, 19, 3, 2, 4, 2, 8, '2025-10-19 05:52:44', '2025-10-19 05:52:44'),
(411, '10856728159635211865', '10', '2025', 6, 23, 3, 2, 3, 2, 4, '2025-10-19 05:52:44', '2025-10-19 05:52:44'),
(412, '6509610462663623286', '10', '2025', 6, 22, 3, 4, 4, 4, 14, '2025-10-19 05:52:44', '2025-10-19 05:52:44'),
(413, '18211766953599504693', '10', '2025', 6, 20, 3, 1, 3, 1, 2, '2025-10-19 05:52:44', '2025-10-19 05:52:44'),
(414, '14149887450751320270', '10', '2025', 6, 25, 3, 1, 3, 1, 5, '2025-10-19 05:52:44', '2025-10-19 05:52:44'),
(415, '2082430327090368239', '10', '2025', 6, 21, 3, 2, 3, 2, 14, '2025-10-19 05:52:44', '2025-10-19 05:52:44'),
(416, '8918630737117688344', '10', '2025', 6, 24, 3, 2, 3, 2, 14, '2025-10-19 05:52:44', '2025-10-19 05:52:44'),
(417, '15571324159070506816', '10', '2025', 13, 116, 3, 1, 3, 1, 2, '2025-10-19 05:52:44', '2025-10-19 05:52:44'),
(418, '9869504441497735471', '10', '2025', 13, 115, 3, 1, 3, 1, 3, '2025-10-19 05:52:44', '2025-10-19 05:52:44'),
(419, '13713935330418317981', '10', '2025', 13, 123, 3, 3, 4, 3, 27, '2025-10-19 05:52:44', '2025-10-19 05:52:44'),
(420, '8276582260319689599', '10', '2025', 13, 120, 3, 1, 3, 1, 28, '2025-10-19 05:52:44', '2025-10-19 05:52:44'),
(421, '10012152057070363138', '10', '2025', 13, 122, 3, 1, 2, 1, 7, '2025-10-19 05:52:44', '2025-10-19 05:52:44'),
(422, '2672794954388581802', '10', '2025', 13, 124, 3, 2, 4, 2, 29, '2025-10-19 05:52:44', '2025-10-19 05:52:44'),
(423, '7819077640657655087', '10', '2025', 13, 121, 3, 2, 5, 3, 37, '2025-10-19 05:52:44', '2025-10-19 05:52:44'),
(424, '7361756829136270169', '10', '2025', 13, 117, 3, 1, 5, 2, 17, '2025-10-19 05:52:44', '2025-10-19 05:52:44'),
(425, '17835930360823036243', '10', '2025', 13, 118, 3, 2, 6, 3, 3, '2025-10-19 05:52:44', '2025-10-19 05:52:44'),
(426, '12669826946883830211', '10', '2025', 13, 119, 3, 4, 7, 6, 21, '2025-10-19 05:52:44', '2025-10-19 05:52:44'),
(427, '4023382833221946879', '10', '2025', 5, 13, 3, 5, 3, 4, 24, '2025-10-19 05:52:44', '2025-10-19 05:52:44'),
(428, '9687535917813629547', '10', '2025', 5, 16, 3, 5, 4, 5, 8, '2025-10-19 05:52:44', '2025-10-19 05:52:44'),
(429, '5736937590354162417', '10', '2025', 5, 14, 3, 6, 5, 6, 8, '2025-10-19 05:52:44', '2025-10-19 05:52:44'),
(430, '14230726251793346017', '10', '2025', 5, 12, 3, 3, 3, 2, 7, '2025-10-19 05:52:44', '2025-10-19 05:52:44'),
(431, '3551070884064312618', '10', '2025', 5, 15, 3, 2, 1, 1, 14, '2025-10-19 05:52:44', '2025-10-19 05:52:44'),
(432, '12879829918109976925', '10', '2025', 5, 18, 3, 2, 3, 2, 14, '2025-10-19 05:52:44', '2025-10-19 05:52:44'),
(433, '16585546493523608995', '10', '2025', 5, 17, 3, 5, 3, 4, 9, '2025-10-19 05:52:44', '2025-10-19 05:52:44'),
(434, '1256613237690533176', '10', '2025', 15, 165, 3, 6, 5, 6, 8, '2025-10-19 05:52:44', '2025-10-19 05:52:44'),
(435, '9372637159946778285', '10', '2025', 15, 164, 3, 7, 5, 7, 51, '2025-10-19 05:52:44', '2025-10-19 05:52:44'),
(436, '17780315984770566633', '10', '2025', 15, 162, 3, 1, 3, 1, 53, '2025-10-19 05:52:44', '2025-10-19 05:52:44'),
(437, '3363363830778514295', '10', '2025', 15, 170, 3, 1, 5, 2, 31, '2025-10-19 05:52:44', '2025-10-19 05:52:44'),
(438, '7766415009629336461', '10', '2025', 15, 159, 3, 2, 4, 2, 5, '2025-10-19 05:52:44', '2025-10-19 05:52:44'),
(439, '13480532688209866951', '10', '2025', 15, 163, 3, 4, 4, 4, 11, '2025-10-19 05:52:44', '2025-10-19 05:52:44'),
(440, '4014816415515074987', '10', '2025', 15, 168, 3, 6, 5, 6, 6, '2025-10-19 05:52:44', '2025-10-19 05:52:44'),
(441, '10502027486019821165', '10', '2025', 15, 166, 3, 3, 4, 3, 15, '2025-10-19 05:52:44', '2025-10-19 05:52:44'),
(442, '2879159743043548344', '10', '2025', 15, 160, 3, 2, 4, 2, 7, '2025-10-19 05:52:44', '2025-10-19 05:52:44'),
(443, '2936602120704480627', '10', '2025', 15, 169, 3, 6, 6, 7, 3, '2025-10-19 05:52:44', '2025-10-19 05:52:44'),
(444, '314173952009577518', '10', '2025', 15, 161, 3, 2, 4, 2, 5, '2025-10-19 05:52:44', '2025-10-19 05:52:44'),
(445, '2972095931434946813', '10', '2025', 15, 167, 3, 5, 6, 6, 16, '2025-10-19 05:52:44', '2025-10-19 05:52:44'),
(446, '16378188912391977724', '10', '2025', 12, 87, 3, 3, 5, 4, 5, '2025-10-19 05:52:44', '2025-10-19 05:52:44'),
(447, '323765236799138686', '10', '2025', 12, 91, 3, 3, 7, 5, 3, '2025-10-19 05:52:44', '2025-10-19 05:52:44'),
(448, '4134609248678791657', '10', '2025', 12, 95, 3, 3, 6, 4, 6, '2025-10-19 05:52:44', '2025-10-19 05:52:44'),
(449, '7195820654209865300', '10', '2025', 12, 94, 3, 3, 6, 4, 4, '2025-10-19 05:52:44', '2025-10-19 05:52:44'),
(450, '2515094395110887675', '10', '2025', 12, 92, 3, 2, 5, 3, 18, '2025-10-19 05:52:44', '2025-10-19 05:52:44'),
(451, '8997325331650247546', '10', '2025', 12, 96, 3, 4, 6, 5, 16, '2025-10-19 05:52:44', '2025-10-19 05:52:44'),
(452, '11240051684496584287', '10', '2025', 12, 93, 3, 4, 6, 5, 1, '2025-10-19 05:52:44', '2025-10-19 05:52:44'),
(453, '17708064200985444529', '10', '2025', 12, 90, 3, 3, 5, 4, 2, '2025-10-19 05:52:44', '2025-10-19 05:52:44'),
(454, '688707056277773277', '10', '2025', 12, 88, 3, 2, 4, 2, 1, '2025-10-19 05:52:44', '2025-10-19 05:52:44'),
(455, '5941722768346925640', '10', '2025', 12, 97, 3, 5, 7, 7, 1, '2025-10-19 05:52:44', '2025-10-19 05:52:44'),
(456, '6838761210908812073', '10', '2025', 12, 98, 3, 3, 6, 4, 2, '2025-10-19 05:52:44', '2025-10-19 05:52:44'),
(457, '13704694178390507988', '10', '2025', 12, 89, 3, 7, 7, 7, 9, '2025-10-19 05:52:44', '2025-10-19 05:52:44'),
(458, '2865875442911830890', '10', '2025', 8, 41, 3, 1, 4, 1, 13, '2025-10-19 05:52:44', '2025-10-19 05:52:44');
INSERT INTO `data` (`id`, `uuid`, `bulan`, `tahun`, `kecamatan_id`, `kelurahan_id`, `jenis_kasus_id`, `keterpaparan`, `kerentanan`, `potensial_dampak`, `jumlah_kasus`, `created_at`, `updated_at`) VALUES
(459, '7521897243515754961', '10', '2025', 8, 37, 3, 1, 3, 1, 6, '2025-10-19 05:52:44', '2025-10-19 05:52:44'),
(460, '15567726025858745001', '10', '2025', 8, 38, 3, 7, 5, 7, 6, '2025-10-19 05:52:44', '2025-10-19 05:52:44'),
(461, '4950863434395275331', '10', '2025', 8, 34, 3, 6, 4, 6, 2, '2025-10-19 05:52:44', '2025-10-19 05:52:44'),
(462, '7468731561011776724', '10', '2025', 8, 35, 3, 6, 5, 6, 10, '2025-10-19 05:52:44', '2025-10-19 05:52:44'),
(463, '11019147576472138128', '10', '2025', 8, 43, 3, 3, 5, 4, 7, '2025-10-19 05:52:44', '2025-10-19 05:52:44'),
(464, '17624862160976539548', '10', '2025', 8, 42, 3, 3, 5, 4, 4, '2025-10-19 05:52:44', '2025-10-19 05:52:44'),
(465, '11422762072023424007', '10', '2025', 8, 40, 3, 3, 4, 3, 4, '2025-10-19 05:52:44', '2025-10-19 05:52:44'),
(466, '15135039347638423220', '10', '2025', 8, 39, 3, 5, 5, 6, 14, '2025-10-19 05:52:44', '2025-10-19 05:52:44'),
(467, '11182940573802265185', '10', '2025', 8, 36, 3, 5, 4, 5, 9, '2025-10-19 05:52:44', '2025-10-19 05:52:44'),
(468, '6736971422489689030', '10', '2025', 8, 46, 3, 1, 4, 1, 9, '2025-10-19 05:52:44', '2025-10-19 05:52:44'),
(469, '8651046280904186463', '10', '2025', 8, 45, 3, 1, 4, 1, 8, '2025-10-19 05:52:44', '2025-10-19 05:52:44'),
(470, '5810922711307528507', '10', '2025', 8, 44, 3, 1, 4, 1, 8, '2025-10-19 05:52:44', '2025-10-19 05:52:44'),
(471, '15414399878295326137', '10', '2025', 7, 29, 3, 3, 5, 4, 4, '2025-10-19 05:52:44', '2025-10-19 05:52:44'),
(472, '14387974356394528961', '10', '2025', 7, 27, 3, 3, 5, 4, 7, '2025-10-19 05:52:44', '2025-10-19 05:52:44'),
(473, '3434028885745368875', '10', '2025', 7, 32, 3, 3, 4, 3, 8, '2025-10-19 05:52:44', '2025-10-19 05:52:44'),
(474, '6240837582201655451', '10', '2025', 7, 30, 3, 3, 5, 4, 8, '2025-10-19 05:52:44', '2025-10-19 05:52:44'),
(475, '3468515578046818120', '10', '2025', 7, 31, 3, 4, 5, 5, 4, '2025-10-19 05:52:44', '2025-10-19 05:52:44'),
(476, '10823598829557087102', '10', '2025', 7, 28, 3, 4, 4, 4, 9, '2025-10-19 05:52:44', '2025-10-19 05:52:44'),
(477, '2329674560068209687', '10', '2025', 7, 33, 3, 3, 5, 4, 3, '2025-10-19 05:52:44', '2025-10-19 05:52:44'),
(478, '13838496498314295855', '10', '2025', 2, 142, 3, 1, 4, 1, 7, '2025-10-19 05:52:44', '2025-10-19 05:52:44'),
(479, '6103017339832162144', '10', '2025', 2, 141, 3, 1, 5, 2, 9, '2025-10-19 05:52:44', '2025-10-19 05:52:44'),
(480, '10920502757332882094', '10', '2025', 2, 148, 3, 3, 6, 4, 4, '2025-10-19 05:52:44', '2025-10-19 05:52:44'),
(481, '10897443294829592095', '10', '2025', 2, 149, 3, 2, 6, 3, 5, '2025-10-19 05:52:44', '2025-10-19 05:52:44'),
(482, '10509611041527359182', '10', '2025', 2, 143, 3, 1, 6, 2, 17, '2025-10-19 05:52:44', '2025-10-19 05:52:44'),
(483, '4719963645429324872', '10', '2025', 2, 140, 3, 2, 7, 4, 19, '2025-10-19 05:52:44', '2025-10-19 05:52:44'),
(484, '13442904131348770545', '10', '2025', 2, 146, 3, 1, 7, 3, 1, '2025-10-19 05:52:44', '2025-10-19 05:52:44'),
(485, '2400246789577982285', '10', '2025', 2, 145, 3, 3, 6, 4, 0, '2025-10-19 05:52:44', '2025-10-19 05:52:44'),
(486, '8244569442420781101', '10', '2025', 2, 147, 3, 2, 4, 2, 2, '2025-10-19 05:52:44', '2025-10-19 05:52:44'),
(487, '80388896411345296', '10', '2025', 2, 144, 3, 6, 6, 7, 2, '2025-10-19 05:52:44', '2025-10-19 05:52:44'),
(488, '16449915736281129357', '10', '2025', 14, 151, 3, 6, 5, 6, 2, '2025-10-19 05:52:44', '2025-10-19 05:52:44'),
(489, '9452458760173856781', '10', '2025', 14, 156, 3, 5, 4, 5, 6, '2025-10-19 05:52:44', '2025-10-19 05:52:44'),
(490, '3822878986079666434', '10', '2025', 14, 154, 3, 4, 4, 4, 9, '2025-10-19 05:52:44', '2025-10-19 05:52:44'),
(491, '7127970933267622210', '10', '2025', 14, 155, 3, 2, 4, 2, 9, '2025-10-19 05:52:44', '2025-10-19 05:52:44'),
(492, '2345321566881281678', '10', '2025', 14, 153, 3, 5, 4, 5, 20, '2025-10-19 05:52:44', '2025-10-19 05:52:44'),
(493, '4075027658767342580', '10', '2025', 14, 157, 3, 5, 4, 5, 6, '2025-10-19 05:52:44', '2025-10-19 05:52:44'),
(494, '10425765145384004663', '10', '2025', 14, 152, 3, 4, 4, 4, 6, '2025-10-19 05:52:44', '2025-10-19 05:52:44'),
(495, '1555613843251637277', '10', '2025', 14, 150, 3, 6, 6, 7, 8, '2025-10-19 05:52:44', '2025-10-19 05:52:44'),
(496, '5822913662284613587', '10', '2025', 14, 158, 3, 7, 5, 7, 8, '2025-10-19 05:52:44', '2025-10-19 05:52:44'),
(497, '955306338170572464', '10', '2025', 3, 135, 3, 1, 4, 1, 4, '2025-10-19 05:52:44', '2025-10-19 05:52:44'),
(498, '11408499729353054520', '10', '2025', 3, 129, 3, 2, 4, 2, 2, '2025-10-19 05:52:44', '2025-10-19 05:52:44'),
(499, '10663900402779947884', '10', '2025', 3, 128, 3, 2, 4, 2, 1, '2025-10-19 05:52:44', '2025-10-19 05:52:44'),
(500, '6194928034006235933', '10', '2025', 3, 126, 3, 1, 3, 1, 2, '2025-10-19 05:52:44', '2025-10-19 05:52:44'),
(501, '2919096243864266840', '10', '2025', 3, 133, 3, 1, 4, 1, 1, '2025-10-19 05:52:44', '2025-10-19 05:52:44'),
(502, '13290724914294240025', '10', '2025', 3, 127, 3, 2, 4, 2, 2, '2025-10-19 05:52:44', '2025-10-19 05:52:44'),
(503, '13786104022015029931', '10', '2025', 3, 132, 3, 1, 2, 1, 1, '2025-10-19 05:52:44', '2025-10-19 05:52:44'),
(504, '447753298425803809', '10', '2025', 3, 138, 3, 2, 2, 1, 1, '2025-10-19 05:52:44', '2025-10-19 05:52:44'),
(505, '1126028764963682825', '10', '2025', 3, 130, 3, 2, 1, 1, 1, '2025-10-19 05:52:44', '2025-10-19 05:52:44'),
(506, '2713323402640122653', '10', '2025', 3, 125, 3, 1, 1, 1, 1, '2025-10-19 05:52:44', '2025-10-19 05:52:44'),
(507, '11454378525067918693', '10', '2025', 3, 131, 3, 3, 2, 2, 1, '2025-10-19 05:52:44', '2025-10-19 05:52:44'),
(508, '9085899760934216394', '10', '2025', 3, 134, 3, 2, 1, 1, 2, '2025-10-19 05:52:44', '2025-10-19 05:52:44'),
(509, '11647305230483187383', '10', '2025', 3, 139, 3, 2, 3, 2, 5, '2025-10-19 05:52:44', '2025-10-19 05:52:44'),
(510, '10573218242090004702', '10', '2025', 3, 136, 3, 1, 1, 1, 11, '2025-10-19 05:52:44', '2025-10-19 05:52:44'),
(511, '2844326814063136835', '10', '2025', 3, 137, 3, 4, 4, 4, 4, '2025-10-19 05:52:44', '2025-10-19 05:52:44'),
(512, '571786594365735367', '10', '2025', 1, 106, 3, 7, 5, 7, 5, '2025-10-19 05:52:44', '2025-10-19 05:52:44'),
(513, '7965598108280648539', '10', '2025', 1, 109, 3, 6, 5, 6, 5, '2025-10-19 05:52:44', '2025-10-19 05:52:44'),
(514, '15142633680326363172', '10', '2025', 1, 110, 3, 6, 5, 6, 2, '2025-10-19 05:52:44', '2025-10-19 05:52:44'),
(515, '12370784665306116879', '10', '2025', 1, 100, 3, 5, 4, 5, 6, '2025-10-19 05:52:44', '2025-10-19 05:52:44'),
(516, '13855730852231609502', '10', '2025', 1, 99, 3, 3, 5, 4, 5, '2025-10-19 05:52:44', '2025-10-19 05:52:44'),
(517, '12764439147827165772', '10', '2025', 1, 101, 3, 1, 4, 1, 4, '2025-10-19 05:52:44', '2025-10-19 05:52:44'),
(518, '17024186642253301720', '10', '2025', 1, 111, 3, 1, 5, 2, 7, '2025-10-19 05:52:44', '2025-10-19 05:52:44'),
(519, '14563257427609797146', '10', '2025', 1, 102, 3, 6, 6, 7, 7, '2025-10-19 05:52:44', '2025-10-19 05:52:44'),
(520, '17385262924707467830', '10', '2025', 1, 103, 3, 1, 5, 2, 10, '2025-10-19 05:52:44', '2025-10-19 05:52:44'),
(521, '13419150534030759831', '10', '2025', 1, 104, 3, 3, 4, 3, 5, '2025-10-19 05:52:44', '2025-10-19 05:52:44'),
(522, '2316766381774771175', '10', '2025', 1, 107, 3, 2, 2, 1, 1, '2025-10-19 05:52:44', '2025-10-19 05:52:44'),
(523, '687351438510461982', '10', '2025', 1, 112, 3, 1, 4, 1, 3, '2025-10-19 05:52:44', '2025-10-19 05:52:44'),
(524, '14519804214095535717', '10', '2025', 1, 114, 3, 4, 6, 5, 9, '2025-10-19 05:52:44', '2025-10-19 05:52:44'),
(525, '15943506987208199669', '10', '2025', 1, 105, 3, 1, 5, 2, 4, '2025-10-19 05:52:44', '2025-10-19 05:52:44'),
(526, '7693329423432378237', '10', '2025', 1, 108, 3, 5, 6, 6, 4, '2025-10-19 05:52:44', '2025-10-19 05:52:44'),
(527, '9282797033913405990', '10', '2025', 1, 113, 3, 4, 5, 5, 5, '2025-10-19 05:52:44', '2025-10-19 05:52:44'),
(528, '3318387865157853995', '10', '2025', 16, 171, 3, 1, 4, 1, 10, '2025-10-19 05:52:44', '2025-10-19 05:52:44'),
(529, '4926744129938885434', '10', '2025', 16, 177, 3, 3, 4, 3, 24, '2025-10-19 05:52:44', '2025-10-19 05:52:44'),
(530, '13408952748421526711', '10', '2025', 16, 172, 3, 3, 4, 3, 6, '2025-10-19 05:52:44', '2025-10-19 05:52:44'),
(531, '1339136415942165810', '10', '2025', 16, 176, 3, 2, 4, 2, 10, '2025-10-19 05:52:44', '2025-10-19 05:52:44'),
(532, '8658075583373987444', '10', '2025', 16, 174, 3, 2, 5, 3, 7, '2025-10-19 05:52:44', '2025-10-19 05:52:44'),
(533, '4580989900048389873', '10', '2025', 16, 175, 3, 3, 5, 4, 1, '2025-10-19 05:52:44', '2025-10-19 05:52:44'),
(534, '5449329485117967056', '10', '2025', 16, 173, 3, 2, 5, 3, 1, '2025-10-19 05:52:44', '2025-10-19 05:52:44'),
(535, '18029078700135374961', '10', '2025', 11, 82, 3, 3, 4, 3, 4, '2025-10-19 05:52:44', '2025-10-19 05:52:44'),
(536, '1291147047458533808', '10', '2025', 11, 86, 3, 2, 4, 2, 3, '2025-10-19 05:52:44', '2025-10-19 05:52:44'),
(537, '6967786662000386301', '10', '2025', 11, 78, 3, 4, 5, 5, 4, '2025-10-19 05:52:44', '2025-10-19 05:52:44'),
(538, '1374635295949250453', '10', '2025', 11, 81, 3, 3, 5, 4, 4, '2025-10-19 05:52:44', '2025-10-19 05:52:44'),
(539, '6901166565602399832', '10', '2025', 11, 77, 3, 2, 4, 2, 7, '2025-10-19 05:52:44', '2025-10-19 05:52:44'),
(540, '778775969956808149', '10', '2025', 11, 80, 3, 5, 4, 5, 9, '2025-10-19 05:52:44', '2025-10-19 05:52:44'),
(541, '13314143424023336470', '10', '2025', 11, 83, 3, 3, 3, 2, 12, '2025-10-19 05:52:44', '2025-10-19 05:52:44'),
(542, '10963670816604948086', '10', '2025', 11, 84, 3, 5, 5, 6, 5, '2025-10-19 05:52:44', '2025-10-19 05:52:44'),
(543, '795936084540432274', '10', '2025', 11, 79, 3, 2, 5, 3, 10, '2025-10-19 05:52:44', '2025-10-19 05:52:44'),
(544, '8194872104421577907', '10', '2025', 11, 85, 3, 7, 4, 7, 6, '2025-10-19 05:52:44', '2025-10-19 05:52:44'),
(545, '15271779023310066531', '10', '2025', 10, 64, 4, 2, 2, 1, 5, '2025-10-19 05:56:21', '2025-10-19 05:56:21'),
(546, '8131521501661436152', '10', '2025', 10, 63, 4, 2, 2, 1, 5, '2025-10-19 05:56:21', '2025-10-19 05:56:21'),
(547, '7682068544191955963', '10', '2025', 10, 67, 4, 3, 2, 2, 7, '2025-10-19 05:56:21', '2025-10-19 05:56:21'),
(548, '7524931871954809304', '10', '2025', 10, 72, 4, 1, 2, 1, 4, '2025-10-19 05:56:21', '2025-10-19 05:56:21'),
(549, '5967558691817015158', '10', '2025', 10, 73, 4, 2, 2, 1, 5, '2025-10-19 05:56:21', '2025-10-19 05:56:21'),
(550, '11895505248037000130', '10', '2025', 10, 74, 4, 2, 2, 1, 5, '2025-10-19 05:56:21', '2025-10-19 05:56:21'),
(551, '8359133451769468762', '10', '2025', 10, 66, 4, 3, 4, 3, 10, '2025-10-19 05:56:21', '2025-10-19 05:56:21'),
(552, '17982267774467772604', '10', '2025', 10, 69, 4, 1, 3, 1, 5, '2025-10-19 05:56:21', '2025-10-19 05:56:21'),
(553, '8359447654228197821', '10', '2025', 10, 65, 4, 1, 2, 1, 4, '2025-10-19 05:56:21', '2025-10-19 05:56:21'),
(554, '1304244984834482873', '10', '2025', 10, 68, 4, 2, 3, 2, 7, '2025-10-19 05:56:21', '2025-10-19 05:56:21'),
(555, '10456638476037902728', '10', '2025', 10, 71, 4, 1, 1, 1, 3, '2025-10-19 05:56:21', '2025-10-19 05:56:21'),
(556, '6598671691713221738', '10', '2025', 10, 70, 4, 4, 3, 3, 10, '2025-10-19 05:56:21', '2025-10-19 05:56:21'),
(557, '3038847028147309116', '10', '2025', 10, 75, 4, 3, 4, 3, 10, '2025-10-19 05:56:21', '2025-10-19 05:56:21'),
(558, '11078479773063557036', '10', '2025', 10, 76, 4, 2, 2, 1, 5, '2025-10-19 05:56:21', '2025-10-19 05:56:21'),
(559, '5691342533214368245', '10', '2025', 9, 48, 4, 2, 3, 2, 7, '2025-10-19 05:56:21', '2025-10-19 05:56:21'),
(560, '16190706295496059982', '10', '2025', 9, 57, 4, 1, 2, 1, 4, '2025-10-19 05:56:21', '2025-10-19 05:56:21'),
(561, '10489832718816533666', '10', '2025', 9, 62, 4, 1, 3, 1, 5, '2025-10-19 05:56:21', '2025-10-19 05:56:21'),
(562, '6197727509132005839', '10', '2025', 9, 55, 4, 1, 2, 1, 4, '2025-10-19 05:56:21', '2025-10-19 05:56:21'),
(563, '10809560347347313954', '10', '2025', 9, 52, 4, 1, 2, 1, 4, '2025-10-19 05:56:21', '2025-10-19 05:56:21'),
(564, '1343450149767177921', '10', '2025', 9, 56, 4, 1, 4, 1, 6, '2025-10-19 05:56:21', '2025-10-19 05:56:21'),
(565, '8679007183488203209', '10', '2025', 9, 53, 4, 2, 4, 2, 8, '2025-10-19 05:56:21', '2025-10-19 05:56:21'),
(566, '286251073436433', '10', '2025', 9, 54, 4, 1, 2, 1, 4, '2025-10-19 05:56:21', '2025-10-19 05:56:21'),
(567, '14345597959045559849', '10', '2025', 9, 47, 4, 1, 1, 1, 3, '2025-10-19 05:56:21', '2025-10-19 05:56:21'),
(568, '15374405036798553389', '10', '2025', 9, 49, 4, 1, 1, 1, 3, '2025-10-19 05:56:21', '2025-10-19 05:56:21'),
(569, '4384604890373354924', '10', '2025', 9, 51, 4, 1, 2, 1, 4, '2025-10-19 05:56:21', '2025-10-19 05:56:21'),
(570, '695801537454444335', '10', '2025', 9, 58, 4, 1, 2, 1, 4, '2025-10-19 05:56:21', '2025-10-19 05:56:21'),
(571, '15471632515981962537', '10', '2025', 9, 50, 4, 1, 3, 1, 5, '2025-10-19 05:56:21', '2025-10-19 05:56:21'),
(572, '17987419528582799390', '10', '2025', 9, 60, 4, 2, 4, 2, 8, '2025-10-19 05:56:21', '2025-10-19 05:56:21'),
(573, '11472050303713766319', '10', '2025', 9, 61, 4, 4, 6, 5, 15, '2025-10-19 05:56:21', '2025-10-19 05:56:21'),
(574, '2336171867432210066', '10', '2025', 9, 59, 4, 1, 3, 1, 5, '2025-10-19 05:56:21', '2025-10-19 05:56:21'),
(575, '11315092269008386884', '10', '2025', 4, 2, 4, 2, 7, 4, 13, '2025-10-19 05:56:21', '2025-10-19 05:56:21'),
(576, '14316001095762551843', '10', '2025', 4, 1, 4, 1, 4, 1, 6, '2025-10-19 05:56:21', '2025-10-19 05:56:21'),
(577, '3884560976742411103', '10', '2025', 4, 3, 4, 6, 3, 5, 14, '2025-10-19 05:56:21', '2025-10-19 05:56:21'),
(578, '9899157758701693030', '10', '2025', 4, 4, 4, 5, 4, 5, 14, '2025-10-19 05:56:21', '2025-10-19 05:56:21'),
(579, '14818201970911482673', '10', '2025', 4, 5, 4, 4, 4, 4, 12, '2025-10-19 05:56:21', '2025-10-19 05:56:21'),
(580, '6108621673272376899', '10', '2025', 4, 6, 4, 5, 4, 5, 14, '2025-10-19 05:56:21', '2025-10-19 05:56:21'),
(581, '3237373499599680880', '10', '2025', 4, 7, 4, 3, 4, 3, 10, '2025-10-19 05:56:21', '2025-10-19 05:56:21'),
(582, '15102232213424528791', '10', '2025', 4, 8, 4, 2, 3, 2, 7, '2025-10-19 05:56:21', '2025-10-19 05:56:21'),
(583, '8442803906781492342', '10', '2025', 4, 9, 4, 5, 4, 5, 14, '2025-10-19 05:56:21', '2025-10-19 05:56:21'),
(584, '10704214268700635438', '10', '2025', 4, 10, 4, 4, 4, 4, 12, '2025-10-19 05:56:21', '2025-10-19 05:56:21'),
(585, '826743192224082126', '10', '2025', 4, 11, 4, 5, 5, 6, 16, '2025-10-19 05:56:21', '2025-10-19 05:56:21'),
(586, '8595891135808209815', '10', '2025', 6, 26, 4, 1, 3, 1, 5, '2025-10-19 05:56:21', '2025-10-19 05:56:21'),
(587, '6578825986561746498', '10', '2025', 6, 19, 4, 2, 1, 1, 4, '2025-10-19 05:56:21', '2025-10-19 05:56:21'),
(588, '12856211488591366060', '10', '2025', 6, 23, 4, 2, 2, 1, 5, '2025-10-19 05:56:21', '2025-10-19 05:56:21'),
(589, '14077075493025193619', '10', '2025', 6, 22, 4, 3, 3, 2, 8, '2025-10-19 05:56:21', '2025-10-19 05:56:21'),
(590, '7914820066194431949', '10', '2025', 6, 20, 4, 1, 2, 1, 4, '2025-10-19 05:56:21', '2025-10-19 05:56:21'),
(591, '6016675886640912604', '10', '2025', 6, 25, 4, 1, 2, 1, 4, '2025-10-19 05:56:21', '2025-10-19 05:56:21'),
(592, '3306907231130610593', '10', '2025', 6, 21, 4, 1, 1, 1, 3, '2025-10-19 05:56:21', '2025-10-19 05:56:21'),
(593, '17702795202044347722', '10', '2025', 6, 24, 4, 1, 1, 1, 3, '2025-10-19 05:56:21', '2025-10-19 05:56:21'),
(594, '17086519859800903302', '10', '2025', 13, 116, 4, 3, 1, 1, 5, '2025-10-19 05:56:21', '2025-10-19 05:56:21'),
(595, '2740258664229677592', '10', '2025', 13, 115, 4, 2, 2, 1, 5, '2025-10-19 05:56:21', '2025-10-19 05:56:21'),
(596, '13800760481351134326', '10', '2025', 13, 123, 4, 4, 2, 3, 9, '2025-10-19 05:56:21', '2025-10-19 05:56:21'),
(597, '14491145482640434630', '10', '2025', 13, 120, 4, 2, 2, 1, 5, '2025-10-19 05:56:21', '2025-10-19 05:56:21'),
(598, '516508770592263319', '10', '2025', 13, 122, 4, 2, 2, 1, 5, '2025-10-19 05:56:21', '2025-10-19 05:56:21'),
(599, '13067486091522351519', '10', '2025', 13, 124, 4, 4, 3, 3, 10, '2025-10-19 05:56:21', '2025-10-19 05:56:21'),
(600, '1235642542200246498', '10', '2025', 13, 121, 4, 4, 3, 3, 10, '2025-10-19 05:56:21', '2025-10-19 05:56:21'),
(601, '8936595003909923530', '10', '2025', 13, 117, 4, 1, 2, 1, 4, '2025-10-19 05:56:21', '2025-10-19 05:56:21'),
(602, '5151764240592914777', '10', '2025', 13, 118, 4, 3, 2, 2, 7, '2025-10-19 05:56:21', '2025-10-19 05:56:21'),
(603, '2536864853699421659', '10', '2025', 13, 119, 4, 4, 5, 5, 14, '2025-10-19 05:56:21', '2025-10-19 05:56:21'),
(604, '17511145518043699772', '10', '2025', 5, 13, 4, 4, 3, 3, 10, '2025-10-19 05:56:21', '2025-10-19 05:56:21'),
(605, '7800282375951545212', '10', '2025', 5, 16, 4, 4, 3, 3, 10, '2025-10-19 05:56:21', '2025-10-19 05:56:21'),
(606, '3402805404237630423', '10', '2025', 5, 14, 4, 6, 5, 6, 17, '2025-10-19 05:56:21', '2025-10-19 05:56:21'),
(607, '8870848567380719683', '10', '2025', 5, 12, 4, 5, 3, 4, 12, '2025-10-19 05:56:21', '2025-10-19 05:56:21'),
(608, '4199072666130379797', '10', '2025', 5, 15, 4, 2, 1, 1, 4, '2025-10-19 05:56:21', '2025-10-19 05:56:21'),
(609, '13126255533610041886', '10', '2025', 5, 18, 4, 2, 3, 2, 7, '2025-10-19 05:56:21', '2025-10-19 05:56:21'),
(610, '9657259294527892390', '10', '2025', 5, 17, 4, 5, 3, 4, 12, '2025-10-19 05:56:21', '2025-10-19 05:56:21'),
(611, '10695367054450627355', '10', '2025', 15, 165, 4, 5, 4, 5, 14, '2025-10-19 05:56:21', '2025-10-19 05:56:21'),
(612, '16729416616357531527', '10', '2025', 15, 164, 4, 5, 7, 7, 19, '2025-10-19 05:56:21', '2025-10-19 05:56:21'),
(613, '6689561439607373615', '10', '2025', 15, 162, 4, 1, 2, 1, 4, '2025-10-19 05:56:21', '2025-10-19 05:56:21'),
(614, '18128440230881696429', '10', '2025', 15, 170, 4, 1, 2, 1, 4, '2025-10-19 05:56:21', '2025-10-19 05:56:21'),
(615, '17833182315515854955', '10', '2025', 15, 159, 4, 1, 3, 1, 5, '2025-10-19 05:56:21', '2025-10-19 05:56:21'),
(616, '17428219316843765616', '10', '2025', 15, 163, 4, 1, 2, 1, 4, '2025-10-19 05:56:21', '2025-10-19 05:56:21'),
(617, '2295899372438695519', '10', '2025', 15, 168, 4, 3, 5, 4, 12, '2025-10-19 05:56:21', '2025-10-19 05:56:21'),
(618, '11776245846833503264', '10', '2025', 15, 166, 4, 1, 4, 1, 6, '2025-10-19 05:56:21', '2025-10-19 05:56:21'),
(619, '2623245477783331801', '10', '2025', 15, 160, 4, 1, 1, 1, 3, '2025-10-19 05:56:21', '2025-10-19 05:56:21'),
(620, '1845742131915752904', '10', '2025', 15, 169, 4, 3, 6, 4, 13, '2025-10-19 05:56:21', '2025-10-19 05:56:21'),
(621, '8612970880225869360', '10', '2025', 15, 161, 4, 1, 3, 1, 5, '2025-10-19 05:56:21', '2025-10-19 05:56:21'),
(622, '42023371307576679', '10', '2025', 15, 167, 4, 1, 5, 2, 8, '2025-10-19 05:56:21', '2025-10-19 05:56:21'),
(623, '3663794093870706138', '10', '2025', 12, 87, 4, 1, 4, 1, 6, '2025-10-19 05:56:21', '2025-10-19 05:56:21'),
(624, '17264985151222153634', '10', '2025', 12, 91, 4, 2, 3, 2, 7, '2025-10-19 05:56:21', '2025-10-19 05:56:21'),
(625, '13741022914001532821', '10', '2025', 12, 95, 4, 2, 4, 2, 8, '2025-10-19 05:56:21', '2025-10-19 05:56:21'),
(626, '2063081704833713936', '10', '2025', 12, 94, 4, 1, 2, 1, 4, '2025-10-19 05:56:21', '2025-10-19 05:56:21'),
(627, '8546041086691721106', '10', '2025', 12, 92, 4, 2, 3, 2, 7, '2025-10-19 05:56:21', '2025-10-19 05:56:21'),
(628, '9527975676620509314', '10', '2025', 12, 96, 4, 5, 5, 6, 16, '2025-10-19 05:56:21', '2025-10-19 05:56:21'),
(629, '17729813287592750788', '10', '2025', 12, 93, 4, 3, 5, 4, 12, '2025-10-19 05:56:21', '2025-10-19 05:56:21'),
(630, '856534512025414817', '10', '2025', 12, 90, 4, 6, 5, 6, 17, '2025-10-19 05:56:21', '2025-10-19 05:56:21'),
(631, '14435758250775893348', '10', '2025', 12, 88, 4, 1, 3, 1, 5, '2025-10-19 05:56:21', '2025-10-19 05:56:21'),
(632, '5121287833271713606', '10', '2025', 12, 97, 4, 2, 7, 4, 13, '2025-10-19 05:56:21', '2025-10-19 05:56:21'),
(633, '9587261335820622187', '10', '2025', 12, 98, 4, 4, 4, 4, 12, '2025-10-19 05:56:21', '2025-10-19 05:56:21'),
(634, '7956783782272457594', '10', '2025', 12, 89, 4, 3, 7, 5, 15, '2025-10-19 05:56:21', '2025-10-19 05:56:21'),
(635, '5938426348752392834', '10', '2025', 8, 41, 4, 2, 2, 1, 5, '2025-10-19 05:56:21', '2025-10-19 05:56:21'),
(636, '5487567708311735455', '10', '2025', 8, 37, 4, 1, 2, 1, 4, '2025-10-19 05:56:21', '2025-10-19 05:56:21'),
(637, '10176403562423917814', '10', '2025', 8, 38, 4, 4, 6, 5, 15, '2025-10-19 05:56:21', '2025-10-19 05:56:21'),
(638, '3479054224883396229', '10', '2025', 8, 34, 4, 1, 6, 2, 9, '2025-10-19 05:56:21', '2025-10-19 05:56:21'),
(639, '5540847576648775900', '10', '2025', 8, 35, 4, 3, 4, 3, 10, '2025-10-19 05:56:21', '2025-10-19 05:56:21'),
(640, '15671409453888021888', '10', '2025', 8, 43, 4, 2, 4, 2, 8, '2025-10-19 05:56:21', '2025-10-19 05:56:21'),
(641, '12747842789339326464', '10', '2025', 8, 42, 4, 1, 2, 1, 4, '2025-10-19 05:56:21', '2025-10-19 05:56:21'),
(642, '7458966869802293241', '10', '2025', 8, 40, 4, 1, 4, 1, 6, '2025-10-19 05:56:21', '2025-10-19 05:56:21'),
(643, '17580484943304883771', '10', '2025', 8, 39, 4, 2, 4, 2, 8, '2025-10-19 05:56:21', '2025-10-19 05:56:21'),
(644, '14015973773822169015', '10', '2025', 8, 36, 4, 3, 4, 3, 10, '2025-10-19 05:56:21', '2025-10-19 05:56:21'),
(645, '11370547441466602689', '10', '2025', 8, 46, 4, 1, 2, 1, 4, '2025-10-19 05:56:21', '2025-10-19 05:56:21'),
(646, '16414439969614141908', '10', '2025', 8, 45, 4, 1, 1, 1, 3, '2025-10-19 05:56:21', '2025-10-19 05:56:21'),
(647, '572977110009628888', '10', '2025', 8, 44, 4, 1, 1, 1, 3, '2025-10-19 05:56:21', '2025-10-19 05:56:21'),
(648, '16274850597294585674', '10', '2025', 7, 29, 4, 3, 4, 3, 10, '2025-10-19 05:56:21', '2025-10-19 05:56:21'),
(649, '3954524151888627301', '10', '2025', 7, 27, 4, 2, 4, 2, 8, '2025-10-19 05:56:21', '2025-10-19 05:56:21'),
(650, '2285595381181305943', '10', '2025', 7, 32, 4, 2, 3, 2, 7, '2025-10-19 05:56:21', '2025-10-19 05:56:21'),
(651, '2789522956837319593', '10', '2025', 7, 30, 4, 3, 3, 2, 8, '2025-10-19 05:56:21', '2025-10-19 05:56:21'),
(652, '15712465848954616715', '10', '2025', 7, 31, 4, 4, 3, 3, 10, '2025-10-19 05:56:21', '2025-10-19 05:56:21'),
(653, '98159294435251728', '10', '2025', 7, 28, 4, 6, 4, 6, 16, '2025-10-19 05:56:21', '2025-10-19 05:56:21'),
(654, '17797958090055061156', '10', '2025', 7, 33, 4, 4, 3, 3, 10, '2025-10-19 05:56:21', '2025-10-19 05:56:21'),
(655, '5497981620719351060', '10', '2025', 2, 142, 4, 2, 2, 1, 5, '2025-10-19 05:56:21', '2025-10-19 05:56:21'),
(656, '11381204403697314252', '10', '2025', 2, 141, 4, 1, 2, 1, 4, '2025-10-19 05:56:21', '2025-10-19 05:56:21'),
(657, '6267070501175196631', '10', '2025', 2, 148, 4, 1, 5, 2, 8, '2025-10-19 05:56:21', '2025-10-19 05:56:21'),
(658, '2267261655022651247', '10', '2025', 2, 149, 4, 3, 3, 2, 8, '2025-10-19 05:56:21', '2025-10-19 05:56:21'),
(659, '5627580393727698781', '10', '2025', 2, 143, 4, 1, 2, 1, 4, '2025-10-19 05:56:21', '2025-10-19 05:56:21'),
(660, '1788412967458660285', '10', '2025', 2, 140, 4, 1, 3, 1, 5, '2025-10-19 05:56:21', '2025-10-19 05:56:21'),
(661, '895586449051267027', '10', '2025', 2, 146, 4, 1, 3, 1, 5, '2025-10-19 05:56:21', '2025-10-19 05:56:21'),
(662, '8140768504935948687', '10', '2025', 2, 145, 4, 3, 3, 2, 8, '2025-10-19 05:56:21', '2025-10-19 05:56:21'),
(663, '12279273125432039633', '10', '2025', 2, 147, 4, 3, 3, 2, 8, '2025-10-19 05:56:21', '2025-10-19 05:56:21'),
(664, '1770686413682925776', '10', '2025', 2, 144, 4, 7, 6, 7, 20, '2025-10-19 05:56:21', '2025-10-19 05:56:21'),
(665, '14428598993725584906', '10', '2025', 14, 151, 4, 7, 5, 7, 19, '2025-10-19 05:56:21', '2025-10-19 05:56:21'),
(666, '16350666111829067889', '10', '2025', 14, 156, 4, 5, 3, 4, 12, '2025-10-19 05:56:21', '2025-10-19 05:56:21'),
(667, '6398456393681777050', '10', '2025', 14, 154, 4, 6, 2, 5, 13, '2025-10-19 05:56:21', '2025-10-19 05:56:21'),
(668, '15282804730615244991', '10', '2025', 14, 155, 4, 3, 2, 2, 7, '2025-10-19 05:56:21', '2025-10-19 05:56:21'),
(669, '13974406673641481126', '10', '2025', 14, 153, 4, 7, 6, 7, 20, '2025-10-19 05:56:21', '2025-10-19 05:56:21'),
(670, '9272918382664958799', '10', '2025', 14, 157, 4, 7, 3, 6, 16, '2025-10-19 05:56:21', '2025-10-19 05:56:21'),
(671, '4592548507817324539', '10', '2025', 14, 152, 4, 5, 3, 4, 12, '2025-10-19 05:56:21', '2025-10-19 05:56:21'),
(672, '10559759595477981334', '10', '2025', 14, 150, 4, 7, 7, 7, 21, '2025-10-19 05:56:21', '2025-10-19 05:56:21'),
(673, '8333343641631767100', '10', '2025', 14, 158, 4, 7, 7, 7, 21, '2025-10-19 05:56:21', '2025-10-19 05:56:21'),
(674, '5969234174460077635', '10', '2025', 3, 135, 4, 1, 1, 1, 3, '2025-10-19 05:56:21', '2025-10-19 05:56:21'),
(675, '10673184559458372723', '10', '2025', 3, 129, 4, 2, 2, 1, 5, '2025-10-19 05:56:21', '2025-10-19 05:56:21'),
(676, '14750696946480885967', '10', '2025', 3, 128, 4, 2, 3, 2, 7, '2025-10-19 05:56:21', '2025-10-19 05:56:21'),
(677, '12012445106543058824', '10', '2025', 3, 126, 4, 1, 1, 1, 3, '2025-10-19 05:56:21', '2025-10-19 05:56:21'),
(678, '722606167103916757', '10', '2025', 3, 133, 4, 1, 2, 1, 4, '2025-10-19 05:56:21', '2025-10-19 05:56:21'),
(679, '7433895275696561250', '10', '2025', 3, 127, 4, 2, 2, 1, 5, '2025-10-19 05:56:21', '2025-10-19 05:56:21'),
(680, '7540602626188560941', '10', '2025', 3, 132, 4, 2, 2, 1, 5, '2025-10-19 05:56:21', '2025-10-19 05:56:21'),
(681, '12964279805331135058', '10', '2025', 3, 138, 4, 2, 2, 1, 5, '2025-10-19 05:56:21', '2025-10-19 05:56:21'),
(682, '15889096754883349790', '10', '2025', 3, 130, 4, 2, 1, 1, 4, '2025-10-19 05:56:21', '2025-10-19 05:56:21'),
(683, '15202704168645970834', '10', '2025', 3, 125, 4, 1, 1, 1, 3, '2025-10-19 05:56:21', '2025-10-19 05:56:21'),
(684, '11617020718288978798', '10', '2025', 3, 131, 4, 3, 2, 2, 7, '2025-10-19 05:56:21', '2025-10-19 05:56:21'),
(685, '2781125928053711426', '10', '2025', 3, 134, 4, 3, 1, 1, 5, '2025-10-19 05:56:21', '2025-10-19 05:56:21'),
(686, '12880381996696686231', '10', '2025', 3, 139, 4, 3, 2, 2, 7, '2025-10-19 05:56:21', '2025-10-19 05:56:21'),
(687, '7652181442937413161', '10', '2025', 3, 136, 4, 1, 1, 1, 3, '2025-10-19 05:56:21', '2025-10-19 05:56:21'),
(688, '18215789421756606247', '10', '2025', 3, 137, 4, 3, 2, 2, 7, '2025-10-19 05:56:21', '2025-10-19 05:56:21'),
(689, '10009168565113330606', '10', '2025', 1, 106, 4, 7, 5, 7, 19, '2025-10-19 05:56:21', '2025-10-19 05:56:21'),
(690, '9979355638956999938', '10', '2025', 1, 109, 4, 6, 6, 7, 19, '2025-10-19 05:56:21', '2025-10-19 05:56:21'),
(691, '3431672138625820655', '10', '2025', 1, 110, 4, 6, 6, 7, 19, '2025-10-19 05:56:21', '2025-10-19 05:56:21'),
(692, '10507961002108823281', '10', '2025', 1, 100, 4, 5, 6, 6, 17, '2025-10-19 05:56:21', '2025-10-19 05:56:21'),
(693, '8216864721994674024', '10', '2025', 1, 99, 4, 3, 3, 2, 8, '2025-10-19 05:56:21', '2025-10-19 05:56:21'),
(694, '16873061872542939086', '10', '2025', 1, 101, 4, 2, 1, 1, 4, '2025-10-19 05:56:21', '2025-10-19 05:56:21'),
(695, '6491871636784209021', '10', '2025', 1, 111, 4, 1, 2, 1, 4, '2025-10-19 05:56:21', '2025-10-19 05:56:21'),
(696, '8922996114286018679', '10', '2025', 1, 102, 4, 7, 5, 7, 19, '2025-10-19 05:56:21', '2025-10-19 05:56:21'),
(697, '9494752829709849466', '10', '2025', 1, 103, 4, 3, 3, 2, 8, '2025-10-19 05:56:21', '2025-10-19 05:56:21'),
(698, '6059692944437932475', '10', '2025', 1, 104, 4, 5, 3, 4, 12, '2025-10-19 05:56:21', '2025-10-19 05:56:21'),
(699, '5012689726086060225', '10', '2025', 1, 107, 4, 3, 2, 2, 7, '2025-10-19 05:56:21', '2025-10-19 05:56:21'),
(700, '11215803882349913202', '10', '2025', 1, 112, 4, 3, 1, 1, 5, '2025-10-19 05:56:21', '2025-10-19 05:56:21'),
(701, '12362119838911475888', '10', '2025', 1, 114, 4, 1, 2, 1, 4, '2025-10-19 05:56:21', '2025-10-19 05:56:21'),
(702, '16690479618042239808', '10', '2025', 1, 105, 4, 4, 4, 4, 12, '2025-10-19 05:56:21', '2025-10-19 05:56:21'),
(703, '15366876804214979327', '10', '2025', 1, 108, 4, 5, 6, 6, 17, '2025-10-19 05:56:21', '2025-10-19 05:56:21'),
(704, '13622572900914462110', '10', '2025', 1, 113, 4, 3, 2, 2, 7, '2025-10-19 05:56:21', '2025-10-19 05:56:21'),
(705, '16831875564587158850', '10', '2025', 16, 171, 4, 2, 1, 1, 4, '2025-10-19 05:56:21', '2025-10-19 05:56:21'),
(706, '12323759220968887897', '10', '2025', 16, 177, 4, 4, 3, 3, 10, '2025-10-19 05:56:21', '2025-10-19 05:56:21'),
(707, '610297306083453748', '10', '2025', 16, 172, 4, 4, 3, 3, 10, '2025-10-19 05:56:21', '2025-10-19 05:56:21'),
(708, '16684921571187998956', '10', '2025', 16, 176, 4, 2, 2, 1, 5, '2025-10-19 05:56:21', '2025-10-19 05:56:21'),
(709, '5109850350755036465', '10', '2025', 16, 174, 4, 3, 4, 3, 10, '2025-10-19 05:56:21', '2025-10-19 05:56:21'),
(710, '204338714006712994', '10', '2025', 16, 175, 4, 4, 4, 4, 12, '2025-10-19 05:56:21', '2025-10-19 05:56:21'),
(711, '8227382621748434901', '10', '2025', 16, 173, 4, 2, 3, 2, 7, '2025-10-19 05:56:21', '2025-10-19 05:56:21'),
(712, '11624821689004659744', '10', '2025', 11, 82, 4, 2, 5, 3, 10, '2025-10-19 05:56:21', '2025-10-19 05:56:21'),
(713, '11586153045734769066', '10', '2025', 11, 86, 4, 1, 3, 1, 5, '2025-10-19 05:56:21', '2025-10-19 05:56:21'),
(714, '3112139933006536948', '10', '2025', 11, 78, 4, 2, 6, 3, 11, '2025-10-19 05:56:21', '2025-10-19 05:56:21'),
(715, '15696441142208676712', '10', '2025', 11, 81, 4, 2, 6, 3, 11, '2025-10-19 05:56:21', '2025-10-19 05:56:21'),
(716, '11867120685286039694', '10', '2025', 11, 77, 4, 1, 3, 1, 5, '2025-10-19 05:56:21', '2025-10-19 05:56:21'),
(717, '1791339443706776906', '10', '2025', 11, 80, 4, 5, 6, 6, 17, '2025-10-19 05:56:21', '2025-10-19 05:56:21'),
(718, '636564311588157286', '10', '2025', 11, 83, 4, 6, 7, 7, 20, '2025-10-19 05:56:21', '2025-10-19 05:56:21'),
(719, '4425216406293729507', '10', '2025', 11, 84, 4, 7, 5, 7, 19, '2025-10-19 05:56:21', '2025-10-19 05:56:21'),
(720, '12021947669595659473', '10', '2025', 11, 79, 4, 1, 4, 1, 6, '2025-10-19 05:56:21', '2025-10-19 05:56:21'),
(721, '11243250508766650937', '10', '2025', 11, 85, 4, 7, 6, 7, 20, '2025-10-19 05:56:21', '2025-10-19 05:56:21'),
(722, '4905219749956130096', '10', '2025', 10, 64, 5, 2, 3, 2, 2, '2025-10-19 05:58:47', '2025-10-19 05:58:47'),
(723, '13138048005376295600', '10', '2025', 10, 63, 5, 4, 1, 2, 0, '2025-10-19 05:58:47', '2025-10-19 05:58:47'),
(724, '15680079937921115653', '10', '2025', 10, 67, 5, 4, 2, 3, 0, '2025-10-19 05:58:47', '2025-10-19 05:58:47'),
(725, '9628891086838972131', '10', '2025', 10, 72, 5, 1, 2, 1, 1, '2025-10-19 05:58:47', '2025-10-19 05:58:47'),
(726, '8907378068200919385', '10', '2025', 10, 73, 5, 2, 3, 2, 2, '2025-10-19 05:58:47', '2025-10-19 05:58:47'),
(727, '12091594460375792962', '10', '2025', 10, 74, 5, 1, 6, 2, 3, '2025-10-19 05:58:47', '2025-10-19 05:58:47'),
(728, '16355465680480670629', '10', '2025', 10, 66, 5, 4, 4, 4, 0, '2025-10-19 05:58:47', '2025-10-19 05:58:47'),
(729, '11769964262596327970', '10', '2025', 10, 69, 5, 4, 3, 3, 0, '2025-10-19 05:58:47', '2025-10-19 05:58:47'),
(730, '11275932945898561738', '10', '2025', 10, 65, 5, 2, 3, 2, 1, '2025-10-19 05:58:47', '2025-10-19 05:58:47'),
(731, '11495277542296807403', '10', '2025', 10, 68, 5, 1, 3, 1, 4, '2025-10-19 05:58:47', '2025-10-19 05:58:47'),
(732, '16198276598933947736', '10', '2025', 10, 71, 5, 2, 5, 3, 1, '2025-10-19 05:58:47', '2025-10-19 05:58:47'),
(733, '3799814754982329113', '10', '2025', 10, 70, 5, 4, 3, 3, 0, '2025-10-19 05:58:47', '2025-10-19 05:58:47'),
(734, '8658543023759574616', '10', '2025', 10, 75, 5, 4, 4, 4, 1, '2025-10-19 05:58:47', '2025-10-19 05:58:47'),
(735, '15600597681528343587', '10', '2025', 10, 76, 5, 2, 2, 1, 1, '2025-10-19 05:58:47', '2025-10-19 05:58:47'),
(736, '5784609957263891785', '10', '2025', 9, 48, 5, 1, 2, 1, 4, '2025-10-19 05:58:47', '2025-10-19 05:58:47'),
(737, '18097250252706429286', '10', '2025', 9, 57, 5, 4, 3, 3, 0, '2025-10-19 05:58:47', '2025-10-19 05:58:47'),
(738, '11658422075874219130', '10', '2025', 9, 62, 5, 2, 4, 2, 2, '2025-10-19 05:58:47', '2025-10-19 05:58:47'),
(739, '17238203691754590023', '10', '2025', 9, 55, 5, 4, 3, 3, 0, '2025-10-19 05:58:47', '2025-10-19 05:58:47'),
(740, '2193326035658404382', '10', '2025', 9, 52, 5, 4, 3, 3, 0, '2025-10-19 05:58:47', '2025-10-19 05:58:47'),
(741, '2576323411731640691', '10', '2025', 9, 56, 5, 4, 3, 3, 0, '2025-10-19 05:58:47', '2025-10-19 05:58:47'),
(742, '16526686398398007715', '10', '2025', 9, 53, 5, 2, 3, 2, 2, '2025-10-19 05:58:47', '2025-10-19 05:58:47'),
(743, '17615381297573411719', '10', '2025', 9, 54, 5, 2, 4, 2, 2, '2025-10-19 05:58:47', '2025-10-19 05:58:47'),
(744, '14241842401225351272', '10', '2025', 9, 47, 5, 4, 3, 3, 0, '2025-10-19 05:58:47', '2025-10-19 05:58:47'),
(745, '3326382887916406428', '10', '2025', 9, 49, 5, 4, 4, 4, 0, '2025-10-19 05:58:47', '2025-10-19 05:58:47'),
(746, '16384372116203112327', '10', '2025', 9, 51, 5, 2, 2, 1, 2, '2025-10-19 05:58:47', '2025-10-19 05:58:47'),
(747, '6606107418094884169', '10', '2025', 9, 58, 5, 2, 3, 2, 2, '2025-10-19 05:58:47', '2025-10-19 05:58:47'),
(748, '7812946111054249359', '10', '2025', 9, 50, 5, 1, 3, 1, 2, '2025-10-19 05:58:47', '2025-10-19 05:58:47'),
(749, '1264873958342214096', '10', '2025', 9, 60, 5, 3, 2, 2, 2, '2025-10-19 05:58:47', '2025-10-19 05:58:47'),
(750, '9401331539851553400', '10', '2025', 9, 61, 5, 2, 3, 2, 5, '2025-10-19 05:58:47', '2025-10-19 05:58:47'),
(751, '3963913938720357095', '10', '2025', 9, 59, 5, 3, 2, 2, 1, '2025-10-19 05:58:47', '2025-10-19 05:58:47'),
(752, '13477878505373919053', '10', '2025', 4, 2, 5, 3, 2, 2, 5, '2025-10-19 05:58:47', '2025-10-19 05:58:47'),
(753, '937229381904489811', '10', '2025', 4, 1, 5, 4, 1, 2, 1, '2025-10-19 05:58:47', '2025-10-19 05:58:47'),
(754, '5094969384459212662', '10', '2025', 4, 3, 5, 1, 2, 1, 2, '2025-10-19 05:58:47', '2025-10-19 05:58:47'),
(755, '13708721851885344601', '10', '2025', 4, 4, 5, 6, 4, 6, 0, '2025-10-19 05:58:47', '2025-10-19 05:58:47'),
(756, '16920714825184371403', '10', '2025', 4, 5, 5, 4, 4, 4, 2, '2025-10-19 05:58:47', '2025-10-19 05:58:47'),
(757, '17155415678522639944', '10', '2025', 4, 6, 5, 5, 3, 4, 3, '2025-10-19 05:58:47', '2025-10-19 05:58:47'),
(758, '637948815347115439', '10', '2025', 4, 7, 5, 3, 3, 2, 2, '2025-10-19 05:58:47', '2025-10-19 05:58:47'),
(759, '8978875109642965099', '10', '2025', 4, 8, 5, 5, 4, 5, 0, '2025-10-19 05:58:47', '2025-10-19 05:58:47'),
(760, '12332128703743167227', '10', '2025', 4, 9, 5, 4, 4, 4, 2, '2025-10-19 05:58:47', '2025-10-19 05:58:47'),
(761, '3385398118761947705', '10', '2025', 4, 10, 5, 4, 3, 3, 1, '2025-10-19 05:58:47', '2025-10-19 05:58:47'),
(762, '637445908365382527', '10', '2025', 4, 11, 5, 3, 3, 2, 4, '2025-10-19 05:58:47', '2025-10-19 05:58:47'),
(763, '7559778573303240241', '10', '2025', 6, 26, 5, 4, 3, 3, 3, '2025-10-19 05:58:47', '2025-10-19 05:58:47'),
(764, '8039821172617442960', '10', '2025', 6, 19, 5, 1, 4, 1, 3, '2025-10-19 05:58:47', '2025-10-19 05:58:47'),
(765, '16122049209250558076', '10', '2025', 6, 23, 5, 1, 5, 2, 5, '2025-10-19 05:58:47', '2025-10-19 05:58:47'),
(766, '10681339073411240845', '10', '2025', 6, 22, 5, 3, 4, 3, 4, '2025-10-19 05:58:47', '2025-10-19 05:58:47'),
(767, '10966841595492836030', '10', '2025', 6, 20, 5, 4, 7, 6, 1, '2025-10-19 05:58:47', '2025-10-19 05:58:47'),
(768, '12883876963330427056', '10', '2025', 6, 25, 5, 5, 5, 6, 0, '2025-10-19 05:58:47', '2025-10-19 05:58:47'),
(769, '7972814913328081212', '10', '2025', 6, 21, 5, 2, 5, 3, 2, '2025-10-19 05:58:47', '2025-10-19 05:58:47'),
(770, '14823069350676304436', '10', '2025', 6, 24, 5, 4, 6, 5, 1, '2025-10-19 05:58:47', '2025-10-19 05:58:47'),
(771, '9802857774746127730', '10', '2025', 13, 116, 5, 3, 6, 4, 2, '2025-10-19 05:58:47', '2025-10-19 05:58:47'),
(772, '12190510004733234151', '10', '2025', 13, 115, 5, 4, 4, 4, 2, '2025-10-19 05:58:47', '2025-10-19 05:58:47'),
(773, '2556365218744581819', '10', '2025', 13, 123, 5, 4, 3, 3, 2, '2025-10-19 05:58:47', '2025-10-19 05:58:47'),
(774, '2688330808815433975', '10', '2025', 13, 120, 5, 5, 4, 5, 0, '2025-10-19 05:58:47', '2025-10-19 05:58:47'),
(775, '37583653223553825', '10', '2025', 13, 122, 5, 3, 4, 3, 1, '2025-10-19 05:58:47', '2025-10-19 05:58:47'),
(776, '18392861864921632963', '10', '2025', 13, 124, 5, 5, 4, 5, 1, '2025-10-19 05:58:47', '2025-10-19 05:58:47'),
(777, '1445780917934030197', '10', '2025', 13, 121, 5, 5, 5, 6, 0, '2025-10-19 05:58:47', '2025-10-19 05:58:47'),
(778, '5154159217639849917', '10', '2025', 13, 117, 5, 4, 7, 6, 1, '2025-10-19 05:58:47', '2025-10-19 05:58:47'),
(779, '4749772607765568446', '10', '2025', 13, 118, 5, 5, 6, 6, 1, '2025-10-19 05:58:47', '2025-10-19 05:58:47'),
(780, '17525212150849217034', '10', '2025', 13, 119, 5, 5, 4, 5, 2, '2025-10-19 05:58:47', '2025-10-19 05:58:47'),
(781, '17618299107043954191', '10', '2025', 5, 13, 5, 3, 4, 3, 5, '2025-10-19 05:58:47', '2025-10-19 05:58:47'),
(782, '14049924619962187552', '10', '2025', 5, 16, 5, 5, 4, 5, 1, '2025-10-19 05:58:47', '2025-10-19 05:58:47'),
(783, '16959677977313830969', '10', '2025', 5, 14, 5, 4, 4, 4, 8, '2025-10-19 05:58:47', '2025-10-19 05:58:47'),
(784, '4521241646140652409', '10', '2025', 5, 12, 5, 5, 4, 5, 2, '2025-10-19 05:58:47', '2025-10-19 05:58:47'),
(785, '13838388233731286837', '10', '2025', 5, 15, 5, 5, 4, 5, 0, '2025-10-19 05:58:47', '2025-10-19 05:58:47'),
(786, '10221570884170127326', '10', '2025', 5, 18, 5, 5, 5, 6, 0, '2025-10-19 05:58:47', '2025-10-19 05:58:47'),
(787, '5664683297148545541', '10', '2025', 5, 17, 5, 2, 5, 3, 9, '2025-10-19 05:58:47', '2025-10-19 05:58:47'),
(788, '18377044841808759674', '10', '2025', 15, 165, 5, 2, 5, 3, 4, '2025-10-19 05:58:47', '2025-10-19 05:58:47'),
(789, '5780699772406769440', '10', '2025', 15, 164, 5, 3, 3, 2, 5, '2025-10-19 05:58:47', '2025-10-19 05:58:47'),
(790, '17855738442147041328', '10', '2025', 15, 162, 5, 3, 4, 3, 1, '2025-10-19 05:58:47', '2025-10-19 05:58:47'),
(791, '10759487255265779721', '10', '2025', 15, 170, 5, 4, 4, 4, 0, '2025-10-19 05:58:47', '2025-10-19 05:58:47'),
(792, '12274666701046898383', '10', '2025', 15, 159, 5, 2, 4, 2, 2, '2025-10-19 05:58:47', '2025-10-19 05:58:47'),
(793, '6258184230775480255', '10', '2025', 15, 163, 5, 4, 5, 5, 1, '2025-10-19 05:58:47', '2025-10-19 05:58:47'),
(794, '13751737158537831899', '10', '2025', 15, 168, 5, 4, 3, 3, 7, '2025-10-19 05:58:47', '2025-10-19 05:58:47'),
(795, '12353127627293653927', '10', '2025', 15, 166, 5, 2, 2, 1, 7, '2025-10-19 05:58:47', '2025-10-19 05:58:47'),
(796, '9975481091401658587', '10', '2025', 15, 160, 5, 3, 4, 3, 1, '2025-10-19 05:58:47', '2025-10-19 05:58:47'),
(797, '15554063961301828436', '10', '2025', 15, 169, 5, 4, 3, 3, 10, '2025-10-19 05:58:47', '2025-10-19 05:58:47'),
(798, '12082709375821176697', '10', '2025', 15, 161, 5, 4, 3, 3, 1, '2025-10-19 05:58:47', '2025-10-19 05:58:47'),
(799, '2410784130562800366', '10', '2025', 15, 167, 5, 5, 3, 4, 5, '2025-10-19 05:58:47', '2025-10-19 05:58:47'),
(800, '7621650721087640736', '10', '2025', 12, 87, 5, 4, 4, 4, 4, '2025-10-19 05:58:47', '2025-10-19 05:58:47'),
(801, '4722538518807192142', '10', '2025', 12, 91, 5, 3, 4, 3, 6, '2025-10-19 05:58:47', '2025-10-19 05:58:47'),
(802, '12304272835713682185', '10', '2025', 12, 95, 5, 5, 4, 5, 0, '2025-10-19 05:58:47', '2025-10-19 05:58:47'),
(803, '10692442454665464394', '10', '2025', 12, 94, 5, 1, 4, 1, 4, '2025-10-19 05:58:47', '2025-10-19 05:58:47'),
(804, '3979184871087635014', '10', '2025', 12, 92, 5, 3, 4, 3, 3, '2025-10-19 05:58:47', '2025-10-19 05:58:47'),
(805, '10357266394739369471', '10', '2025', 12, 96, 5, 3, 3, 2, 6, '2025-10-19 05:58:47', '2025-10-19 05:58:47'),
(806, '10157947768288879995', '10', '2025', 12, 93, 5, 5, 3, 4, 1, '2025-10-19 05:58:47', '2025-10-19 05:58:47'),
(807, '15144797836790115907', '10', '2025', 12, 90, 5, 4, 3, 3, 4, '2025-10-19 05:58:47', '2025-10-19 05:58:47'),
(808, '7121977768507089990', '10', '2025', 12, 88, 5, 5, 3, 4, 0, '2025-10-19 05:58:47', '2025-10-19 05:58:47'),
(809, '16582251510186056595', '10', '2025', 12, 97, 5, 5, 3, 4, 6, '2025-10-19 05:58:47', '2025-10-19 05:58:47'),
(810, '5053541289926195620', '10', '2025', 12, 98, 5, 4, 1, 2, 2, '2025-10-19 05:58:47', '2025-10-19 05:58:47'),
(811, '467237937923524425', '10', '2025', 12, 89, 5, 5, 3, 4, 5, '2025-10-19 05:58:47', '2025-10-19 05:58:47'),
(812, '6273319014933465208', '10', '2025', 8, 41, 5, 3, 6, 4, 1, '2025-10-19 05:58:47', '2025-10-19 05:58:47'),
(813, '14099911233366231702', '10', '2025', 8, 37, 5, 1, 6, 2, 4, '2025-10-19 05:58:47', '2025-10-19 05:58:47'),
(814, '9952515270169209388', '10', '2025', 8, 38, 5, 2, 5, 3, 10, '2025-10-19 05:58:47', '2025-10-19 05:58:47'),
(815, '16066684689140869889', '10', '2025', 8, 34, 5, 5, 3, 4, 0, '2025-10-19 05:58:47', '2025-10-19 05:58:47'),
(816, '4434207568073727956', '10', '2025', 8, 35, 5, 5, 3, 4, 1, '2025-10-19 05:58:47', '2025-10-19 05:58:47'),
(817, '2753288695489970291', '10', '2025', 8, 43, 5, 4, 3, 3, 1, '2025-10-19 05:58:47', '2025-10-19 05:58:47'),
(818, '13491487103361528687', '10', '2025', 8, 42, 5, 3, 2, 2, 1, '2025-10-19 05:58:47', '2025-10-19 05:58:47'),
(819, '12960640180674620127', '10', '2025', 8, 40, 5, 5, 3, 4, 0, '2025-10-19 05:58:47', '2025-10-19 05:58:47'),
(820, '2373242161029368653', '10', '2025', 8, 39, 5, 4, 4, 4, 2, '2025-10-19 05:58:47', '2025-10-19 05:58:47'),
(821, '12866932110504743356', '10', '2025', 8, 36, 5, 2, 3, 2, 4, '2025-10-19 05:58:47', '2025-10-19 05:58:47'),
(822, '4892637600219604066', '10', '2025', 8, 46, 5, 2, 4, 2, 1, '2025-10-19 05:58:47', '2025-10-19 05:58:47'),
(823, '13791035583546277245', '10', '2025', 8, 45, 5, 4, 3, 3, 0, '2025-10-19 05:58:47', '2025-10-19 05:58:47'),
(824, '8589186393525876897', '10', '2025', 8, 44, 5, 4, 4, 4, 0, '2025-10-19 05:58:47', '2025-10-19 05:58:47'),
(825, '2821393693663326979', '10', '2025', 7, 29, 5, 5, 4, 5, 2, '2025-10-19 05:58:47', '2025-10-19 05:58:47'),
(826, '17157884054511216301', '10', '2025', 7, 27, 5, 3, 4, 3, 5, '2025-10-19 05:58:47', '2025-10-19 05:58:47'),
(827, '8150653175664290559', '10', '2025', 7, 32, 5, 5, 2, 4, 2, '2025-10-19 05:58:47', '2025-10-19 05:58:47'),
(828, '12427358090552879907', '10', '2025', 7, 30, 5, 3, 5, 4, 3, '2025-10-19 05:58:47', '2025-10-19 05:58:47'),
(829, '6087911592696437074', '10', '2025', 7, 31, 5, 5, 4, 5, 2, '2025-10-19 05:58:47', '2025-10-19 05:58:47'),
(830, '7221568677035957768', '10', '2025', 7, 28, 5, 5, 4, 5, 1, '2025-10-19 05:58:47', '2025-10-19 05:58:47'),
(831, '101687797948557797', '10', '2025', 7, 33, 5, 3, 3, 2, 4, '2025-10-19 05:58:47', '2025-10-19 05:58:47'),
(832, '15291612468846966341', '10', '2025', 2, 142, 5, 5, 4, 5, 0, '2025-10-19 05:58:47', '2025-10-19 05:58:47'),
(833, '11378315385540121132', '10', '2025', 2, 141, 5, 4, 5, 5, 0, '2025-10-19 05:58:47', '2025-10-19 05:58:47'),
(834, '1005481957705099021', '10', '2025', 2, 148, 5, 6, 4, 6, 1, '2025-10-19 05:58:47', '2025-10-19 05:58:47'),
(835, '8451515699520872141', '10', '2025', 2, 149, 5, 7, 5, 7, 0, '2025-10-19 05:58:47', '2025-10-19 05:58:47'),
(836, '15263963885121212766', '10', '2025', 2, 143, 5, 5, 5, 6, 1, '2025-10-19 05:58:47', '2025-10-19 05:58:47'),
(837, '11393412444578766260', '10', '2025', 2, 140, 5, 5, 4, 5, 1, '2025-10-19 05:58:47', '2025-10-19 05:58:47'),
(838, '10124012754694485473', '10', '2025', 2, 146, 5, 5, 4, 5, 0, '2025-10-19 05:58:47', '2025-10-19 05:58:47'),
(839, '1870933484246210209', '10', '2025', 2, 145, 5, 6, 4, 6, 0, '2025-10-19 05:58:47', '2025-10-19 05:58:47'),
(840, '14868218915042141231', '10', '2025', 2, 147, 5, 5, 4, 5, 0, '2025-10-19 05:58:47', '2025-10-19 05:58:47'),
(841, '7082757538518001033', '10', '2025', 2, 144, 5, 5, 3, 4, 1, '2025-10-19 05:58:47', '2025-10-19 05:58:47'),
(842, '8647631037532052629', '10', '2025', 14, 151, 5, 6, 4, 6, 2, '2025-10-19 05:58:47', '2025-10-19 05:58:47'),
(843, '4520045360372974435', '10', '2025', 14, 156, 5, 5, 5, 6, 2, '2025-10-19 05:58:47', '2025-10-19 05:58:47'),
(844, '12818801217292163819', '10', '2025', 14, 154, 5, 6, 4, 6, 0, '2025-10-19 05:58:47', '2025-10-19 05:58:47'),
(845, '1133350845333560836', '10', '2025', 14, 155, 5, 4, 5, 5, 1, '2025-10-19 05:58:47', '2025-10-19 05:58:47'),
(846, '3400557723366672900', '10', '2025', 14, 153, 5, 5, 4, 5, 3, '2025-10-19 05:58:47', '2025-10-19 05:58:47'),
(847, '14448564287072294858', '10', '2025', 14, 157, 5, 5, 4, 5, 2, '2025-10-19 05:58:47', '2025-10-19 05:58:47'),
(848, '16942261662916038072', '10', '2025', 14, 152, 5, 6, 5, 6, 1, '2025-10-19 05:58:47', '2025-10-19 05:58:47'),
(849, '12392288645709740635', '10', '2025', 14, 150, 5, 5, 3, 4, 2, '2025-10-19 05:58:47', '2025-10-19 05:58:47'),
(850, '12733434164019436713', '10', '2025', 14, 158, 5, 5, 3, 4, 2, '2025-10-19 05:58:47', '2025-10-19 05:58:47'),
(851, '17552431932715557162', '10', '2025', 3, 135, 5, 5, 5, 6, 0, '2025-10-19 05:58:47', '2025-10-19 05:58:47'),
(852, '17045504919169019470', '10', '2025', 3, 129, 5, 2, 6, 3, 2, '2025-10-19 05:58:47', '2025-10-19 05:58:47'),
(853, '5631528624754834215', '10', '2025', 3, 128, 5, 6, 4, 6, 0, '2025-10-19 05:58:47', '2025-10-19 05:58:47'),
(854, '10396615488086478421', '10', '2025', 3, 126, 5, 5, 4, 5, 0, '2025-10-19 05:58:47', '2025-10-19 05:58:47'),
(855, '14147013305957768321', '10', '2025', 3, 133, 5, 6, 5, 6, 0, '2025-10-19 05:58:47', '2025-10-19 05:58:47'),
(856, '16793495525490096327', '10', '2025', 3, 127, 5, 7, 5, 7, 0, '2025-10-19 05:58:47', '2025-10-19 05:58:47'),
(857, '10632209924901342604', '10', '2025', 3, 132, 5, 6, 5, 6, 0, '2025-10-19 05:58:47', '2025-10-19 05:58:47'),
(858, '16687027102711459343', '10', '2025', 3, 138, 5, 5, 4, 5, 0, '2025-10-19 05:58:47', '2025-10-19 05:58:47'),
(859, '10002613492342553569', '10', '2025', 3, 130, 5, 3, 6, 4, 1, '2025-10-19 05:58:47', '2025-10-19 05:58:47'),
(860, '2391009345565160639', '10', '2025', 3, 125, 5, 5, 7, 7, 0, '2025-10-19 05:58:47', '2025-10-19 05:58:47'),
(861, '13084160506641311029', '10', '2025', 3, 131, 5, 4, 4, 4, 1, '2025-10-19 05:58:47', '2025-10-19 05:58:47'),
(862, '16037056964200784647', '10', '2025', 3, 134, 5, 3, 5, 4, 1, '2025-10-19 05:58:47', '2025-10-19 05:58:47'),
(863, '10294941420688190871', '10', '2025', 3, 139, 5, 5, 4, 5, 0, '2025-10-19 05:58:47', '2025-10-19 05:58:47'),
(864, '3304615366230820852', '10', '2025', 3, 136, 5, 5, 5, 6, 0, '2025-10-19 05:58:47', '2025-10-19 05:58:47'),
(865, '15816854565029867079', '10', '2025', 3, 137, 5, 6, 4, 6, 0, '2025-10-19 05:58:47', '2025-10-19 05:58:47'),
(866, '2344882662279522899', '10', '2025', 1, 106, 5, 4, 4, 4, 3, '2025-10-19 05:58:47', '2025-10-19 05:58:47'),
(867, '11089353762757859015', '10', '2025', 1, 109, 5, 4, 3, 3, 3, '2025-10-19 05:58:47', '2025-10-19 05:58:47'),
(868, '9578716158954026688', '10', '2025', 1, 110, 5, 5, 2, 4, 3, '2025-10-19 05:58:47', '2025-10-19 05:58:47'),
(869, '18440897363079015303', '10', '2025', 1, 100, 5, 4, 3, 3, 5, '2025-10-19 05:58:47', '2025-10-19 05:58:47'),
(870, '9587519268696503614', '10', '2025', 1, 99, 5, 6, 4, 6, 0, '2025-10-19 05:58:47', '2025-10-19 05:58:47'),
(871, '8726444606865762645', '10', '2025', 1, 101, 5, 4, 6, 5, 1, '2025-10-19 05:58:47', '2025-10-19 05:58:47'),
(872, '15760860403736984682', '10', '2025', 1, 111, 5, 1, 5, 2, 2, '2025-10-19 05:58:47', '2025-10-19 05:58:47'),
(873, '1895453046991260040', '10', '2025', 1, 102, 5, 5, 4, 5, 2, '2025-10-19 05:58:47', '2025-10-19 05:58:47'),
(874, '2153610646214078959', '10', '2025', 1, 103, 5, 4, 3, 3, 1, '2025-10-19 05:58:47', '2025-10-19 05:58:47'),
(875, '15266731836886610522', '10', '2025', 1, 104, 5, 1, 5, 2, 5, '2025-10-19 05:58:47', '2025-10-19 05:58:47'),
(876, '11037288135097104823', '10', '2025', 1, 107, 5, 3, 6, 4, 2, '2025-10-19 05:58:47', '2025-10-19 05:58:47'),
(877, '11587528900393202000', '10', '2025', 1, 112, 5, 4, 4, 4, 0, '2025-10-19 05:58:47', '2025-10-19 05:58:47'),
(878, '9847875021282297611', '10', '2025', 1, 114, 5, 3, 5, 4, 1, '2025-10-19 05:58:47', '2025-10-19 05:58:47'),
(879, '6941085884548012770', '10', '2025', 1, 105, 5, 4, 4, 4, 2, '2025-10-19 05:58:47', '2025-10-19 05:58:47'),
(880, '11831299961391319061', '10', '2025', 1, 108, 5, 5, 3, 4, 3, '2025-10-19 05:58:47', '2025-10-19 05:58:47'),
(881, '16542021079048851997', '10', '2025', 1, 113, 5, 4, 6, 5, 1, '2025-10-19 05:58:47', '2025-10-19 05:58:47'),
(882, '7682567367992529958', '10', '2025', 16, 171, 5, 4, 5, 5, 0, '2025-10-19 05:58:47', '2025-10-19 05:58:47'),
(883, '14731642249926232119', '10', '2025', 16, 177, 5, 3, 3, 2, 1, '2025-10-19 05:58:47', '2025-10-19 05:58:47'),
(884, '2011523971989427098', '10', '2025', 16, 172, 5, 3, 1, 1, 1, '2025-10-19 05:58:47', '2025-10-19 05:58:47'),
(885, '13091478976849405619', '10', '2025', 16, 176, 5, 4, 2, 3, 0, '2025-10-19 05:58:47', '2025-10-19 05:58:47'),
(886, '6587470796049343366', '10', '2025', 16, 174, 5, 4, 3, 3, 0, '2025-10-19 05:58:47', '2025-10-19 05:58:47'),
(887, '2187814367456350356', '10', '2025', 16, 175, 5, 3, 2, 2, 2, '2025-10-19 05:58:47', '2025-10-19 05:58:47'),
(888, '16286029558946129513', '10', '2025', 16, 173, 5, 4, 3, 3, 0, '2025-10-19 05:58:47', '2025-10-19 05:58:47'),
(889, '7516895105007363555', '10', '2025', 11, 82, 5, 3, 2, 2, 2, '2025-10-19 05:58:47', '2025-10-19 05:58:47'),
(890, '16016137427332714182', '10', '2025', 11, 86, 5, 2, 4, 2, 2, '2025-10-19 05:58:47', '2025-10-19 05:58:47'),
(891, '8231423186959687323', '10', '2025', 11, 78, 5, 3, 3, 2, 4, '2025-10-19 05:58:47', '2025-10-19 05:58:47'),
(892, '1623822726833419951', '10', '2025', 11, 81, 5, 3, 3, 2, 3, '2025-10-19 05:58:47', '2025-10-19 05:58:47'),
(893, '8380219729536269884', '10', '2025', 11, 77, 5, 4, 3, 3, 0, '2025-10-19 05:58:47', '2025-10-19 05:58:47'),
(894, '17488428422644151090', '10', '2025', 11, 80, 5, 4, 2, 3, 4, '2025-10-19 05:58:47', '2025-10-19 05:58:47'),
(895, '3032016218218612150', '10', '2025', 11, 83, 5, 3, 3, 2, 5, '2025-10-19 05:58:47', '2025-10-19 05:58:47'),
(896, '781324237581682624', '10', '2025', 11, 84, 5, 3, 3, 2, 6, '2025-10-19 05:58:47', '2025-10-19 05:58:47'),
(897, '17822025035740527756', '10', '2025', 11, 79, 5, 3, 2, 2, 1, '2025-10-19 05:58:47', '2025-10-19 05:58:47'),
(898, '3436726382370688563', '10', '2025', 11, 85, 5, 3, 2, 2, 5, '2025-10-19 05:58:47', '2025-10-19 05:58:47'),
(899, '15961636864026367841', '10', '2025', 10, 64, 6, 3, 4, 3, 10, '2025-10-19 06:00:19', '2025-10-19 06:00:19'),
(900, '2188808305114523676', '10', '2025', 10, 63, 6, 2, 5, 3, 10, '2025-10-19 06:00:19', '2025-10-19 06:00:19'),
(901, '4576385068222439520', '10', '2025', 10, 67, 6, 3, 6, 4, 13, '2025-10-19 06:00:19', '2025-10-19 06:00:19'),
(902, '11606179194650001723', '10', '2025', 10, 72, 6, 3, 7, 5, 15, '2025-10-19 06:00:19', '2025-10-19 06:00:19'),
(903, '2347220103347679592', '10', '2025', 10, 73, 6, 4, 5, 5, 14, '2025-10-19 06:00:19', '2025-10-19 06:00:19'),
(904, '17160642880441635982', '10', '2025', 10, 74, 6, 2, 5, 3, 10, '2025-10-19 06:00:19', '2025-10-19 06:00:19');
INSERT INTO `data` (`id`, `uuid`, `bulan`, `tahun`, `kecamatan_id`, `kelurahan_id`, `jenis_kasus_id`, `keterpaparan`, `kerentanan`, `potensial_dampak`, `jumlah_kasus`, `created_at`, `updated_at`) VALUES
(905, '13306308824350101675', '10', '2025', 10, 66, 6, 3, 3, 2, 8, '2025-10-19 06:00:19', '2025-10-19 06:00:19'),
(906, '9068805543764677096', '10', '2025', 10, 69, 6, 3, 3, 2, 8, '2025-10-19 06:00:19', '2025-10-19 06:00:19'),
(907, '17309326939545959516', '10', '2025', 10, 65, 6, 2, 5, 3, 10, '2025-10-19 06:00:19', '2025-10-19 06:00:19'),
(908, '10101483093286828015', '10', '2025', 10, 68, 6, 1, 4, 1, 6, '2025-10-19 06:00:19', '2025-10-19 06:00:19'),
(909, '2886121346086299872', '10', '2025', 10, 71, 6, 2, 6, 3, 11, '2025-10-19 06:00:19', '2025-10-19 06:00:19'),
(910, '1074341485568105893', '10', '2025', 10, 70, 6, 2, 3, 2, 7, '2025-10-19 06:00:19', '2025-10-19 06:00:19'),
(911, '11286171732058482801', '10', '2025', 10, 75, 6, 3, 3, 2, 8, '2025-10-19 06:00:19', '2025-10-19 06:00:19'),
(912, '6656512644106819176', '10', '2025', 10, 76, 6, 2, 5, 3, 10, '2025-10-19 06:00:19', '2025-10-19 06:00:19'),
(913, '5691342533214368245', '10', '2025', 9, 48, 6, 2, 3, 2, 7, '2025-10-19 06:00:19', '2025-10-19 06:00:19'),
(914, '2539404236193426290', '10', '2025', 9, 57, 6, 2, 4, 2, 8, '2025-10-19 06:00:19', '2025-10-19 06:00:19'),
(915, '10225313550204973663', '10', '2025', 9, 62, 6, 3, 4, 3, 10, '2025-10-19 06:00:19', '2025-10-19 06:00:19'),
(916, '2834240110082605787', '10', '2025', 9, 55, 6, 2, 3, 2, 7, '2025-10-19 06:00:19', '2025-10-19 06:00:19'),
(917, '16716380459466512874', '10', '2025', 9, 52, 6, 2, 4, 2, 8, '2025-10-19 06:00:19', '2025-10-19 06:00:19'),
(918, '13832819042544292095', '10', '2025', 9, 56, 6, 2, 4, 2, 8, '2025-10-19 06:00:19', '2025-10-19 06:00:19'),
(919, '16373980424150357083', '10', '2025', 9, 53, 6, 1, 4, 1, 6, '2025-10-19 06:00:19', '2025-10-19 06:00:19'),
(920, '16478045732810058525', '10', '2025', 9, 54, 6, 2, 4, 2, 8, '2025-10-19 06:00:19', '2025-10-19 06:00:19'),
(921, '9378625060976901761', '10', '2025', 9, 47, 6, 2, 5, 3, 10, '2025-10-19 06:00:19', '2025-10-19 06:00:19'),
(922, '831876762526058781', '10', '2025', 9, 49, 6, 2, 7, 4, 13, '2025-10-19 06:00:19', '2025-10-19 06:00:19'),
(923, '13308765637744462165', '10', '2025', 9, 51, 6, 2, 5, 3, 10, '2025-10-19 06:00:19', '2025-10-19 06:00:19'),
(924, '16393429067215520728', '10', '2025', 9, 58, 6, 4, 5, 5, 14, '2025-10-19 06:00:19', '2025-10-19 06:00:19'),
(925, '13461685873845871574', '10', '2025', 9, 50, 6, 1, 5, 2, 8, '2025-10-19 06:00:19', '2025-10-19 06:00:19'),
(926, '16223509627467416510', '10', '2025', 9, 60, 6, 2, 3, 2, 7, '2025-10-19 06:00:19', '2025-10-19 06:00:19'),
(927, '5238100986209834145', '10', '2025', 9, 61, 6, 2, 2, 1, 5, '2025-10-19 06:00:19', '2025-10-19 06:00:19'),
(928, '4088220126716835440', '10', '2025', 9, 59, 6, 2, 3, 2, 7, '2025-10-19 06:00:19', '2025-10-19 06:00:19'),
(929, '4630601952278633966', '10', '2025', 4, 2, 6, 4, 2, 3, 9, '2025-10-19 06:00:19', '2025-10-19 06:00:19'),
(930, '8172514434585996336', '10', '2025', 4, 1, 6, 2, 2, 1, 5, '2025-10-19 06:00:19', '2025-10-19 06:00:19'),
(931, '4886916688161387267', '10', '2025', 4, 3, 6, 4, 5, 5, 14, '2025-10-19 06:00:19', '2025-10-19 06:00:19'),
(932, '5852487368113405433', '10', '2025', 4, 4, 6, 3, 2, 2, 7, '2025-10-19 06:00:19', '2025-10-19 06:00:19'),
(933, '633247545056992884', '10', '2025', 4, 5, 6, 2, 2, 1, 5, '2025-10-19 06:00:19', '2025-10-19 06:00:19'),
(934, '2515147264072268012', '10', '2025', 4, 6, 6, 2, 1, 1, 4, '2025-10-19 06:00:19', '2025-10-19 06:00:19'),
(935, '15288802598621227299', '10', '2025', 4, 7, 6, 3, 2, 2, 7, '2025-10-19 06:00:19', '2025-10-19 06:00:19'),
(936, '14919263563693573711', '10', '2025', 4, 8, 6, 1, 2, 1, 4, '2025-10-19 06:00:19', '2025-10-19 06:00:19'),
(937, '225920206787637503', '10', '2025', 4, 9, 6, 3, 1, 1, 5, '2025-10-19 06:00:19', '2025-10-19 06:00:19'),
(938, '9190411596393857625', '10', '2025', 4, 10, 6, 4, 2, 3, 9, '2025-10-19 06:00:19', '2025-10-19 06:00:19'),
(939, '1915382745335784934', '10', '2025', 4, 11, 6, 4, 2, 3, 9, '2025-10-19 06:00:19', '2025-10-19 06:00:19'),
(940, '12679418710710397491', '10', '2025', 6, 26, 6, 3, 1, 1, 5, '2025-10-19 06:00:19', '2025-10-19 06:00:19'),
(941, '8321060618754305738', '10', '2025', 6, 19, 6, 2, 4, 2, 8, '2025-10-19 06:00:19', '2025-10-19 06:00:19'),
(942, '3675237908635235395', '10', '2025', 6, 23, 6, 1, 3, 1, 5, '2025-10-19 06:00:19', '2025-10-19 06:00:19'),
(943, '7706859457636910165', '10', '2025', 6, 22, 6, 3, 2, 2, 7, '2025-10-19 06:00:19', '2025-10-19 06:00:19'),
(944, '2296763748973436675', '10', '2025', 6, 20, 6, 3, 3, 2, 8, '2025-10-19 06:00:19', '2025-10-19 06:00:19'),
(945, '3475717596261835561', '10', '2025', 6, 25, 6, 2, 2, 1, 5, '2025-10-19 06:00:19', '2025-10-19 06:00:19'),
(946, '1535526040683257488', '10', '2025', 6, 21, 6, 2, 4, 2, 8, '2025-10-19 06:00:19', '2025-10-19 06:00:19'),
(947, '4327550054421443495', '10', '2025', 6, 24, 6, 2, 3, 2, 7, '2025-10-19 06:00:19', '2025-10-19 06:00:19'),
(948, '3618390792722338552', '10', '2025', 13, 116, 6, 2, 4, 2, 8, '2025-10-19 06:00:19', '2025-10-19 06:00:19'),
(949, '2577952739825930065', '10', '2025', 13, 115, 6, 2, 3, 2, 7, '2025-10-19 06:00:19', '2025-10-19 06:00:19'),
(950, '4482213773715572786', '10', '2025', 13, 123, 6, 4, 3, 3, 10, '2025-10-19 06:00:19', '2025-10-19 06:00:19'),
(951, '10901824574596074539', '10', '2025', 13, 120, 6, 3, 2, 2, 7, '2025-10-19 06:00:19', '2025-10-19 06:00:19'),
(952, '10419817058895147258', '10', '2025', 13, 122, 6, 2, 4, 2, 8, '2025-10-19 06:00:19', '2025-10-19 06:00:19'),
(953, '1397533644046641248', '10', '2025', 13, 124, 6, 3, 2, 2, 7, '2025-10-19 06:00:19', '2025-10-19 06:00:19'),
(954, '1235642542200246498', '10', '2025', 13, 121, 6, 4, 3, 3, 10, '2025-10-19 06:00:19', '2025-10-19 06:00:19'),
(955, '2308643202408695154', '10', '2025', 13, 117, 6, 2, 4, 2, 8, '2025-10-19 06:00:19', '2025-10-19 06:00:19'),
(956, '14346761639258071009', '10', '2025', 13, 118, 6, 5, 3, 4, 12, '2025-10-19 06:00:19', '2025-10-19 06:00:19'),
(957, '13290464081460707673', '10', '2025', 13, 119, 6, 6, 2, 5, 13, '2025-10-19 06:00:19', '2025-10-19 06:00:19'),
(958, '14465393329154904342', '10', '2025', 5, 13, 6, 2, 2, 1, 5, '2025-10-19 06:00:19', '2025-10-19 06:00:19'),
(959, '16463297768463380689', '10', '2025', 5, 16, 6, 3, 3, 2, 8, '2025-10-19 06:00:19', '2025-10-19 06:00:19'),
(960, '1462223780540359384', '10', '2025', 5, 14, 6, 5, 2, 4, 11, '2025-10-19 06:00:19', '2025-10-19 06:00:19'),
(961, '244572742798085148', '10', '2025', 5, 12, 6, 4, 2, 3, 9, '2025-10-19 06:00:19', '2025-10-19 06:00:19'),
(962, '14399122743250595360', '10', '2025', 5, 15, 6, 2, 5, 3, 10, '2025-10-19 06:00:19', '2025-10-19 06:00:19'),
(963, '16453170053398382572', '10', '2025', 5, 18, 6, 3, 3, 2, 8, '2025-10-19 06:00:19', '2025-10-19 06:00:19'),
(964, '10047230235151676627', '10', '2025', 5, 17, 6, 5, 2, 4, 11, '2025-10-19 06:00:19', '2025-10-19 06:00:19'),
(965, '7383508811033779725', '10', '2025', 15, 165, 6, 6, 2, 5, 13, '2025-10-19 06:00:19', '2025-10-19 06:00:19'),
(966, '463541235270957124', '10', '2025', 15, 164, 6, 5, 1, 3, 9, '2025-10-19 06:00:19', '2025-10-19 06:00:19'),
(967, '8772038417071021661', '10', '2025', 15, 162, 6, 1, 4, 1, 6, '2025-10-19 06:00:19', '2025-10-19 06:00:19'),
(968, '5605964550077659207', '10', '2025', 15, 170, 6, 1, 3, 1, 5, '2025-10-19 06:00:19', '2025-10-19 06:00:19'),
(969, '7371124109519777', '10', '2025', 15, 159, 6, 2, 3, 2, 7, '2025-10-19 06:00:19', '2025-10-19 06:00:19'),
(970, '8750173277094127460', '10', '2025', 15, 163, 6, 3, 2, 2, 7, '2025-10-19 06:00:19', '2025-10-19 06:00:19'),
(971, '11589908101127403737', '10', '2025', 15, 168, 6, 3, 1, 1, 5, '2025-10-19 06:00:19', '2025-10-19 06:00:19'),
(972, '4911781943006833934', '10', '2025', 15, 166, 6, 2, 1, 1, 4, '2025-10-19 06:00:19', '2025-10-19 06:00:19'),
(973, '7053136926693907916', '10', '2025', 15, 160, 6, 2, 3, 2, 7, '2025-10-19 06:00:19', '2025-10-19 06:00:19'),
(974, '16635671077468803123', '10', '2025', 15, 169, 6, 6, 1, 4, 11, '2025-10-19 06:00:19', '2025-10-19 06:00:19'),
(975, '15800911607488533782', '10', '2025', 15, 161, 6, 2, 1, 1, 4, '2025-10-19 06:00:19', '2025-10-19 06:00:19'),
(976, '14007234533312185195', '10', '2025', 15, 167, 6, 6, 2, 5, 13, '2025-10-19 06:00:19', '2025-10-19 06:00:19'),
(977, '1528614360549583682', '10', '2025', 12, 87, 6, 3, 1, 1, 5, '2025-10-19 06:00:19', '2025-10-19 06:00:19'),
(978, '15217715203455439427', '10', '2025', 12, 91, 6, 2, 2, 1, 5, '2025-10-19 06:00:19', '2025-10-19 06:00:19'),
(979, '1581183072691621702', '10', '2025', 12, 95, 6, 4, 2, 3, 9, '2025-10-19 06:00:19', '2025-10-19 06:00:19'),
(980, '5481902885676229177', '10', '2025', 12, 94, 6, 2, 2, 1, 5, '2025-10-19 06:00:19', '2025-10-19 06:00:19'),
(981, '13806754230070848218', '10', '2025', 12, 92, 6, 3, 2, 2, 7, '2025-10-19 06:00:19', '2025-10-19 06:00:19'),
(982, '15961578642157708042', '10', '2025', 12, 96, 6, 4, 2, 3, 9, '2025-10-19 06:00:19', '2025-10-19 06:00:19'),
(983, '15148715182979291197', '10', '2025', 12, 93, 6, 4, 1, 2, 7, '2025-10-19 06:00:19', '2025-10-19 06:00:19'),
(984, '13152767560245127322', '10', '2025', 12, 90, 6, 4, 1, 2, 7, '2025-10-19 06:00:19', '2025-10-19 06:00:19'),
(985, '16256940850569664755', '10', '2025', 12, 88, 6, 2, 2, 1, 5, '2025-10-19 06:00:19', '2025-10-19 06:00:19'),
(986, '846760365154600101', '10', '2025', 12, 97, 6, 5, 1, 3, 9, '2025-10-19 06:00:19', '2025-10-19 06:00:19'),
(987, '16080383894402500595', '10', '2025', 12, 98, 6, 3, 2, 2, 7, '2025-10-19 06:00:19', '2025-10-19 06:00:19'),
(988, '9305561157481138425', '10', '2025', 12, 89, 6, 6, 1, 4, 11, '2025-10-19 06:00:19', '2025-10-19 06:00:19'),
(989, '366120814080813247', '10', '2025', 8, 41, 6, 3, 5, 4, 12, '2025-10-19 06:00:19', '2025-10-19 06:00:19'),
(990, '15983774914677331175', '10', '2025', 8, 37, 6, 2, 4, 2, 8, '2025-10-19 06:00:19', '2025-10-19 06:00:19'),
(991, '11303181436640183500', '10', '2025', 8, 38, 6, 5, 2, 4, 11, '2025-10-19 06:00:19', '2025-10-19 06:00:19'),
(992, '346685242323651818', '10', '2025', 8, 34, 6, 4, 2, 3, 9, '2025-10-19 06:00:19', '2025-10-19 06:00:19'),
(993, '18426524062544509896', '10', '2025', 8, 35, 6, 4, 2, 3, 9, '2025-10-19 06:00:19', '2025-10-19 06:00:19'),
(994, '2748253539227405495', '10', '2025', 8, 43, 6, 4, 3, 3, 10, '2025-10-19 06:00:19', '2025-10-19 06:00:19'),
(995, '17474189413549841635', '10', '2025', 8, 42, 6, 3, 4, 3, 10, '2025-10-19 06:00:19', '2025-10-19 06:00:19'),
(996, '8179248197782321524', '10', '2025', 8, 40, 6, 4, 3, 3, 10, '2025-10-19 06:00:19', '2025-10-19 06:00:19'),
(997, '14769594179716599656', '10', '2025', 8, 39, 6, 4, 2, 3, 9, '2025-10-19 06:00:19', '2025-10-19 06:00:19'),
(998, '13906885408841846151', '10', '2025', 8, 36, 6, 4, 3, 3, 10, '2025-10-19 06:00:19', '2025-10-19 06:00:19'),
(999, '17900599293186714500', '10', '2025', 8, 46, 6, 2, 5, 3, 10, '2025-10-19 06:00:19', '2025-10-19 06:00:19'),
(1000, '12386664728128830430', '10', '2025', 8, 45, 6, 3, 7, 5, 15, '2025-10-19 06:00:19', '2025-10-19 06:00:19'),
(1001, '12988596919507049537', '10', '2025', 8, 44, 6, 1, 7, 3, 11, '2025-10-19 06:00:19', '2025-10-19 06:00:19'),
(1002, '6200781159500755110', '10', '2025', 7, 29, 6, 4, 2, 3, 9, '2025-10-19 06:00:19', '2025-10-19 06:00:19'),
(1003, '1583949111844360710', '10', '2025', 7, 27, 6, 4, 2, 3, 9, '2025-10-19 06:00:19', '2025-10-19 06:00:19'),
(1004, '15135659767894891803', '10', '2025', 7, 32, 6, 5, 3, 4, 12, '2025-10-19 06:00:19', '2025-10-19 06:00:19'),
(1005, '13829171199000072504', '10', '2025', 7, 30, 6, 4, 3, 3, 10, '2025-10-19 06:00:19', '2025-10-19 06:00:19'),
(1006, '6699677181485116542', '10', '2025', 7, 31, 6, 3, 3, 2, 8, '2025-10-19 06:00:19', '2025-10-19 06:00:19'),
(1007, '3355075986758675397', '10', '2025', 7, 28, 6, 3, 3, 2, 8, '2025-10-19 06:00:19', '2025-10-19 06:00:19'),
(1008, '8911928975492424011', '10', '2025', 7, 33, 6, 5, 3, 4, 12, '2025-10-19 06:00:19', '2025-10-19 06:00:19'),
(1009, '7019114314731469653', '10', '2025', 2, 142, 6, 3, 5, 4, 12, '2025-10-19 06:00:19', '2025-10-19 06:00:19'),
(1010, '17069917703875012117', '10', '2025', 2, 141, 6, 1, 5, 2, 8, '2025-10-19 06:00:19', '2025-10-19 06:00:19'),
(1011, '10641845601019198783', '10', '2025', 2, 148, 6, 5, 2, 4, 11, '2025-10-19 06:00:19', '2025-10-19 06:00:19'),
(1012, '10650626625304730982', '10', '2025', 2, 149, 6, 4, 3, 3, 10, '2025-10-19 06:00:19', '2025-10-19 06:00:19'),
(1013, '9864084146386730713', '10', '2025', 2, 143, 6, 4, 4, 4, 12, '2025-10-19 06:00:19', '2025-10-19 06:00:19'),
(1014, '895234780877250048', '10', '2025', 2, 140, 6, 4, 3, 3, 10, '2025-10-19 06:00:19', '2025-10-19 06:00:19'),
(1015, '3656026404987913403', '10', '2025', 2, 146, 6, 3, 3, 2, 8, '2025-10-19 06:00:19', '2025-10-19 06:00:19'),
(1016, '18138284295173779610', '10', '2025', 2, 145, 6, 3, 4, 3, 10, '2025-10-19 06:00:19', '2025-10-19 06:00:19'),
(1017, '14868796366377089804', '10', '2025', 2, 147, 6, 3, 6, 4, 13, '2025-10-19 06:00:19', '2025-10-19 06:00:19'),
(1018, '15768039727414690125', '10', '2025', 2, 144, 6, 6, 3, 5, 14, '2025-10-19 06:00:19', '2025-10-19 06:00:19'),
(1019, '17812977202088646570', '10', '2025', 14, 151, 6, 7, 2, 6, 15, '2025-10-19 06:00:19', '2025-10-19 06:00:19'),
(1020, '16350666111829067889', '10', '2025', 14, 156, 6, 5, 3, 4, 12, '2025-10-19 06:00:19', '2025-10-19 06:00:19'),
(1021, '11222704011057603196', '10', '2025', 14, 154, 6, 6, 3, 5, 14, '2025-10-19 06:00:19', '2025-10-19 06:00:19'),
(1022, '4739349847218110474', '10', '2025', 14, 155, 6, 1, 1, 1, 3, '2025-10-19 06:00:19', '2025-10-19 06:00:19'),
(1023, '15566796780404484645', '10', '2025', 14, 153, 6, 4, 1, 2, 7, '2025-10-19 06:00:19', '2025-10-19 06:00:19'),
(1024, '7512254755440811040', '10', '2025', 14, 157, 6, 5, 3, 4, 12, '2025-10-19 06:00:19', '2025-10-19 06:00:19'),
(1025, '14850707157466856360', '10', '2025', 14, 152, 6, 4, 2, 3, 9, '2025-10-19 06:00:19', '2025-10-19 06:00:19'),
(1026, '3685731156750563016', '10', '2025', 14, 150, 6, 5, 2, 4, 11, '2025-10-19 06:00:19', '2025-10-19 06:00:19'),
(1027, '17394330485314907042', '10', '2025', 14, 158, 6, 4, 1, 2, 7, '2025-10-19 06:00:19', '2025-10-19 06:00:19'),
(1028, '12306515292460359642', '10', '2025', 3, 135, 6, 2, 4, 2, 8, '2025-10-19 06:00:19', '2025-10-19 06:00:19'),
(1029, '15697646925517453666', '10', '2025', 3, 129, 6, 2, 4, 2, 8, '2025-10-19 06:00:19', '2025-10-19 06:00:19'),
(1030, '11888948070325947920', '10', '2025', 3, 128, 6, 3, 4, 3, 10, '2025-10-19 06:00:19', '2025-10-19 06:00:19'),
(1031, '3271178606863445053', '10', '2025', 3, 126, 6, 2, 4, 2, 8, '2025-10-19 06:00:19', '2025-10-19 06:00:19'),
(1032, '1243949578089621507', '10', '2025', 3, 133, 6, 3, 3, 2, 8, '2025-10-19 06:00:19', '2025-10-19 06:00:19'),
(1033, '4732771795799958600', '10', '2025', 3, 127, 6, 4, 3, 3, 10, '2025-10-19 06:00:19', '2025-10-19 06:00:19'),
(1034, '18419119015108100828', '10', '2025', 3, 132, 6, 2, 4, 2, 8, '2025-10-19 06:00:19', '2025-10-19 06:00:19'),
(1035, '3470889960504595191', '10', '2025', 3, 138, 6, 2, 4, 2, 8, '2025-10-19 06:00:19', '2025-10-19 06:00:19'),
(1036, '9742531741016896383', '10', '2025', 3, 130, 6, 2, 6, 3, 11, '2025-10-19 06:00:19', '2025-10-19 06:00:19'),
(1037, '9093667836595695318', '10', '2025', 3, 125, 6, 2, 5, 3, 10, '2025-10-19 06:00:19', '2025-10-19 06:00:19'),
(1038, '8919298158347022783', '10', '2025', 3, 131, 6, 2, 5, 3, 10, '2025-10-19 06:00:19', '2025-10-19 06:00:19'),
(1039, '6711104217050192283', '10', '2025', 3, 134, 6, 3, 6, 4, 13, '2025-10-19 06:00:19', '2025-10-19 06:00:19'),
(1040, '1374170139424220943', '10', '2025', 3, 139, 6, 2, 4, 2, 8, '2025-10-19 06:00:19', '2025-10-19 06:00:19'),
(1041, '11417039290799154848', '10', '2025', 3, 136, 6, 1, 6, 2, 9, '2025-10-19 06:00:19', '2025-10-19 06:00:19'),
(1042, '1327434869529516612', '10', '2025', 3, 137, 6, 3, 4, 3, 10, '2025-10-19 06:00:19', '2025-10-19 06:00:19'),
(1043, '4778187356876826132', '10', '2025', 1, 106, 6, 4, 2, 3, 9, '2025-10-19 06:00:19', '2025-10-19 06:00:19'),
(1044, '1427649989034461822', '10', '2025', 1, 109, 6, 4, 1, 2, 7, '2025-10-19 06:00:19', '2025-10-19 06:00:19'),
(1045, '10011085346656932871', '10', '2025', 1, 110, 6, 6, 2, 5, 13, '2025-10-19 06:00:19', '2025-10-19 06:00:19'),
(1046, '16490719418169851418', '10', '2025', 1, 100, 6, 5, 2, 4, 11, '2025-10-19 06:00:19', '2025-10-19 06:00:19'),
(1047, '12680334220085588926', '10', '2025', 1, 99, 6, 3, 2, 2, 7, '2025-10-19 06:00:19', '2025-10-19 06:00:19'),
(1048, '8388519657255952365', '10', '2025', 1, 101, 6, 3, 6, 4, 13, '2025-10-19 06:00:19', '2025-10-19 06:00:19'),
(1049, '11327081166483011436', '10', '2025', 1, 111, 6, 2, 5, 3, 10, '2025-10-19 06:00:19', '2025-10-19 06:00:19'),
(1050, '10057804021484894978', '10', '2025', 1, 102, 6, 3, 2, 2, 7, '2025-10-19 06:00:19', '2025-10-19 06:00:19'),
(1051, '12769091245901402772', '10', '2025', 1, 103, 6, 2, 4, 2, 8, '2025-10-19 06:00:19', '2025-10-19 06:00:19'),
(1052, '6218778608417302455', '10', '2025', 1, 104, 6, 2, 3, 2, 7, '2025-10-19 06:00:19', '2025-10-19 06:00:19'),
(1053, '14280389335521238047', '10', '2025', 1, 107, 6, 1, 3, 1, 5, '2025-10-19 06:00:19', '2025-10-19 06:00:19'),
(1054, '15921984934998852949', '10', '2025', 1, 112, 6, 1, 5, 2, 8, '2025-10-19 06:00:19', '2025-10-19 06:00:19'),
(1055, '10419704193484292906', '10', '2025', 1, 114, 6, 1, 3, 1, 5, '2025-10-19 06:00:19', '2025-10-19 06:00:19'),
(1056, '16690479618042239808', '10', '2025', 1, 105, 6, 4, 4, 4, 12, '2025-10-19 06:00:19', '2025-10-19 06:00:19'),
(1057, '10435514416815165442', '10', '2025', 1, 108, 6, 4, 2, 3, 9, '2025-10-19 06:00:19', '2025-10-19 06:00:19'),
(1058, '4379967379716489414', '10', '2025', 1, 113, 6, 2, 3, 2, 7, '2025-10-19 06:00:19', '2025-10-19 06:00:19'),
(1059, '14213921371278956047', '10', '2025', 16, 171, 6, 1, 5, 2, 8, '2025-10-19 06:00:19', '2025-10-19 06:00:19'),
(1060, '8700595390464067920', '10', '2025', 16, 177, 6, 1, 3, 1, 5, '2025-10-19 06:00:19', '2025-10-19 06:00:19'),
(1061, '17556232710550278263', '10', '2025', 16, 172, 6, 4, 4, 4, 12, '2025-10-19 06:00:19', '2025-10-19 06:00:19'),
(1062, '2194543411142369132', '10', '2025', 16, 176, 6, 2, 6, 3, 11, '2025-10-19 06:00:19', '2025-10-19 06:00:19'),
(1063, '6549634518622009810', '10', '2025', 16, 174, 6, 4, 4, 4, 12, '2025-10-19 06:00:19', '2025-10-19 06:00:19'),
(1064, '7791869439398304606', '10', '2025', 16, 175, 6, 5, 3, 4, 12, '2025-10-19 06:00:19', '2025-10-19 06:00:19'),
(1065, '10416894240662481969', '10', '2025', 16, 173, 6, 3, 5, 4, 12, '2025-10-19 06:00:19', '2025-10-19 06:00:19'),
(1066, '4095649007632970149', '10', '2025', 11, 82, 6, 2, 3, 2, 7, '2025-10-19 06:00:19', '2025-10-19 06:00:19'),
(1067, '8792543345802530440', '10', '2025', 11, 86, 6, 2, 4, 2, 8, '2025-10-19 06:00:19', '2025-10-19 06:00:19'),
(1068, '14346174525079067675', '10', '2025', 11, 78, 6, 3, 1, 1, 5, '2025-10-19 06:00:19', '2025-10-19 06:00:19'),
(1069, '3720696969835777023', '10', '2025', 11, 81, 6, 3, 1, 1, 5, '2025-10-19 06:00:19', '2025-10-19 06:00:19'),
(1070, '10154713839516021996', '10', '2025', 11, 77, 6, 2, 3, 2, 7, '2025-10-19 06:00:19', '2025-10-19 06:00:19'),
(1071, '2030282629164588528', '10', '2025', 11, 80, 6, 2, 1, 1, 4, '2025-10-19 06:00:19', '2025-10-19 06:00:19'),
(1072, '14591185085019224480', '10', '2025', 11, 83, 6, 3, 2, 2, 7, '2025-10-19 06:00:19', '2025-10-19 06:00:19'),
(1073, '7483231322111530312', '10', '2025', 11, 84, 6, 3, 1, 1, 5, '2025-10-19 06:00:19', '2025-10-19 06:00:19'),
(1074, '16333121528252358738', '10', '2025', 11, 79, 6, 2, 2, 1, 5, '2025-10-19 06:00:19', '2025-10-19 06:00:19'),
(1075, '13982024026912253495', '10', '2025', 11, 85, 6, 2, 1, 1, 4, '2025-10-19 06:00:19', '2025-10-19 06:00:19'),
(1076, '12288296027031567988', '10', '2025', 10, 64, 7, 1, 3, 1, 0, '2025-10-19 06:04:48', '2025-10-19 06:04:48'),
(1077, '8458765356277678396', '10', '2025', 10, 63, 7, 1, 6, 2, 0, '2025-10-19 06:04:48', '2025-10-19 06:04:48'),
(1078, '14904646981986014792', '10', '2025', 10, 67, 7, 1, 7, 3, 0, '2025-10-19 06:04:48', '2025-10-19 06:04:48'),
(1079, '4401683892838666003', '10', '2025', 10, 72, 7, 1, 7, 3, 0, '2025-10-19 06:04:48', '2025-10-19 06:04:48'),
(1080, '1615087363695385025', '10', '2025', 10, 73, 7, 1, 4, 1, 0, '2025-10-19 06:04:48', '2025-10-19 06:04:48'),
(1081, '10916962669577256813', '10', '2025', 10, 74, 7, 1, 4, 1, 0, '2025-10-19 06:04:48', '2025-10-19 06:04:48'),
(1082, '7119095427369465924', '10', '2025', 10, 66, 7, 2, 2, 1, 0, '2025-10-19 06:04:48', '2025-10-19 06:04:48'),
(1083, '1667734417711878928', '10', '2025', 10, 69, 7, 1, 3, 1, 0, '2025-10-19 06:04:48', '2025-10-19 06:04:48'),
(1084, '16199612682531200544', '10', '2025', 10, 65, 7, 1, 5, 2, 0, '2025-10-19 06:04:48', '2025-10-19 06:04:48'),
(1085, '10340275252419350097', '10', '2025', 10, 68, 7, 1, 2, 1, 0, '2025-10-19 06:04:48', '2025-10-19 06:04:48'),
(1086, '5727756589180356799', '10', '2025', 10, 71, 7, 1, 4, 1, 0, '2025-10-19 06:04:48', '2025-10-19 06:04:48'),
(1087, '4197927397376597859', '10', '2025', 10, 70, 7, 1, 4, 1, 0, '2025-10-19 06:04:48', '2025-10-19 06:04:48'),
(1088, '14026145765592218863', '10', '2025', 10, 75, 7, 1, 2, 1, 0, '2025-10-19 06:04:48', '2025-10-19 06:04:48'),
(1089, '7478115163036449019', '10', '2025', 10, 76, 7, 1, 4, 1, 0, '2025-10-19 06:04:48', '2025-10-19 06:04:48'),
(1090, '4219868221031061267', '10', '2025', 9, 48, 7, 1, 3, 1, 0, '2025-10-19 06:04:48', '2025-10-19 06:04:48'),
(1091, '4178520876221213923', '10', '2025', 9, 57, 7, 1, 5, 2, 0, '2025-10-19 06:04:48', '2025-10-19 06:04:48'),
(1092, '3825447369054538042', '10', '2025', 9, 62, 7, 1, 4, 1, 0, '2025-10-19 06:04:48', '2025-10-19 06:04:48'),
(1093, '3818379697135980245', '10', '2025', 9, 55, 7, 1, 4, 1, 0, '2025-10-19 06:04:48', '2025-10-19 06:04:48'),
(1094, '12184127149423615896', '10', '2025', 9, 52, 7, 1, 4, 1, 0, '2025-10-19 06:04:48', '2025-10-19 06:04:48'),
(1095, '4594212112011427047', '10', '2025', 9, 56, 7, 1, 2, 1, 0, '2025-10-19 06:04:48', '2025-10-19 06:04:48'),
(1096, '1323978971792288776', '10', '2025', 9, 53, 7, 1, 5, 2, 0, '2025-10-19 06:04:48', '2025-10-19 06:04:48'),
(1097, '2654463227974065415', '10', '2025', 9, 54, 7, 1, 4, 1, 0, '2025-10-19 06:04:48', '2025-10-19 06:04:48'),
(1098, '16684431104068460233', '10', '2025', 9, 47, 7, 1, 6, 2, 0, '2025-10-19 06:04:48', '2025-10-19 06:04:48'),
(1099, '277967714051702311', '10', '2025', 9, 49, 7, 1, 7, 3, 0, '2025-10-19 06:04:48', '2025-10-19 06:04:48'),
(1100, '9023675571378475965', '10', '2025', 9, 51, 7, 1, 5, 2, 0, '2025-10-19 06:04:48', '2025-10-19 06:04:48'),
(1101, '123518645448417061', '10', '2025', 9, 58, 7, 1, 4, 1, 0, '2025-10-19 06:04:48', '2025-10-19 06:04:48'),
(1102, '5366209809567540814', '10', '2025', 9, 50, 7, 1, 5, 2, 0, '2025-10-19 06:04:48', '2025-10-19 06:04:48'),
(1103, '9519515311371032866', '10', '2025', 9, 60, 7, 1, 2, 1, 0, '2025-10-19 06:04:48', '2025-10-19 06:04:48'),
(1104, '14684673596673776496', '10', '2025', 9, 61, 7, 1, 2, 1, 0, '2025-10-19 06:04:48', '2025-10-19 06:04:48'),
(1105, '10924088731843218976', '10', '2025', 9, 59, 7, 1, 2, 1, 0, '2025-10-19 06:04:48', '2025-10-19 06:04:48'),
(1106, '12157099627728808028', '10', '2025', 4, 2, 7, 1, 1, 1, 0, '2025-10-19 06:04:48', '2025-10-19 06:04:48'),
(1107, '18323338923917725840', '10', '2025', 4, 1, 7, 1, 1, 1, 0, '2025-10-19 06:04:48', '2025-10-19 06:04:48'),
(1108, '6764604963385362285', '10', '2025', 4, 3, 7, 1, 5, 2, 0, '2025-10-19 06:04:48', '2025-10-19 06:04:48'),
(1109, '12971626524748985307', '10', '2025', 4, 4, 7, 4, 2, 3, 0, '2025-10-19 06:04:48', '2025-10-19 06:04:48'),
(1110, '8247753460368240024', '10', '2025', 4, 5, 7, 2, 2, 1, 0, '2025-10-19 06:04:48', '2025-10-19 06:04:48'),
(1111, '12621148559249906104', '10', '2025', 4, 6, 7, 3, 2, 2, 0, '2025-10-19 06:04:48', '2025-10-19 06:04:48'),
(1112, '13138408973855975382', '10', '2025', 4, 7, 7, 1, 1, 1, 0, '2025-10-19 06:04:48', '2025-10-19 06:04:48'),
(1113, '2052655285212140646', '10', '2025', 4, 8, 7, 2, 2, 1, 0, '2025-10-19 06:04:48', '2025-10-19 06:04:48'),
(1114, '15622426866177691680', '10', '2025', 4, 9, 7, 2, 2, 1, 0, '2025-10-19 06:04:48', '2025-10-19 06:04:48'),
(1115, '3252733843052669202', '10', '2025', 4, 10, 7, 1, 2, 1, 0, '2025-10-19 06:04:48', '2025-10-19 06:04:48'),
(1116, '1299562130053650064', '10', '2025', 4, 11, 7, 2, 2, 1, 0, '2025-10-19 06:04:48', '2025-10-19 06:04:48'),
(1117, '6359730360824167795', '10', '2025', 6, 26, 7, 3, 3, 2, 0, '2025-10-19 06:04:48', '2025-10-19 06:04:48'),
(1118, '11778731282318851447', '10', '2025', 6, 19, 7, 1, 5, 2, 0, '2025-10-19 06:04:48', '2025-10-19 06:04:48'),
(1119, '3682797822829814675', '10', '2025', 6, 23, 7, 1, 4, 1, 0, '2025-10-19 06:04:48', '2025-10-19 06:04:48'),
(1120, '9781956993168258716', '10', '2025', 6, 22, 7, 2, 2, 1, 0, '2025-10-19 06:04:48', '2025-10-19 06:04:48'),
(1121, '8424489653089752137', '10', '2025', 6, 20, 7, 2, 3, 2, 0, '2025-10-19 06:04:48', '2025-10-19 06:04:48'),
(1122, '10908655889129192844', '10', '2025', 6, 25, 7, 2, 4, 2, 0, '2025-10-19 06:04:48', '2025-10-19 06:04:48'),
(1123, '3028188649668707614', '10', '2025', 6, 21, 7, 2, 5, 3, 0, '2025-10-19 06:04:48', '2025-10-19 06:04:48'),
(1124, '11174007454900699460', '10', '2025', 6, 24, 7, 5, 4, 5, 1, '2025-10-19 06:04:48', '2025-10-19 06:04:48'),
(1125, '4957375156813507812', '10', '2025', 13, 116, 7, 3, 5, 4, 0, '2025-10-19 06:04:48', '2025-10-19 06:04:48'),
(1126, '14317427330564801465', '10', '2025', 13, 115, 7, 3, 4, 3, 0, '2025-10-19 06:04:48', '2025-10-19 06:04:48'),
(1127, '14663308984738534513', '10', '2025', 13, 123, 7, 2, 3, 2, 0, '2025-10-19 06:04:48', '2025-10-19 06:04:48'),
(1128, '10779693198863284559', '10', '2025', 13, 120, 7, 2, 3, 2, 0, '2025-10-19 06:04:48', '2025-10-19 06:04:48'),
(1129, '3265025993958014824', '10', '2025', 13, 122, 7, 2, 5, 3, 0, '2025-10-19 06:04:48', '2025-10-19 06:04:48'),
(1130, '13149432108228901670', '10', '2025', 13, 124, 7, 3, 3, 2, 0, '2025-10-19 06:04:48', '2025-10-19 06:04:48'),
(1131, '11927822666707524283', '10', '2025', 13, 121, 7, 3, 3, 2, 0, '2025-10-19 06:04:48', '2025-10-19 06:04:48'),
(1132, '4589954872900018102', '10', '2025', 13, 117, 7, 3, 4, 3, 0, '2025-10-19 06:04:48', '2025-10-19 06:04:48'),
(1133, '5735239992266389945', '10', '2025', 13, 118, 7, 4, 4, 4, 0, '2025-10-19 06:04:48', '2025-10-19 06:04:48'),
(1134, '6686883529151516322', '10', '2025', 13, 119, 7, 4, 2, 3, 0, '2025-10-19 06:04:48', '2025-10-19 06:04:48'),
(1135, '8542808857170445991', '10', '2025', 5, 13, 7, 3, 2, 2, 0, '2025-10-19 06:04:48', '2025-10-19 06:04:48'),
(1136, '4329239204613216619', '10', '2025', 5, 16, 7, 3, 2, 2, 0, '2025-10-19 06:04:48', '2025-10-19 06:04:48'),
(1137, '9403081555602067581', '10', '2025', 5, 14, 7, 6, 2, 5, 2, '2025-10-19 06:04:48', '2025-10-19 06:04:48'),
(1138, '7110173626035084066', '10', '2025', 5, 12, 7, 4, 1, 2, 0, '2025-10-19 06:04:48', '2025-10-19 06:04:48'),
(1139, '16357052757913394823', '10', '2025', 5, 15, 7, 2, 5, 3, 0, '2025-10-19 06:04:48', '2025-10-19 06:04:48'),
(1140, '259783395017061292', '10', '2025', 5, 18, 7, 7, 3, 6, 2, '2025-10-19 06:04:48', '2025-10-19 06:04:48'),
(1141, '12172743999540587574', '10', '2025', 5, 17, 7, 3, 2, 2, 0, '2025-10-19 06:04:48', '2025-10-19 06:04:48'),
(1142, '5192106699312889645', '10', '2025', 15, 165, 7, 1, 1, 1, 0, '2025-10-19 06:04:48', '2025-10-19 06:04:48'),
(1143, '17268879597959960807', '10', '2025', 15, 164, 7, 1, 1, 1, 0, '2025-10-19 06:04:48', '2025-10-19 06:04:48'),
(1144, '4669491251044951699', '10', '2025', 15, 162, 7, 1, 2, 1, 0, '2025-10-19 06:04:48', '2025-10-19 06:04:48'),
(1145, '12358788873010356151', '10', '2025', 15, 170, 7, 1, 4, 1, 0, '2025-10-19 06:04:48', '2025-10-19 06:04:48'),
(1146, '1614669633652451943', '10', '2025', 15, 159, 7, 1, 3, 1, 0, '2025-10-19 06:04:48', '2025-10-19 06:04:48'),
(1147, '7597668734243481908', '10', '2025', 15, 163, 7, 1, 2, 1, 0, '2025-10-19 06:04:48', '2025-10-19 06:04:48'),
(1148, '18204519469747100214', '10', '2025', 15, 168, 7, 3, 1, 1, 1, '2025-10-19 06:04:48', '2025-10-19 06:04:48'),
(1149, '5856249382817387607', '10', '2025', 15, 166, 7, 1, 1, 1, 0, '2025-10-19 06:04:48', '2025-10-19 06:04:48'),
(1150, '3443181120567153912', '10', '2025', 15, 160, 7, 1, 2, 1, 0, '2025-10-19 06:04:48', '2025-10-19 06:04:48'),
(1151, '12868457161467107674', '10', '2025', 15, 169, 7, 5, 1, 3, 2, '2025-10-19 06:04:48', '2025-10-19 06:04:48'),
(1152, '5955298101550596891', '10', '2025', 15, 161, 7, 3, 1, 1, 1, '2025-10-19 06:04:48', '2025-10-19 06:04:48'),
(1153, '13992386589493740330', '10', '2025', 15, 167, 7, 5, 1, 3, 1, '2025-10-19 06:04:48', '2025-10-19 06:04:48'),
(1154, '1117541405211020190', '10', '2025', 12, 87, 7, 3, 1, 1, 0, '2025-10-19 06:04:48', '2025-10-19 06:04:48'),
(1155, '10997263655293345236', '10', '2025', 12, 91, 7, 3, 1, 1, 0, '2025-10-19 06:04:48', '2025-10-19 06:04:48'),
(1156, '13493064268402671184', '10', '2025', 12, 95, 7, 2, 2, 1, 0, '2025-10-19 06:04:48', '2025-10-19 06:04:48'),
(1157, '9823607450616610516', '10', '2025', 12, 94, 7, 1, 2, 1, 0, '2025-10-19 06:04:48', '2025-10-19 06:04:48'),
(1158, '11882971656531633050', '10', '2025', 12, 92, 7, 6, 2, 5, 2, '2025-10-19 06:04:48', '2025-10-19 06:04:48'),
(1159, '9512807364925985112', '10', '2025', 12, 96, 7, 2, 2, 1, 0, '2025-10-19 06:04:48', '2025-10-19 06:04:48'),
(1160, '6189798677939791246', '10', '2025', 12, 93, 7, 4, 1, 2, 1, '2025-10-19 06:04:48', '2025-10-19 06:04:48'),
(1161, '394570725588745293', '10', '2025', 12, 90, 7, 3, 1, 1, 0, '2025-10-19 06:04:48', '2025-10-19 06:04:48'),
(1162, '18267576191567869559', '10', '2025', 12, 88, 7, 2, 2, 1, 0, '2025-10-19 06:04:48', '2025-10-19 06:04:48'),
(1163, '15900951105887323669', '10', '2025', 12, 97, 7, 4, 1, 2, 1, '2025-10-19 06:04:48', '2025-10-19 06:04:48'),
(1164, '8394453626824770158', '10', '2025', 12, 98, 7, 4, 2, 3, 1, '2025-10-19 06:04:48', '2025-10-19 06:04:48'),
(1165, '2666557796245486023', '10', '2025', 12, 89, 7, 4, 1, 2, 1, '2025-10-19 06:04:48', '2025-10-19 06:04:48'),
(1166, '11089570609635460489', '10', '2025', 8, 41, 7, 1, 4, 1, 0, '2025-10-19 06:04:48', '2025-10-19 06:04:48'),
(1167, '12513458596227285301', '10', '2025', 8, 37, 7, 1, 3, 1, 0, '2025-10-19 06:04:48', '2025-10-19 06:04:48'),
(1168, '275981788391114636', '10', '2025', 8, 38, 7, 2, 2, 1, 0, '2025-10-19 06:04:48', '2025-10-19 06:04:48'),
(1169, '12678775093661021859', '10', '2025', 8, 34, 7, 3, 1, 1, 0, '2025-10-19 06:04:48', '2025-10-19 06:04:48'),
(1170, '18398800380765162427', '10', '2025', 8, 35, 7, 2, 1, 1, 0, '2025-10-19 06:04:48', '2025-10-19 06:04:48'),
(1171, '15816697922584483737', '10', '2025', 8, 43, 7, 2, 2, 1, 0, '2025-10-19 06:04:48', '2025-10-19 06:04:48'),
(1172, '568851039799515186', '10', '2025', 8, 42, 7, 1, 4, 1, 0, '2025-10-19 06:04:48', '2025-10-19 06:04:48'),
(1173, '8521456007188280069', '10', '2025', 8, 40, 7, 6, 3, 5, 2, '2025-10-19 06:04:48', '2025-10-19 06:04:48'),
(1174, '10616172786426733816', '10', '2025', 8, 39, 7, 3, 2, 2, 1, '2025-10-19 06:04:48', '2025-10-19 06:04:48'),
(1175, '7549412041941470448', '10', '2025', 8, 36, 7, 1, 2, 1, 0, '2025-10-19 06:04:48', '2025-10-19 06:04:48'),
(1176, '13623977723078468140', '10', '2025', 8, 46, 7, 1, 5, 2, 0, '2025-10-19 06:04:48', '2025-10-19 06:04:48'),
(1177, '7742358243907760070', '10', '2025', 8, 45, 7, 1, 7, 3, 0, '2025-10-19 06:04:48', '2025-10-19 06:04:48'),
(1178, '17533641682341112634', '10', '2025', 8, 44, 7, 5, 7, 7, 1, '2025-10-19 06:04:48', '2025-10-19 06:04:48'),
(1179, '9560092721609441021', '10', '2025', 7, 29, 7, 3, 2, 2, 0, '2025-10-19 06:04:48', '2025-10-19 06:04:48'),
(1180, '6087007509925814713', '10', '2025', 7, 27, 7, 3, 2, 2, 0, '2025-10-19 06:04:48', '2025-10-19 06:04:48'),
(1181, '12395120701485878803', '10', '2025', 7, 32, 7, 4, 3, 3, 0, '2025-10-19 06:04:48', '2025-10-19 06:04:48'),
(1182, '7527470026740086883', '10', '2025', 7, 30, 7, 2, 3, 2, 0, '2025-10-19 06:04:48', '2025-10-19 06:04:48'),
(1183, '12618436458167575586', '10', '2025', 7, 31, 7, 4, 2, 3, 0, '2025-10-19 06:04:48', '2025-10-19 06:04:48'),
(1184, '16623824386212881186', '10', '2025', 7, 28, 7, 5, 2, 4, 1, '2025-10-19 06:04:48', '2025-10-19 06:04:48'),
(1185, '9304140373629285998', '10', '2025', 7, 33, 7, 2, 2, 1, 0, '2025-10-19 06:04:48', '2025-10-19 06:04:48'),
(1186, '8438223745119695433', '10', '2025', 2, 142, 7, 3, 7, 5, 0, '2025-10-19 06:04:48', '2025-10-19 06:04:48'),
(1187, '12620996714913522226', '10', '2025', 2, 141, 7, 2, 5, 3, 0, '2025-10-19 06:04:48', '2025-10-19 06:04:48'),
(1188, '504643953798030415', '10', '2025', 2, 148, 7, 6, 2, 5, 1, '2025-10-19 06:04:48', '2025-10-19 06:04:48'),
(1189, '9159980169060987393', '10', '2025', 2, 149, 7, 5, 3, 4, 0, '2025-10-19 06:04:48', '2025-10-19 06:04:48'),
(1190, '4086081002991339933', '10', '2025', 2, 143, 7, 4, 4, 4, 0, '2025-10-19 06:04:48', '2025-10-19 06:04:48'),
(1191, '5047454652264873272', '10', '2025', 2, 140, 7, 6, 3, 5, 1, '2025-10-19 06:04:48', '2025-10-19 06:04:48'),
(1192, '17107159866868677361', '10', '2025', 2, 146, 7, 3, 4, 3, 0, '2025-10-19 06:04:48', '2025-10-19 06:04:48'),
(1193, '7192084272612367255', '10', '2025', 2, 145, 7, 3, 3, 2, 0, '2025-10-19 06:04:48', '2025-10-19 06:04:48'),
(1194, '14957234035304207099', '10', '2025', 2, 147, 7, 3, 5, 4, 0, '2025-10-19 06:04:48', '2025-10-19 06:04:48'),
(1195, '3138611437752152598', '10', '2025', 2, 144, 7, 3, 2, 2, 0, '2025-10-19 06:04:48', '2025-10-19 06:04:48'),
(1196, '12616042672509309791', '10', '2025', 14, 151, 7, 7, 2, 6, 2, '2025-10-19 06:04:48', '2025-10-19 06:04:48'),
(1197, '14498349577683009713', '10', '2025', 14, 156, 7, 4, 3, 3, 0, '2025-10-19 06:04:48', '2025-10-19 06:04:48'),
(1198, '9973614218828801403', '10', '2025', 14, 154, 7, 3, 4, 3, 0, '2025-10-19 06:04:48', '2025-10-19 06:04:48'),
(1199, '9749297381932924094', '10', '2025', 14, 155, 7, 2, 2, 1, 0, '2025-10-19 06:04:48', '2025-10-19 06:04:48'),
(1200, '8721935268646942262', '10', '2025', 14, 153, 7, 4, 2, 3, 0, '2025-10-19 06:04:48', '2025-10-19 06:04:48'),
(1201, '9821568724038346336', '10', '2025', 14, 157, 7, 4, 3, 3, 0, '2025-10-19 06:04:48', '2025-10-19 06:04:48'),
(1202, '13634798660863450703', '10', '2025', 14, 152, 7, 5, 3, 4, 0, '2025-10-19 06:04:48', '2025-10-19 06:04:48'),
(1203, '13136101582154443436', '10', '2025', 14, 150, 7, 2, 2, 1, 0, '2025-10-19 06:04:48', '2025-10-19 06:04:48'),
(1204, '7971960566909525970', '10', '2025', 14, 158, 7, 3, 1, 1, 1, '2025-10-19 06:04:48', '2025-10-19 06:04:48'),
(1205, '13158908254079657124', '10', '2025', 3, 135, 7, 2, 6, 3, 0, '2025-10-19 06:04:48', '2025-10-19 06:04:48'),
(1206, '5592506760552577244', '10', '2025', 3, 129, 7, 2, 5, 3, 0, '2025-10-19 06:04:48', '2025-10-19 06:04:48'),
(1207, '12450957776955650823', '10', '2025', 3, 128, 7, 4, 4, 4, 0, '2025-10-19 06:04:48', '2025-10-19 06:04:48'),
(1208, '7938199347660865505', '10', '2025', 3, 126, 7, 3, 5, 4, 0, '2025-10-19 06:04:48', '2025-10-19 06:04:48'),
(1209, '16290230278413767501', '10', '2025', 3, 133, 7, 3, 5, 4, 0, '2025-10-19 06:04:48', '2025-10-19 06:04:48'),
(1210, '17433612433342516003', '10', '2025', 3, 127, 7, 6, 3, 5, 0, '2025-10-19 06:04:48', '2025-10-19 06:04:48'),
(1211, '7338870401780238512', '10', '2025', 3, 132, 7, 3, 5, 4, 0, '2025-10-19 06:04:48', '2025-10-19 06:04:48'),
(1212, '7530749603635695451', '10', '2025', 3, 138, 7, 3, 5, 4, 0, '2025-10-19 06:04:48', '2025-10-19 06:04:48'),
(1213, '14159803620376364114', '10', '2025', 3, 130, 7, 3, 7, 5, 0, '2025-10-19 06:04:48', '2025-10-19 06:04:48'),
(1214, '8310958498020651043', '10', '2025', 3, 125, 7, 3, 7, 5, 0, '2025-10-19 06:04:48', '2025-10-19 06:04:48'),
(1215, '14590915351493296418', '10', '2025', 3, 131, 7, 3, 4, 3, 0, '2025-10-19 06:04:48', '2025-10-19 06:04:48'),
(1216, '5615966854718020958', '10', '2025', 3, 134, 7, 2, 5, 3, 0, '2025-10-19 06:04:48', '2025-10-19 06:04:48'),
(1217, '8529090783842935341', '10', '2025', 3, 139, 7, 2, 6, 3, 0, '2025-10-19 06:04:48', '2025-10-19 06:04:48'),
(1218, '7436359258372377402', '10', '2025', 3, 136, 7, 2, 7, 4, 0, '2025-10-19 06:04:48', '2025-10-19 06:04:48'),
(1219, '12975227358095177895', '10', '2025', 3, 137, 7, 4, 4, 4, 0, '2025-10-19 06:04:48', '2025-10-19 06:04:48'),
(1220, '4201916393576762285', '10', '2025', 1, 106, 7, 3, 1, 1, 0, '2025-10-19 06:04:48', '2025-10-19 06:04:48'),
(1221, '18146250259471209787', '10', '2025', 1, 109, 7, 3, 2, 2, 0, '2025-10-19 06:04:48', '2025-10-19 06:04:48'),
(1222, '10744218864558162924', '10', '2025', 1, 110, 7, 4, 2, 3, 0, '2025-10-19 06:04:48', '2025-10-19 06:04:48'),
(1223, '719317626497948629', '10', '2025', 1, 100, 7, 4, 2, 3, 0, '2025-10-19 06:04:48', '2025-10-19 06:04:48'),
(1224, '10583302963261918560', '10', '2025', 1, 99, 7, 3, 3, 2, 0, '2025-10-19 06:04:48', '2025-10-19 06:04:48'),
(1225, '11934138796428519506', '10', '2025', 1, 101, 7, 3, 5, 4, 0, '2025-10-19 06:04:48', '2025-10-19 06:04:48'),
(1226, '4474011896529125229', '10', '2025', 1, 111, 7, 2, 4, 2, 0, '2025-10-19 06:04:48', '2025-10-19 06:04:48'),
(1227, '11474476132467030371', '10', '2025', 1, 102, 7, 5, 2, 4, 1, '2025-10-19 06:04:48', '2025-10-19 06:04:48'),
(1228, '9764812547706919372', '10', '2025', 1, 103, 7, 3, 4, 3, 0, '2025-10-19 06:04:48', '2025-10-19 06:04:48'),
(1229, '170038773061499279', '10', '2025', 1, 104, 7, 2, 4, 2, 0, '2025-10-19 06:04:48', '2025-10-19 06:04:48'),
(1230, '16945016065274572293', '10', '2025', 1, 107, 7, 2, 3, 2, 0, '2025-10-19 06:04:48', '2025-10-19 06:04:48'),
(1231, '10036209923199810062', '10', '2025', 1, 112, 7, 1, 4, 1, 0, '2025-10-19 06:04:48', '2025-10-19 06:04:48'),
(1232, '2728227248639369718', '10', '2025', 1, 114, 7, 1, 3, 1, 0, '2025-10-19 06:04:48', '2025-10-19 06:04:48'),
(1233, '5262040815794097023', '10', '2025', 1, 105, 7, 6, 3, 5, 1, '2025-10-19 06:04:48', '2025-10-19 06:04:48'),
(1234, '3328298317547429216', '10', '2025', 1, 108, 7, 5, 2, 4, 1, '2025-10-19 06:04:48', '2025-10-19 06:04:48'),
(1235, '5418769242511774413', '10', '2025', 1, 113, 7, 4, 3, 3, 1, '2025-10-19 06:04:48', '2025-10-19 06:04:48'),
(1236, '7701969958287828647', '10', '2025', 16, 171, 7, 1, 6, 2, 0, '2025-10-19 06:04:48', '2025-10-19 06:04:48'),
(1237, '16193889573093742972', '10', '2025', 16, 177, 7, 1, 3, 1, 0, '2025-10-19 06:04:48', '2025-10-19 06:04:48'),
(1238, '11137219915250106922', '10', '2025', 16, 172, 7, 1, 5, 2, 0, '2025-10-19 06:04:48', '2025-10-19 06:04:48'),
(1239, '16250810510327485470', '10', '2025', 16, 176, 7, 1, 7, 3, 0, '2025-10-19 06:04:48', '2025-10-19 06:04:48'),
(1240, '16173675070246949544', '10', '2025', 16, 174, 7, 1, 3, 1, 0, '2025-10-19 06:04:48', '2025-10-19 06:04:48'),
(1241, '13651647746907184926', '10', '2025', 16, 175, 7, 2, 3, 2, 0, '2025-10-19 06:04:48', '2025-10-19 06:04:48'),
(1242, '16930287402981198912', '10', '2025', 16, 173, 7, 1, 5, 2, 0, '2025-10-19 06:04:48', '2025-10-19 06:04:48'),
(1243, '16574380261757316245', '10', '2025', 11, 82, 7, 1, 2, 1, 0, '2025-10-19 06:04:48', '2025-10-19 06:04:48'),
(1244, '13120292440495284726', '10', '2025', 11, 86, 7, 1, 3, 1, 0, '2025-10-19 06:04:48', '2025-10-19 06:04:48'),
(1245, '12458626579430359409', '10', '2025', 11, 78, 7, 2, 1, 1, 0, '2025-10-19 06:04:48', '2025-10-19 06:04:48'),
(1246, '3706959042336523785', '10', '2025', 11, 81, 7, 1, 2, 1, 0, '2025-10-19 06:04:48', '2025-10-19 06:04:48'),
(1247, '3832036208780133522', '10', '2025', 11, 77, 7, 1, 3, 1, 0, '2025-10-19 06:04:48', '2025-10-19 06:04:48'),
(1248, '18424760980934790108', '10', '2025', 11, 80, 7, 2, 1, 1, 0, '2025-10-19 06:04:48', '2025-10-19 06:04:48'),
(1249, '14578291540627299187', '10', '2025', 11, 83, 7, 3, 2, 2, 1, '2025-10-19 06:04:48', '2025-10-19 06:04:48'),
(1250, '6712494924052795925', '10', '2025', 11, 84, 7, 2, 1, 1, 1, '2025-10-19 06:04:48', '2025-10-19 06:04:48'),
(1251, '1917131477406115315', '10', '2025', 11, 79, 7, 1, 2, 1, 0, '2025-10-19 06:04:48', '2025-10-19 06:04:48'),
(1252, '2093064847319480290', '10', '2025', 11, 85, 7, 1, 1, 1, 0, '2025-10-19 06:04:48', '2025-10-19 06:04:48'),
(1253, '2097171792635270255', '10', '2025', 10, 64, 8, 1, 5, 2, 8, '2025-10-19 06:06:51', '2025-10-19 06:06:51'),
(1254, '2188808305114523676', '10', '2025', 10, 63, 8, 2, 5, 3, 10, '2025-10-19 06:06:51', '2025-10-19 06:06:51'),
(1255, '14073062435725005556', '10', '2025', 10, 67, 8, 4, 5, 5, 14, '2025-10-19 06:06:51', '2025-10-19 06:06:51'),
(1256, '10686301187301956323', '10', '2025', 10, 72, 8, 3, 6, 4, 13, '2025-10-19 06:06:51', '2025-10-19 06:06:51'),
(1257, '5626772252625180536', '10', '2025', 10, 73, 8, 3, 4, 3, 10, '2025-10-19 06:06:51', '2025-10-19 06:06:51'),
(1258, '14281182503587062415', '10', '2025', 10, 74, 8, 1, 6, 2, 9, '2025-10-19 06:06:51', '2025-10-19 06:06:51'),
(1259, '2079766655936037623', '10', '2025', 10, 66, 8, 1, 4, 1, 6, '2025-10-19 06:06:51', '2025-10-19 06:06:51'),
(1260, '9536811244139109528', '10', '2025', 10, 69, 8, 1, 4, 1, 6, '2025-10-19 06:06:51', '2025-10-19 06:06:51'),
(1261, '17002117647432450137', '10', '2025', 10, 65, 8, 1, 6, 2, 9, '2025-10-19 06:06:51', '2025-10-19 06:06:51'),
(1262, '10101483093286828015', '10', '2025', 10, 68, 8, 1, 4, 1, 6, '2025-10-19 06:06:51', '2025-10-19 06:06:51'),
(1263, '12095508776653200667', '10', '2025', 10, 71, 8, 1, 4, 1, 6, '2025-10-19 06:06:51', '2025-10-19 06:06:51'),
(1264, '11380416101348052067', '10', '2025', 10, 70, 8, 1, 3, 1, 5, '2025-10-19 06:06:51', '2025-10-19 06:06:51'),
(1265, '2503381768763109529', '10', '2025', 10, 75, 8, 1, 3, 1, 5, '2025-10-19 06:06:51', '2025-10-19 06:06:51'),
(1266, '15816686263508192608', '10', '2025', 10, 76, 8, 1, 5, 2, 8, '2025-10-19 06:06:51', '2025-10-19 06:06:51'),
(1267, '2906244965448761879', '10', '2025', 9, 48, 8, 1, 3, 1, 5, '2025-10-19 06:06:51', '2025-10-19 06:06:51'),
(1268, '674827647056480759', '10', '2025', 9, 57, 8, 2, 5, 3, 10, '2025-10-19 06:06:51', '2025-10-19 06:06:51'),
(1269, '16449670413740886421', '10', '2025', 9, 62, 8, 2, 5, 3, 10, '2025-10-19 06:06:51', '2025-10-19 06:06:51'),
(1270, '1731062301626593934', '10', '2025', 9, 55, 8, 1, 5, 2, 8, '2025-10-19 06:06:51', '2025-10-19 06:06:51'),
(1271, '11896557805986993747', '10', '2025', 9, 52, 8, 1, 5, 2, 8, '2025-10-19 06:06:51', '2025-10-19 06:06:51'),
(1272, '13832819042544292095', '10', '2025', 9, 56, 8, 2, 4, 2, 8, '2025-10-19 06:06:51', '2025-10-19 06:06:51'),
(1273, '14440829545467560576', '10', '2025', 9, 53, 8, 1, 5, 2, 8, '2025-10-19 06:06:51', '2025-10-19 06:06:51'),
(1274, '2310781892762883628', '10', '2025', 9, 54, 8, 2, 5, 3, 10, '2025-10-19 06:06:51', '2025-10-19 06:06:51'),
(1275, '1860292777446084621', '10', '2025', 9, 47, 8, 2, 7, 4, 13, '2025-10-19 06:06:51', '2025-10-19 06:06:51'),
(1276, '831876762526058781', '10', '2025', 9, 49, 8, 2, 7, 4, 13, '2025-10-19 06:06:51', '2025-10-19 06:06:51'),
(1277, '15759863796989252556', '10', '2025', 9, 51, 8, 1, 6, 2, 9, '2025-10-19 06:06:51', '2025-10-19 06:06:51'),
(1278, '6998661588891255043', '10', '2025', 9, 58, 8, 2, 4, 2, 8, '2025-10-19 06:06:51', '2025-10-19 06:06:51'),
(1279, '11779569332329690207', '10', '2025', 9, 50, 8, 1, 6, 2, 9, '2025-10-19 06:06:51', '2025-10-19 06:06:51'),
(1280, '5344252356698462083', '10', '2025', 9, 60, 8, 2, 2, 1, 5, '2025-10-19 06:06:51', '2025-10-19 06:06:51'),
(1281, '5238100986209834145', '10', '2025', 9, 61, 8, 2, 2, 1, 5, '2025-10-19 06:06:51', '2025-10-19 06:06:51'),
(1282, '2336171867432210066', '10', '2025', 9, 59, 8, 1, 3, 1, 5, '2025-10-19 06:06:51', '2025-10-19 06:06:51'),
(1283, '9983858449314600933', '10', '2025', 4, 2, 8, 3, 2, 2, 7, '2025-10-19 06:06:51', '2025-10-19 06:06:51'),
(1284, '13074740089891119969', '10', '2025', 4, 1, 8, 2, 3, 2, 7, '2025-10-19 06:06:51', '2025-10-19 06:06:51'),
(1285, '4655933771068369859', '10', '2025', 4, 3, 8, 3, 4, 3, 10, '2025-10-19 06:06:51', '2025-10-19 06:06:51'),
(1286, '8546520160762190834', '10', '2025', 4, 4, 8, 4, 2, 3, 9, '2025-10-19 06:06:51', '2025-10-19 06:06:51'),
(1287, '633247545056992884', '10', '2025', 4, 5, 8, 2, 2, 1, 5, '2025-10-19 06:06:51', '2025-10-19 06:06:51'),
(1288, '1224514242961329165', '10', '2025', 4, 6, 8, 2, 2, 1, 5, '2025-10-19 06:06:51', '2025-10-19 06:06:51'),
(1289, '9447663563305198422', '10', '2025', 4, 7, 8, 2, 2, 1, 5, '2025-10-19 06:06:51', '2025-10-19 06:06:51'),
(1290, '11242222940514380474', '10', '2025', 4, 8, 8, 2, 2, 1, 5, '2025-10-19 06:06:51', '2025-10-19 06:06:51'),
(1291, '10028857932736163937', '10', '2025', 4, 9, 8, 1, 2, 1, 4, '2025-10-19 06:06:51', '2025-10-19 06:06:51'),
(1292, '5911667218677227231', '10', '2025', 4, 10, 8, 5, 2, 4, 11, '2025-10-19 06:06:51', '2025-10-19 06:06:51'),
(1293, '5333820248494059928', '10', '2025', 4, 11, 8, 4, 1, 2, 7, '2025-10-19 06:06:51', '2025-10-19 06:06:51'),
(1294, '3346211018374562301', '10', '2025', 6, 26, 8, 3, 2, 2, 7, '2025-10-19 06:06:51', '2025-10-19 06:06:51'),
(1295, '8321060618754305738', '10', '2025', 6, 19, 8, 2, 4, 2, 8, '2025-10-19 06:06:51', '2025-10-19 06:06:51'),
(1296, '3675237908635235395', '10', '2025', 6, 23, 8, 1, 3, 1, 5, '2025-10-19 06:06:51', '2025-10-19 06:06:51'),
(1297, '11524715634929691368', '10', '2025', 6, 22, 8, 2, 2, 1, 5, '2025-10-19 06:06:51', '2025-10-19 06:06:51'),
(1298, '7844929461555509077', '10', '2025', 6, 20, 8, 2, 4, 2, 8, '2025-10-19 06:06:51', '2025-10-19 06:06:51'),
(1299, '3265852557769427716', '10', '2025', 6, 25, 8, 2, 3, 2, 7, '2025-10-19 06:06:51', '2025-10-19 06:06:51'),
(1300, '1535526040683257488', '10', '2025', 6, 21, 8, 2, 4, 2, 8, '2025-10-19 06:06:51', '2025-10-19 06:06:51'),
(1301, '4327550054421443495', '10', '2025', 6, 24, 8, 2, 3, 2, 7, '2025-10-19 06:06:51', '2025-10-19 06:06:51'),
(1302, '13897728713551931360', '10', '2025', 13, 116, 8, 3, 2, 2, 7, '2025-10-19 06:06:51', '2025-10-19 06:06:51'),
(1303, '2740258664229677592', '10', '2025', 13, 115, 8, 2, 2, 1, 5, '2025-10-19 06:06:51', '2025-10-19 06:06:51'),
(1304, '13638168596602720196', '10', '2025', 13, 123, 8, 2, 2, 1, 5, '2025-10-19 06:06:51', '2025-10-19 06:06:51'),
(1305, '14491145482640434630', '10', '2025', 13, 120, 8, 2, 2, 1, 5, '2025-10-19 06:06:51', '2025-10-19 06:06:51'),
(1306, '12439728345459482626', '10', '2025', 13, 122, 8, 1, 2, 1, 4, '2025-10-19 06:06:51', '2025-10-19 06:06:51'),
(1307, '1397533644046641248', '10', '2025', 13, 124, 8, 3, 2, 2, 7, '2025-10-19 06:06:51', '2025-10-19 06:06:51'),
(1308, '7189457089973034542', '10', '2025', 13, 121, 8, 4, 2, 3, 9, '2025-10-19 06:06:51', '2025-10-19 06:06:51'),
(1309, '9204157893530420969', '10', '2025', 13, 117, 8, 4, 3, 3, 10, '2025-10-19 06:06:51', '2025-10-19 06:06:51'),
(1310, '12560629957377427864', '10', '2025', 13, 118, 8, 6, 2, 5, 13, '2025-10-19 06:06:51', '2025-10-19 06:06:51'),
(1311, '11269851825647219129', '10', '2025', 13, 119, 8, 7, 2, 6, 15, '2025-10-19 06:06:51', '2025-10-19 06:06:51'),
(1312, '1278623559075614059', '10', '2025', 5, 13, 8, 3, 2, 2, 7, '2025-10-19 06:06:51', '2025-10-19 06:06:51'),
(1313, '12340037594899162080', '10', '2025', 5, 16, 8, 4, 2, 3, 9, '2025-10-19 06:06:51', '2025-10-19 06:06:51'),
(1314, '5126727350839702799', '10', '2025', 5, 14, 8, 5, 1, 3, 9, '2025-10-19 06:06:51', '2025-10-19 06:06:51'),
(1315, '7121477147003129710', '10', '2025', 5, 12, 8, 5, 2, 4, 11, '2025-10-19 06:06:51', '2025-10-19 06:06:51'),
(1316, '3949148656122357651', '10', '2025', 5, 15, 8, 6, 5, 6, 17, '2025-10-19 06:06:51', '2025-10-19 06:06:51'),
(1317, '6406512442474670995', '10', '2025', 5, 18, 8, 5, 2, 4, 11, '2025-10-19 06:06:51', '2025-10-19 06:06:51'),
(1318, '5424723891358680676', '10', '2025', 5, 17, 8, 5, 1, 3, 9, '2025-10-19 06:06:51', '2025-10-19 06:06:51'),
(1319, '11777707965144518343', '10', '2025', 15, 165, 8, 4, 2, 3, 9, '2025-10-19 06:06:51', '2025-10-19 06:06:51'),
(1320, '5310854480401921186', '10', '2025', 15, 164, 8, 3, 2, 2, 7, '2025-10-19 06:06:51', '2025-10-19 06:06:51'),
(1321, '17031832365453064975', '10', '2025', 15, 162, 8, 1, 6, 2, 9, '2025-10-19 06:06:51', '2025-10-19 06:06:51'),
(1322, '8463597113973101083', '10', '2025', 15, 170, 8, 1, 4, 1, 6, '2025-10-19 06:06:51', '2025-10-19 06:06:51'),
(1323, '13639091877270567239', '10', '2025', 15, 159, 8, 1, 4, 1, 6, '2025-10-19 06:06:51', '2025-10-19 06:06:51'),
(1324, '13236968893458435468', '10', '2025', 15, 163, 8, 2, 4, 2, 8, '2025-10-19 06:06:51', '2025-10-19 06:06:51'),
(1325, '12625037566918527747', '10', '2025', 15, 168, 8, 3, 2, 2, 7, '2025-10-19 06:06:51', '2025-10-19 06:06:51'),
(1326, '127464619693653414', '10', '2025', 15, 166, 8, 2, 3, 2, 7, '2025-10-19 06:06:51', '2025-10-19 06:06:51'),
(1327, '16345829507413556613', '10', '2025', 15, 160, 8, 1, 5, 2, 8, '2025-10-19 06:06:51', '2025-10-19 06:06:51'),
(1328, '16747614356317705978', '10', '2025', 15, 169, 8, 5, 2, 4, 11, '2025-10-19 06:06:51', '2025-10-19 06:06:51'),
(1329, '8714397818722497330', '10', '2025', 15, 161, 8, 2, 3, 2, 7, '2025-10-19 06:06:51', '2025-10-19 06:06:51'),
(1330, '3004162268529825071', '10', '2025', 15, 167, 8, 5, 2, 4, 11, '2025-10-19 06:06:51', '2025-10-19 06:06:51'),
(1331, '17169416135722634007', '10', '2025', 12, 87, 8, 4, 3, 3, 10, '2025-10-19 06:06:51', '2025-10-19 06:06:51'),
(1332, '10691795059903308570', '10', '2025', 12, 91, 8, 3, 2, 2, 7, '2025-10-19 06:06:51', '2025-10-19 06:06:51'),
(1333, '1581183072691621702', '10', '2025', 12, 95, 8, 4, 2, 3, 9, '2025-10-19 06:06:51', '2025-10-19 06:06:51'),
(1334, '18284015462189820095', '10', '2025', 12, 94, 8, 3, 4, 3, 10, '2025-10-19 06:06:51', '2025-10-19 06:06:51'),
(1335, '5986278359461715056', '10', '2025', 12, 92, 8, 3, 3, 2, 8, '2025-10-19 06:06:51', '2025-10-19 06:06:51'),
(1336, '146768761337138550', '10', '2025', 12, 96, 8, 4, 3, 3, 10, '2025-10-19 06:06:51', '2025-10-19 06:06:51'),
(1337, '13055369416674721687', '10', '2025', 12, 93, 8, 4, 2, 3, 9, '2025-10-19 06:06:51', '2025-10-19 06:06:51'),
(1338, '12529672107770541704', '10', '2025', 12, 90, 8, 4, 2, 3, 9, '2025-10-19 06:06:51', '2025-10-19 06:06:51'),
(1339, '11668941369326604866', '10', '2025', 12, 88, 8, 2, 3, 2, 7, '2025-10-19 06:06:51', '2025-10-19 06:06:51'),
(1340, '1882905457617421584', '10', '2025', 12, 97, 8, 4, 2, 3, 9, '2025-10-19 06:06:51', '2025-10-19 06:06:51'),
(1341, '6345937492278183724', '10', '2025', 12, 98, 8, 4, 3, 3, 10, '2025-10-19 06:06:51', '2025-10-19 06:06:51'),
(1342, '9305561157481138425', '10', '2025', 12, 89, 8, 6, 1, 4, 11, '2025-10-19 06:06:51', '2025-10-19 06:06:51'),
(1343, '5542689226384687256', '10', '2025', 8, 41, 8, 3, 4, 3, 10, '2025-10-19 06:06:51', '2025-10-19 06:06:51'),
(1344, '6856432221678926422', '10', '2025', 8, 37, 8, 2, 2, 1, 5, '2025-10-19 06:06:51', '2025-10-19 06:06:51'),
(1345, '8987703043970236280', '10', '2025', 8, 38, 8, 4, 1, 2, 7, '2025-10-19 06:06:51', '2025-10-19 06:06:51'),
(1346, '346685242323651818', '10', '2025', 8, 34, 8, 4, 2, 3, 9, '2025-10-19 06:06:51', '2025-10-19 06:06:51'),
(1347, '6449695231994115907', '10', '2025', 8, 35, 8, 3, 2, 2, 7, '2025-10-19 06:06:51', '2025-10-19 06:06:51'),
(1348, '10814020964465451656', '10', '2025', 8, 43, 8, 3, 2, 2, 7, '2025-10-19 06:06:51', '2025-10-19 06:06:51');
INSERT INTO `data` (`id`, `uuid`, `bulan`, `tahun`, `kecamatan_id`, `kelurahan_id`, `jenis_kasus_id`, `keterpaparan`, `kerentanan`, `potensial_dampak`, `jumlah_kasus`, `created_at`, `updated_at`) VALUES
(1349, '17474189413549841635', '10', '2025', 8, 42, 8, 3, 4, 3, 10, '2025-10-19 06:06:51', '2025-10-19 06:06:51'),
(1350, '1637042854322790713', '10', '2025', 8, 40, 8, 3, 3, 2, 8, '2025-10-19 06:06:51', '2025-10-19 06:06:51'),
(1351, '2071703852203115141', '10', '2025', 8, 39, 8, 3, 3, 2, 8, '2025-10-19 06:06:51', '2025-10-19 06:06:51'),
(1352, '14447694894383077924', '10', '2025', 8, 36, 8, 3, 2, 2, 7, '2025-10-19 06:06:51', '2025-10-19 06:06:51'),
(1353, '17900599293186714500', '10', '2025', 8, 46, 8, 2, 5, 3, 10, '2025-10-19 06:06:51', '2025-10-19 06:06:51'),
(1354, '10895240190685943864', '10', '2025', 8, 45, 8, 2, 6, 3, 11, '2025-10-19 06:06:51', '2025-10-19 06:06:51'),
(1355, '8329212700033004009', '10', '2025', 8, 44, 8, 1, 6, 2, 9, '2025-10-19 06:06:51', '2025-10-19 06:06:51'),
(1356, '6200781159500755110', '10', '2025', 7, 29, 8, 4, 2, 3, 9, '2025-10-19 06:06:51', '2025-10-19 06:06:51'),
(1357, '1583949111844360710', '10', '2025', 7, 27, 8, 4, 2, 3, 9, '2025-10-19 06:06:51', '2025-10-19 06:06:51'),
(1358, '15135659767894891803', '10', '2025', 7, 32, 8, 5, 3, 4, 12, '2025-10-19 06:06:51', '2025-10-19 06:06:51'),
(1359, '10618960844533433847', '10', '2025', 7, 30, 8, 3, 2, 2, 7, '2025-10-19 06:06:51', '2025-10-19 06:06:51'),
(1360, '14975881565882109924', '10', '2025', 7, 31, 8, 5, 3, 4, 12, '2025-10-19 06:06:51', '2025-10-19 06:06:51'),
(1361, '511143351777682144', '10', '2025', 7, 28, 8, 4, 2, 3, 9, '2025-10-19 06:06:51', '2025-10-19 06:06:51'),
(1362, '17797958090055061156', '10', '2025', 7, 33, 8, 4, 3, 3, 10, '2025-10-19 06:06:51', '2025-10-19 06:06:51'),
(1363, '16252799667586919926', '10', '2025', 2, 142, 8, 4, 3, 3, 10, '2025-10-19 06:06:51', '2025-10-19 06:06:51'),
(1364, '4522057315151276969', '10', '2025', 2, 141, 8, 2, 2, 1, 5, '2025-10-19 06:06:51', '2025-10-19 06:06:51'),
(1365, '9639221210459933478', '10', '2025', 2, 148, 8, 6, 1, 4, 11, '2025-10-19 06:06:51', '2025-10-19 06:06:51'),
(1366, '12109726901380954272', '10', '2025', 2, 149, 8, 6, 2, 5, 13, '2025-10-19 06:06:51', '2025-10-19 06:06:51'),
(1367, '12084491516639354976', '10', '2025', 2, 143, 8, 6, 2, 5, 13, '2025-10-19 06:06:51', '2025-10-19 06:06:51'),
(1368, '6622674228835377391', '10', '2025', 2, 140, 8, 6, 1, 4, 11, '2025-10-19 06:06:51', '2025-10-19 06:06:51'),
(1369, '8669566285987964187', '10', '2025', 2, 146, 8, 5, 1, 3, 9, '2025-10-19 06:06:51', '2025-10-19 06:06:51'),
(1370, '14953259376910443757', '10', '2025', 2, 145, 8, 3, 2, 2, 7, '2025-10-19 06:06:51', '2025-10-19 06:06:51'),
(1371, '12279273125432039633', '10', '2025', 2, 147, 8, 3, 3, 2, 8, '2025-10-19 06:06:51', '2025-10-19 06:06:51'),
(1372, '18408609696051260924', '10', '2025', 2, 144, 8, 3, 1, 1, 5, '2025-10-19 06:06:51', '2025-10-19 06:06:51'),
(1373, '14689504604564463219', '10', '2025', 14, 151, 8, 6, 1, 4, 11, '2025-10-19 06:06:51', '2025-10-19 06:06:51'),
(1374, '4958680747352545757', '10', '2025', 14, 156, 8, 7, 1, 5, 13, '2025-10-19 06:06:51', '2025-10-19 06:06:51'),
(1375, '8589645309582886583', '10', '2025', 14, 154, 8, 7, 1, 5, 13, '2025-10-19 06:06:51', '2025-10-19 06:06:51'),
(1376, '13014122341723928652', '10', '2025', 14, 155, 8, 4, 2, 3, 9, '2025-10-19 06:06:51', '2025-10-19 06:06:51'),
(1377, '4866757936348753820', '10', '2025', 14, 153, 8, 6, 1, 4, 11, '2025-10-19 06:06:51', '2025-10-19 06:06:51'),
(1378, '11342310482841882684', '10', '2025', 14, 157, 8, 7, 1, 5, 13, '2025-10-19 06:06:51', '2025-10-19 06:06:51'),
(1379, '9463297032573614723', '10', '2025', 14, 152, 8, 6, 1, 4, 11, '2025-10-19 06:06:51', '2025-10-19 06:06:51'),
(1380, '15000765536311611299', '10', '2025', 14, 150, 8, 5, 1, 3, 9, '2025-10-19 06:06:51', '2025-10-19 06:06:51'),
(1381, '17338573052037104041', '10', '2025', 14, 158, 8, 3, 1, 1, 5, '2025-10-19 06:06:51', '2025-10-19 06:06:51'),
(1382, '5630222600176432019', '10', '2025', 3, 135, 8, 2, 2, 1, 5, '2025-10-19 06:06:51', '2025-10-19 06:06:51'),
(1383, '5473479712581461518', '10', '2025', 3, 129, 8, 2, 1, 1, 4, '2025-10-19 06:06:51', '2025-10-19 06:06:51'),
(1384, '2166902260623152644', '10', '2025', 3, 128, 8, 4, 2, 3, 9, '2025-10-19 06:06:51', '2025-10-19 06:06:51'),
(1385, '9585176561801986155', '10', '2025', 3, 126, 8, 3, 3, 2, 8, '2025-10-19 06:06:51', '2025-10-19 06:06:51'),
(1386, '16780776409195254469', '10', '2025', 3, 133, 8, 3, 2, 2, 7, '2025-10-19 06:06:51', '2025-10-19 06:06:51'),
(1387, '3616797275439572665', '10', '2025', 3, 127, 8, 5, 1, 3, 9, '2025-10-19 06:06:51', '2025-10-19 06:06:51'),
(1388, '15271158296697326507', '10', '2025', 3, 132, 8, 4, 2, 3, 9, '2025-10-19 06:06:51', '2025-10-19 06:06:51'),
(1389, '8964758164061670370', '10', '2025', 3, 138, 8, 5, 2, 4, 11, '2025-10-19 06:06:51', '2025-10-19 06:06:51'),
(1390, '1442598152585722126', '10', '2025', 3, 130, 8, 5, 3, 4, 12, '2025-10-19 06:06:51', '2025-10-19 06:06:51'),
(1391, '14335391022610733379', '10', '2025', 3, 125, 8, 4, 4, 4, 12, '2025-10-19 06:06:51', '2025-10-19 06:06:51'),
(1392, '9346218440503436237', '10', '2025', 3, 131, 8, 4, 2, 3, 9, '2025-10-19 06:06:51', '2025-10-19 06:06:51'),
(1393, '16915829904590283320', '10', '2025', 3, 134, 8, 5, 3, 4, 12, '2025-10-19 06:06:51', '2025-10-19 06:06:51'),
(1394, '13563494208806915644', '10', '2025', 3, 139, 8, 4, 3, 3, 10, '2025-10-19 06:06:51', '2025-10-19 06:06:51'),
(1395, '2107465995147019203', '10', '2025', 3, 136, 8, 3, 4, 3, 10, '2025-10-19 06:06:51', '2025-10-19 06:06:51'),
(1396, '12444787289001474602', '10', '2025', 3, 137, 8, 6, 2, 5, 13, '2025-10-19 06:06:51', '2025-10-19 06:06:51'),
(1397, '12355704014953614646', '10', '2025', 1, 106, 8, 4, 1, 2, 7, '2025-10-19 06:06:51', '2025-10-19 06:06:51'),
(1398, '11065592056409917198', '10', '2025', 1, 109, 8, 5, 2, 4, 11, '2025-10-19 06:06:51', '2025-10-19 06:06:51'),
(1399, '7378458751022672934', '10', '2025', 1, 110, 8, 7, 1, 5, 13, '2025-10-19 06:06:51', '2025-10-19 06:06:51'),
(1400, '13564670228446134699', '10', '2025', 1, 100, 8, 6, 1, 4, 11, '2025-10-19 06:06:51', '2025-10-19 06:06:51'),
(1401, '1555098521261044212', '10', '2025', 1, 99, 8, 3, 1, 1, 5, '2025-10-19 06:06:51', '2025-10-19 06:06:51'),
(1402, '1361862028221506953', '10', '2025', 1, 101, 8, 3, 4, 3, 10, '2025-10-19 06:06:51', '2025-10-19 06:06:51'),
(1403, '1343563747386178837', '10', '2025', 1, 111, 8, 2, 3, 2, 7, '2025-10-19 06:06:51', '2025-10-19 06:06:51'),
(1404, '12587412367700307204', '10', '2025', 1, 102, 8, 5, 1, 3, 9, '2025-10-19 06:06:51', '2025-10-19 06:06:51'),
(1405, '6172351132096199951', '10', '2025', 1, 103, 8, 4, 2, 3, 9, '2025-10-19 06:06:51', '2025-10-19 06:06:51'),
(1406, '17062468644751197214', '10', '2025', 1, 104, 8, 4, 1, 2, 7, '2025-10-19 06:06:51', '2025-10-19 06:06:51'),
(1407, '8141798831291870080', '10', '2025', 1, 107, 8, 2, 2, 1, 5, '2025-10-19 06:06:51', '2025-10-19 06:06:51'),
(1408, '12936922636748761462', '10', '2025', 1, 112, 8, 1, 3, 1, 5, '2025-10-19 06:06:51', '2025-10-19 06:06:51'),
(1409, '3180110005177632141', '10', '2025', 1, 114, 8, 1, 1, 1, 3, '2025-10-19 06:06:51', '2025-10-19 06:06:51'),
(1410, '1248463580284534817', '10', '2025', 1, 105, 8, 4, 1, 2, 7, '2025-10-19 06:06:51', '2025-10-19 06:06:51'),
(1411, '16806516726489370120', '10', '2025', 1, 108, 8, 4, 1, 2, 7, '2025-10-19 06:06:51', '2025-10-19 06:06:51'),
(1412, '4287503402703466766', '10', '2025', 1, 113, 8, 2, 1, 1, 4, '2025-10-19 06:06:51', '2025-10-19 06:06:51'),
(1413, '6419411008351562494', '10', '2025', 16, 171, 8, 2, 4, 2, 8, '2025-10-19 06:06:51', '2025-10-19 06:06:51'),
(1414, '2710478484035475462', '10', '2025', 16, 177, 8, 2, 1, 1, 4, '2025-10-19 06:06:51', '2025-10-19 06:06:51'),
(1415, '14777754740431068714', '10', '2025', 16, 172, 8, 5, 2, 4, 11, '2025-10-19 06:06:51', '2025-10-19 06:06:51'),
(1416, '1101750304839495330', '10', '2025', 16, 176, 8, 4, 5, 5, 14, '2025-10-19 06:06:51', '2025-10-19 06:06:51'),
(1417, '14727250005354772427', '10', '2025', 16, 174, 8, 5, 2, 4, 11, '2025-10-19 06:06:51', '2025-10-19 06:06:51'),
(1418, '12713913159129904720', '10', '2025', 16, 175, 8, 5, 1, 3, 9, '2025-10-19 06:06:51', '2025-10-19 06:06:51'),
(1419, '1803146545341186916', '10', '2025', 16, 173, 8, 5, 2, 4, 11, '2025-10-19 06:06:51', '2025-10-19 06:06:51'),
(1420, '14814292144226369941', '10', '2025', 11, 82, 8, 2, 4, 2, 8, '2025-10-19 06:06:51', '2025-10-19 06:06:51'),
(1421, '125849593297254141', '10', '2025', 11, 86, 8, 2, 5, 3, 10, '2025-10-19 06:06:51', '2025-10-19 06:06:51'),
(1422, '15371725006004250233', '10', '2025', 11, 78, 8, 2, 3, 2, 7, '2025-10-19 06:06:51', '2025-10-19 06:06:51'),
(1423, '16129927350164517113', '10', '2025', 11, 81, 8, 2, 3, 2, 7, '2025-10-19 06:06:51', '2025-10-19 06:06:51'),
(1424, '9308244617310887535', '10', '2025', 11, 77, 8, 3, 4, 3, 10, '2025-10-19 06:06:51', '2025-10-19 06:06:51'),
(1425, '6546256482471599424', '10', '2025', 11, 80, 8, 3, 2, 2, 7, '2025-10-19 06:06:51', '2025-10-19 06:06:51'),
(1426, '2250087622275940567', '10', '2025', 11, 83, 8, 4, 2, 3, 9, '2025-10-19 06:06:51', '2025-10-19 06:06:51'),
(1427, '13200664871620253667', '10', '2025', 11, 84, 8, 2, 2, 1, 5, '2025-10-19 06:06:51', '2025-10-19 06:06:51'),
(1428, '16149504211356744911', '10', '2025', 11, 79, 8, 2, 4, 2, 8, '2025-10-19 06:06:51', '2025-10-19 06:06:51'),
(1429, '12329222524420930482', '10', '2025', 11, 85, 8, 2, 2, 1, 5, '2025-10-19 06:06:51', '2025-10-19 06:06:51'),
(1430, '15659941614033049287', '10', '2025', 10, 64, 9, 2, 5, 3, 10, '2025-10-19 06:09:17', '2025-10-19 06:09:17'),
(1431, '9560734420725567690', '10', '2025', 10, 63, 9, 4, 5, 5, 14, '2025-10-19 06:09:17', '2025-10-19 06:09:17'),
(1432, '14073062435725005556', '10', '2025', 10, 67, 9, 4, 5, 5, 14, '2025-10-19 06:09:17', '2025-10-19 06:09:17'),
(1433, '14764766603482526295', '10', '2025', 10, 72, 9, 5, 4, 5, 14, '2025-10-19 06:09:17', '2025-10-19 06:09:17'),
(1434, '14000973261467435160', '10', '2025', 10, 73, 9, 5, 4, 5, 14, '2025-10-19 06:09:17', '2025-10-19 06:09:17'),
(1435, '11516328980990738395', '10', '2025', 10, 74, 9, 2, 3, 2, 7, '2025-10-19 06:09:17', '2025-10-19 06:09:17'),
(1436, '11944569023344411881', '10', '2025', 10, 66, 9, 2, 4, 2, 8, '2025-10-19 06:09:17', '2025-10-19 06:09:17'),
(1437, '3812270200770822990', '10', '2025', 10, 69, 9, 2, 3, 2, 7, '2025-10-19 06:09:17', '2025-10-19 06:09:17'),
(1438, '8581314725720126069', '10', '2025', 10, 65, 9, 2, 3, 2, 7, '2025-10-19 06:09:17', '2025-10-19 06:09:17'),
(1439, '6042384295143746537', '10', '2025', 10, 68, 9, 2, 4, 2, 8, '2025-10-19 06:09:17', '2025-10-19 06:09:17'),
(1440, '14699275305300644353', '10', '2025', 10, 71, 9, 1, 2, 1, 4, '2025-10-19 06:09:17', '2025-10-19 06:09:17'),
(1441, '4393254476226930901', '10', '2025', 10, 70, 9, 2, 4, 2, 8, '2025-10-19 06:09:17', '2025-10-19 06:09:17'),
(1442, '15247133685322839235', '10', '2025', 10, 75, 9, 2, 3, 2, 7, '2025-10-19 06:09:17', '2025-10-19 06:09:17'),
(1443, '15434850389695759477', '10', '2025', 10, 76, 9, 3, 5, 4, 12, '2025-10-19 06:09:17', '2025-10-19 06:09:17'),
(1444, '2906244965448761879', '10', '2025', 9, 48, 9, 1, 3, 1, 5, '2025-10-19 06:09:17', '2025-10-19 06:09:17'),
(1445, '13528626517263257364', '10', '2025', 9, 57, 9, 1, 3, 1, 5, '2025-10-19 06:09:17', '2025-10-19 06:09:17'),
(1446, '10489832718816533666', '10', '2025', 9, 62, 9, 1, 3, 1, 5, '2025-10-19 06:09:17', '2025-10-19 06:09:17'),
(1447, '17626507744608575101', '10', '2025', 9, 55, 9, 1, 3, 1, 5, '2025-10-19 06:09:17', '2025-10-19 06:09:17'),
(1448, '12998397025881071048', '10', '2025', 9, 52, 9, 1, 3, 1, 5, '2025-10-19 06:09:17', '2025-10-19 06:09:17'),
(1449, '13832819042544292095', '10', '2025', 9, 56, 9, 2, 4, 2, 8, '2025-10-19 06:09:17', '2025-10-19 06:09:17'),
(1450, '13267909568962548488', '10', '2025', 9, 53, 9, 2, 5, 3, 10, '2025-10-19 06:09:17', '2025-10-19 06:09:17'),
(1451, '6909357775475486927', '10', '2025', 9, 54, 9, 1, 3, 1, 5, '2025-10-19 06:09:17', '2025-10-19 06:09:17'),
(1452, '8408836165042316022', '10', '2025', 9, 47, 9, 1, 3, 1, 5, '2025-10-19 06:09:17', '2025-10-19 06:09:17'),
(1453, '6188218034901317570', '10', '2025', 9, 49, 9, 1, 4, 1, 6, '2025-10-19 06:09:17', '2025-10-19 06:09:17'),
(1454, '10672811754870430666', '10', '2025', 9, 51, 9, 1, 3, 1, 5, '2025-10-19 06:09:17', '2025-10-19 06:09:17'),
(1455, '15085428907726206605', '10', '2025', 9, 58, 9, 1, 3, 1, 5, '2025-10-19 06:09:17', '2025-10-19 06:09:17'),
(1456, '9894085308821467106', '10', '2025', 9, 50, 9, 2, 5, 3, 10, '2025-10-19 06:09:17', '2025-10-19 06:09:17'),
(1457, '5344252356698462083', '10', '2025', 9, 60, 9, 2, 2, 1, 5, '2025-10-19 06:09:17', '2025-10-19 06:09:17'),
(1458, '8729859222033726286', '10', '2025', 9, 61, 9, 3, 3, 2, 8, '2025-10-19 06:09:17', '2025-10-19 06:09:17'),
(1459, '2336171867432210066', '10', '2025', 9, 59, 9, 1, 3, 1, 5, '2025-10-19 06:09:17', '2025-10-19 06:09:17'),
(1460, '10402205306215502223', '10', '2025', 4, 2, 9, 3, 3, 2, 8, '2025-10-19 06:09:17', '2025-10-19 06:09:17'),
(1461, '4516403616426915525', '10', '2025', 4, 1, 9, 3, 5, 4, 12, '2025-10-19 06:09:17', '2025-10-19 06:09:17'),
(1462, '14493501162060876855', '10', '2025', 4, 3, 9, 3, 7, 5, 15, '2025-10-19 06:09:17', '2025-10-19 06:09:17'),
(1463, '1009261384141211198', '10', '2025', 4, 4, 9, 4, 3, 3, 10, '2025-10-19 06:09:17', '2025-10-19 06:09:17'),
(1464, '12364278030752609874', '10', '2025', 4, 5, 9, 4, 3, 3, 10, '2025-10-19 06:09:17', '2025-10-19 06:09:17'),
(1465, '5913055043607131322', '10', '2025', 4, 6, 9, 3, 3, 2, 8, '2025-10-19 06:09:17', '2025-10-19 06:09:17'),
(1466, '13926572619898597105', '10', '2025', 4, 7, 9, 3, 3, 2, 8, '2025-10-19 06:09:17', '2025-10-19 06:09:17'),
(1467, '11432321962325965535', '10', '2025', 4, 8, 9, 3, 2, 2, 7, '2025-10-19 06:09:17', '2025-10-19 06:09:17'),
(1468, '8204613535528312215', '10', '2025', 4, 9, 9, 3, 3, 2, 8, '2025-10-19 06:09:17', '2025-10-19 06:09:17'),
(1469, '2268381272882555706', '10', '2025', 4, 10, 9, 2, 3, 2, 7, '2025-10-19 06:09:17', '2025-10-19 06:09:17'),
(1470, '16553982576624630844', '10', '2025', 4, 11, 9, 2, 2, 1, 5, '2025-10-19 06:09:17', '2025-10-19 06:09:17'),
(1471, '11903087990113246432', '10', '2025', 6, 26, 9, 4, 1, 2, 7, '2025-10-19 06:09:17', '2025-10-19 06:09:17'),
(1472, '2380984357454412021', '10', '2025', 6, 19, 9, 4, 3, 3, 10, '2025-10-19 06:09:17', '2025-10-19 06:09:17'),
(1473, '18202075111035346353', '10', '2025', 6, 23, 9, 3, 2, 2, 7, '2025-10-19 06:09:17', '2025-10-19 06:09:17'),
(1474, '14077075493025193619', '10', '2025', 6, 22, 9, 3, 3, 2, 8, '2025-10-19 06:09:17', '2025-10-19 06:09:17'),
(1475, '5796859929164928676', '10', '2025', 6, 20, 9, 4, 1, 2, 7, '2025-10-19 06:09:17', '2025-10-19 06:09:17'),
(1476, '11337810640775291106', '10', '2025', 6, 25, 9, 3, 1, 1, 5, '2025-10-19 06:09:17', '2025-10-19 06:09:17'),
(1477, '16334368610364474116', '10', '2025', 6, 21, 9, 6, 1, 4, 11, '2025-10-19 06:09:17', '2025-10-19 06:09:17'),
(1478, '1853942186756839308', '10', '2025', 6, 24, 9, 4, 2, 3, 9, '2025-10-19 06:09:17', '2025-10-19 06:09:17'),
(1479, '13270280865283528537', '10', '2025', 13, 116, 9, 5, 2, 4, 11, '2025-10-19 06:09:17', '2025-10-19 06:09:17'),
(1480, '1689337782091068162', '10', '2025', 13, 115, 9, 4, 2, 3, 9, '2025-10-19 06:09:17', '2025-10-19 06:09:17'),
(1481, '13800760481351134326', '10', '2025', 13, 123, 9, 4, 2, 3, 9, '2025-10-19 06:09:17', '2025-10-19 06:09:17'),
(1482, '13398829108238972409', '10', '2025', 13, 120, 9, 5, 1, 3, 9, '2025-10-19 06:09:17', '2025-10-19 06:09:17'),
(1483, '315416940523291656', '10', '2025', 13, 122, 9, 3, 1, 1, 5, '2025-10-19 06:09:17', '2025-10-19 06:09:17'),
(1484, '2146258295832028723', '10', '2025', 13, 124, 9, 4, 2, 3, 9, '2025-10-19 06:09:17', '2025-10-19 06:09:17'),
(1485, '7189457089973034542', '10', '2025', 13, 121, 9, 4, 2, 3, 9, '2025-10-19 06:09:17', '2025-10-19 06:09:17'),
(1486, '9190530532286076957', '10', '2025', 13, 117, 9, 4, 2, 3, 9, '2025-10-19 06:09:17', '2025-10-19 06:09:17'),
(1487, '12560629957377427864', '10', '2025', 13, 118, 9, 6, 2, 5, 13, '2025-10-19 06:09:17', '2025-10-19 06:09:17'),
(1488, '10650129041742870615', '10', '2025', 13, 119, 9, 4, 2, 3, 9, '2025-10-19 06:09:17', '2025-10-19 06:09:17'),
(1489, '14465393329154904342', '10', '2025', 5, 13, 9, 2, 2, 1, 5, '2025-10-19 06:09:17', '2025-10-19 06:09:17'),
(1490, '14203193312649370279', '10', '2025', 5, 16, 9, 3, 2, 2, 7, '2025-10-19 06:09:17', '2025-10-19 06:09:17'),
(1491, '2983684139215440461', '10', '2025', 5, 14, 9, 3, 2, 2, 7, '2025-10-19 06:09:17', '2025-10-19 06:09:17'),
(1492, '3340735688165230968', '10', '2025', 5, 12, 9, 4, 3, 3, 10, '2025-10-19 06:09:17', '2025-10-19 06:09:17'),
(1493, '7584823310765404602', '10', '2025', 5, 15, 9, 4, 2, 3, 9, '2025-10-19 06:09:17', '2025-10-19 06:09:17'),
(1494, '10950891573268711155', '10', '2025', 5, 18, 9, 4, 1, 2, 7, '2025-10-19 06:09:17', '2025-10-19 06:09:17'),
(1495, '10047230235151676627', '10', '2025', 5, 17, 9, 5, 2, 4, 11, '2025-10-19 06:09:17', '2025-10-19 06:09:17'),
(1496, '5547916688782035900', '10', '2025', 15, 165, 9, 4, 4, 4, 12, '2025-10-19 06:09:17', '2025-10-19 06:09:17'),
(1497, '17324198707284243987', '10', '2025', 15, 164, 9, 2, 5, 3, 10, '2025-10-19 06:09:17', '2025-10-19 06:09:17'),
(1498, '12137811964787725395', '10', '2025', 15, 162, 9, 3, 5, 4, 12, '2025-10-19 06:09:17', '2025-10-19 06:09:17'),
(1499, '13430654776358454757', '10', '2025', 15, 170, 9, 2, 3, 2, 7, '2025-10-19 06:09:17', '2025-10-19 06:09:17'),
(1500, '7371124109519777', '10', '2025', 15, 159, 9, 2, 3, 2, 7, '2025-10-19 06:09:17', '2025-10-19 06:09:17'),
(1501, '13587449624339292916', '10', '2025', 15, 163, 9, 3, 5, 4, 12, '2025-10-19 06:09:17', '2025-10-19 06:09:17'),
(1502, '17882093915717163627', '10', '2025', 15, 168, 9, 2, 4, 2, 8, '2025-10-19 06:09:17', '2025-10-19 06:09:17'),
(1503, '2025792899633158480', '10', '2025', 15, 166, 9, 3, 3, 2, 8, '2025-10-19 06:09:17', '2025-10-19 06:09:17'),
(1504, '4079379983214911550', '10', '2025', 15, 160, 9, 3, 3, 2, 8, '2025-10-19 06:09:17', '2025-10-19 06:09:17'),
(1505, '15554063961301828436', '10', '2025', 15, 169, 9, 4, 3, 3, 10, '2025-10-19 06:09:17', '2025-10-19 06:09:17'),
(1506, '7090334926718122642', '10', '2025', 15, 161, 9, 2, 4, 2, 8, '2025-10-19 06:09:17', '2025-10-19 06:09:17'),
(1507, '16094497340778147297', '10', '2025', 15, 167, 9, 4, 3, 3, 10, '2025-10-19 06:09:17', '2025-10-19 06:09:17'),
(1508, '9070276913089965065', '10', '2025', 12, 87, 9, 2, 2, 1, 5, '2025-10-19 06:09:17', '2025-10-19 06:09:17'),
(1509, '17264985151222153634', '10', '2025', 12, 91, 9, 2, 3, 2, 7, '2025-10-19 06:09:17', '2025-10-19 06:09:17'),
(1510, '17149656620070991469', '10', '2025', 12, 95, 9, 3, 2, 2, 7, '2025-10-19 06:09:17', '2025-10-19 06:09:17'),
(1511, '5566214087874504016', '10', '2025', 12, 94, 9, 3, 2, 2, 7, '2025-10-19 06:09:17', '2025-10-19 06:09:17'),
(1512, '10371453017981136194', '10', '2025', 12, 92, 9, 2, 4, 2, 8, '2025-10-19 06:09:17', '2025-10-19 06:09:17'),
(1513, '663456845440596222', '10', '2025', 12, 96, 9, 3, 4, 3, 10, '2025-10-19 06:09:17', '2025-10-19 06:09:17'),
(1514, '979331502308744504', '10', '2025', 12, 93, 9, 3, 2, 2, 7, '2025-10-19 06:09:17', '2025-10-19 06:09:17'),
(1515, '1922264420445838265', '10', '2025', 12, 90, 9, 3, 3, 2, 8, '2025-10-19 06:09:17', '2025-10-19 06:09:17'),
(1516, '11668941369326604866', '10', '2025', 12, 88, 9, 2, 3, 2, 7, '2025-10-19 06:09:17', '2025-10-19 06:09:17'),
(1517, '14868932772454312182', '10', '2025', 12, 97, 9, 2, 2, 1, 5, '2025-10-19 06:09:17', '2025-10-19 06:09:17'),
(1518, '17362242052906016572', '10', '2025', 12, 98, 9, 3, 4, 3, 10, '2025-10-19 06:09:17', '2025-10-19 06:09:17'),
(1519, '603335457167450501', '10', '2025', 12, 89, 9, 2, 4, 2, 8, '2025-10-19 06:09:17', '2025-10-19 06:09:17'),
(1520, '8738568500765966400', '10', '2025', 8, 41, 9, 4, 3, 3, 10, '2025-10-19 06:09:17', '2025-10-19 06:09:17'),
(1521, '6856432221678926422', '10', '2025', 8, 37, 9, 2, 2, 1, 5, '2025-10-19 06:09:17', '2025-10-19 06:09:17'),
(1522, '17099557684244773795', '10', '2025', 8, 38, 9, 3, 3, 2, 8, '2025-10-19 06:09:17', '2025-10-19 06:09:17'),
(1523, '5754662928694964707', '10', '2025', 8, 34, 9, 3, 3, 2, 8, '2025-10-19 06:09:17', '2025-10-19 06:09:17'),
(1524, '6064083802002456615', '10', '2025', 8, 35, 9, 4, 4, 4, 12, '2025-10-19 06:09:17', '2025-10-19 06:09:17'),
(1525, '2833176486333931742', '10', '2025', 8, 43, 9, 3, 3, 2, 8, '2025-10-19 06:09:17', '2025-10-19 06:09:17'),
(1526, '6866534644958030740', '10', '2025', 8, 42, 9, 3, 5, 4, 12, '2025-10-19 06:09:17', '2025-10-19 06:09:17'),
(1527, '5592965620518489562', '10', '2025', 8, 40, 9, 2, 5, 3, 10, '2025-10-19 06:09:17', '2025-10-19 06:09:17'),
(1528, '9865701980876079695', '10', '2025', 8, 39, 9, 3, 5, 4, 12, '2025-10-19 06:09:17', '2025-10-19 06:09:17'),
(1529, '15915307189132387830', '10', '2025', 8, 36, 9, 3, 3, 2, 8, '2025-10-19 06:09:17', '2025-10-19 06:09:17'),
(1530, '12711353543950926079', '10', '2025', 8, 46, 9, 3, 1, 1, 5, '2025-10-19 06:09:17', '2025-10-19 06:09:17'),
(1531, '14059032969555945962', '10', '2025', 8, 45, 9, 4, 3, 3, 10, '2025-10-19 06:09:17', '2025-10-19 06:09:17'),
(1532, '11245957601488336021', '10', '2025', 8, 44, 9, 4, 4, 4, 12, '2025-10-19 06:09:17', '2025-10-19 06:09:17'),
(1533, '14710092349780755908', '10', '2025', 7, 29, 9, 4, 1, 2, 7, '2025-10-19 06:09:17', '2025-10-19 06:09:17'),
(1534, '1583949111844360710', '10', '2025', 7, 27, 9, 4, 2, 3, 9, '2025-10-19 06:09:17', '2025-10-19 06:09:17'),
(1535, '15135659767894891803', '10', '2025', 7, 32, 9, 5, 3, 4, 12, '2025-10-19 06:09:17', '2025-10-19 06:09:17'),
(1536, '13829171199000072504', '10', '2025', 7, 30, 9, 4, 3, 3, 10, '2025-10-19 06:09:17', '2025-10-19 06:09:17'),
(1537, '15712465848954616715', '10', '2025', 7, 31, 9, 4, 3, 3, 10, '2025-10-19 06:09:17', '2025-10-19 06:09:17'),
(1538, '4383205916437035644', '10', '2025', 7, 28, 9, 4, 3, 3, 10, '2025-10-19 06:09:17', '2025-10-19 06:09:17'),
(1539, '2245857819463481596', '10', '2025', 7, 33, 9, 5, 4, 5, 14, '2025-10-19 06:09:17', '2025-10-19 06:09:17'),
(1540, '1156904790651419445', '10', '2025', 2, 142, 9, 6, 1, 4, 11, '2025-10-19 06:09:17', '2025-10-19 06:09:17'),
(1541, '16029979440728240658', '10', '2025', 2, 141, 9, 3, 1, 1, 5, '2025-10-19 06:09:17', '2025-10-19 06:09:17'),
(1542, '3101608308664059249', '10', '2025', 2, 148, 9, 4, 3, 3, 10, '2025-10-19 06:09:17', '2025-10-19 06:09:17'),
(1543, '1094970273035124253', '10', '2025', 2, 149, 9, 5, 3, 4, 12, '2025-10-19 06:09:17', '2025-10-19 06:09:17'),
(1544, '9846728601181026080', '10', '2025', 2, 143, 9, 7, 2, 6, 15, '2025-10-19 06:09:17', '2025-10-19 06:09:17'),
(1545, '9832271039668937378', '10', '2025', 2, 140, 9, 5, 2, 4, 11, '2025-10-19 06:09:17', '2025-10-19 06:09:17'),
(1546, '15700963914298192624', '10', '2025', 2, 146, 9, 6, 2, 5, 13, '2025-10-19 06:09:17', '2025-10-19 06:09:17'),
(1547, '3092374472751572404', '10', '2025', 2, 145, 9, 6, 2, 5, 13, '2025-10-19 06:09:17', '2025-10-19 06:09:17'),
(1548, '17228876946628870120', '10', '2025', 2, 147, 9, 7, 3, 6, 16, '2025-10-19 06:09:17', '2025-10-19 06:09:17'),
(1549, '12931711254994881425', '10', '2025', 2, 144, 9, 5, 4, 5, 14, '2025-10-19 06:09:17', '2025-10-19 06:09:17'),
(1550, '3325679065083027115', '10', '2025', 14, 151, 9, 5, 3, 4, 12, '2025-10-19 06:09:17', '2025-10-19 06:09:17'),
(1551, '16350666111829067889', '10', '2025', 14, 156, 9, 5, 3, 4, 12, '2025-10-19 06:09:17', '2025-10-19 06:09:17'),
(1552, '6639554592986748388', '10', '2025', 14, 154, 9, 6, 4, 6, 16, '2025-10-19 06:09:17', '2025-10-19 06:09:17'),
(1553, '17789686895979797161', '10', '2025', 14, 155, 9, 1, 4, 1, 6, '2025-10-19 06:09:17', '2025-10-19 06:09:17'),
(1554, '8312071514284272115', '10', '2025', 14, 153, 9, 4, 3, 3, 10, '2025-10-19 06:09:17', '2025-10-19 06:09:17'),
(1555, '13202154576667595631', '10', '2025', 14, 157, 9, 5, 4, 5, 14, '2025-10-19 06:09:17', '2025-10-19 06:09:17'),
(1556, '4592548507817324539', '10', '2025', 14, 152, 9, 5, 3, 4, 12, '2025-10-19 06:09:17', '2025-10-19 06:09:17'),
(1557, '46016719924585870', '10', '2025', 14, 150, 9, 4, 3, 3, 10, '2025-10-19 06:09:17', '2025-10-19 06:09:17'),
(1558, '2774256785051668804', '10', '2025', 14, 158, 9, 3, 4, 3, 10, '2025-10-19 06:09:17', '2025-10-19 06:09:17'),
(1559, '8753640427568755344', '10', '2025', 3, 135, 9, 5, 1, 3, 9, '2025-10-19 06:09:17', '2025-10-19 06:09:17'),
(1560, '7062946224729408367', '10', '2025', 3, 129, 9, 4, 1, 2, 7, '2025-10-19 06:09:17', '2025-10-19 06:09:17'),
(1561, '11181702126663718895', '10', '2025', 3, 128, 9, 6, 1, 4, 11, '2025-10-19 06:09:17', '2025-10-19 06:09:17'),
(1562, '3162547583674756636', '10', '2025', 3, 126, 9, 5, 2, 4, 11, '2025-10-19 06:09:17', '2025-10-19 06:09:17'),
(1563, '7390876743808630341', '10', '2025', 3, 133, 9, 7, 1, 5, 13, '2025-10-19 06:09:17', '2025-10-19 06:09:17'),
(1564, '12991929927993454519', '10', '2025', 3, 127, 9, 6, 1, 4, 11, '2025-10-19 06:09:17', '2025-10-19 06:09:17'),
(1565, '13788755997414338237', '10', '2025', 3, 132, 9, 4, 1, 2, 7, '2025-10-19 06:09:17', '2025-10-19 06:09:17'),
(1566, '16039747114439102605', '10', '2025', 3, 138, 9, 5, 1, 3, 9, '2025-10-19 06:09:17', '2025-10-19 06:09:17'),
(1567, '403846351981245124', '10', '2025', 3, 130, 9, 5, 1, 3, 9, '2025-10-19 06:09:17', '2025-10-19 06:09:17'),
(1568, '859951642821540743', '10', '2025', 3, 125, 9, 6, 1, 4, 11, '2025-10-19 06:09:17', '2025-10-19 06:09:17'),
(1569, '1691626873221613707', '10', '2025', 3, 131, 9, 6, 2, 5, 13, '2025-10-19 06:09:17', '2025-10-19 06:09:17'),
(1570, '12162678933842049427', '10', '2025', 3, 134, 9, 6, 3, 5, 14, '2025-10-19 06:09:17', '2025-10-19 06:09:17'),
(1571, '1416223256208829151', '10', '2025', 3, 139, 9, 5, 3, 4, 12, '2025-10-19 06:09:17', '2025-10-19 06:09:17'),
(1572, '11953505260451647074', '10', '2025', 3, 136, 9, 5, 1, 3, 9, '2025-10-19 06:09:17', '2025-10-19 06:09:17'),
(1573, '12043420416609715946', '10', '2025', 3, 137, 9, 7, 2, 6, 15, '2025-10-19 06:09:17', '2025-10-19 06:09:17'),
(1574, '9526540151175450648', '10', '2025', 1, 106, 9, 3, 4, 3, 10, '2025-10-19 06:09:17', '2025-10-19 06:09:17'),
(1575, '15426848395875946245', '10', '2025', 1, 109, 9, 3, 3, 2, 8, '2025-10-19 06:09:17', '2025-10-19 06:09:17'),
(1576, '8292260792390230875', '10', '2025', 1, 110, 9, 5, 2, 4, 11, '2025-10-19 06:09:17', '2025-10-19 06:09:17'),
(1577, '15303449834138181780', '10', '2025', 1, 100, 9, 4, 2, 3, 9, '2025-10-19 06:09:17', '2025-10-19 06:09:17'),
(1578, '17863864890734943827', '10', '2025', 1, 99, 9, 4, 1, 2, 7, '2025-10-19 06:09:17', '2025-10-19 06:09:17'),
(1579, '10449994688194802251', '10', '2025', 1, 101, 9, 5, 2, 4, 11, '2025-10-19 06:09:17', '2025-10-19 06:09:17'),
(1580, '2034793660318677732', '10', '2025', 1, 111, 9, 4, 1, 2, 7, '2025-10-19 06:09:17', '2025-10-19 06:09:17'),
(1581, '7627662545945521569', '10', '2025', 1, 102, 9, 4, 5, 5, 14, '2025-10-19 06:09:17', '2025-10-19 06:09:17'),
(1582, '4521308602580926484', '10', '2025', 1, 103, 9, 5, 3, 4, 12, '2025-10-19 06:09:17', '2025-10-19 06:09:17'),
(1583, '16815414805481988559', '10', '2025', 1, 104, 9, 4, 4, 4, 12, '2025-10-19 06:09:17', '2025-10-19 06:09:17'),
(1584, '8141798831291870080', '10', '2025', 1, 107, 9, 2, 2, 1, 5, '2025-10-19 06:09:17', '2025-10-19 06:09:17'),
(1585, '979399927179271297', '10', '2025', 1, 112, 9, 2, 6, 3, 11, '2025-10-19 06:09:17', '2025-10-19 06:09:17'),
(1586, '12362119838911475888', '10', '2025', 1, 114, 9, 1, 2, 1, 4, '2025-10-19 06:09:17', '2025-10-19 06:09:17'),
(1587, '16648101526670918166', '10', '2025', 1, 105, 9, 5, 1, 3, 9, '2025-10-19 06:09:17', '2025-10-19 06:09:17'),
(1588, '5335982011120576776', '10', '2025', 1, 108, 9, 5, 2, 4, 11, '2025-10-19 06:09:17', '2025-10-19 06:09:17'),
(1589, '13622572900914462110', '10', '2025', 1, 113, 9, 3, 2, 2, 7, '2025-10-19 06:09:17', '2025-10-19 06:09:17'),
(1590, '4298048087206401583', '10', '2025', 16, 171, 9, 2, 5, 3, 10, '2025-10-19 06:09:17', '2025-10-19 06:09:17'),
(1591, '3454342811265566985', '10', '2025', 16, 177, 9, 3, 4, 3, 10, '2025-10-19 06:09:17', '2025-10-19 06:09:17'),
(1592, '6201838863469956860', '10', '2025', 16, 172, 9, 4, 6, 5, 15, '2025-10-19 06:09:17', '2025-10-19 06:09:17'),
(1593, '1101750304839495330', '10', '2025', 16, 176, 9, 4, 5, 5, 14, '2025-10-19 06:09:17', '2025-10-19 06:09:17'),
(1594, '6549634518622009810', '10', '2025', 16, 174, 9, 4, 4, 4, 12, '2025-10-19 06:09:17', '2025-10-19 06:09:17'),
(1595, '17816435011467791553', '10', '2025', 16, 175, 9, 5, 4, 5, 14, '2025-10-19 06:09:17', '2025-10-19 06:09:17'),
(1596, '884537663351589038', '10', '2025', 16, 173, 9, 5, 4, 5, 14, '2025-10-19 06:09:17', '2025-10-19 06:09:17'),
(1597, '15803957368096613395', '10', '2025', 11, 82, 9, 1, 4, 1, 6, '2025-10-19 06:09:17', '2025-10-19 06:09:17'),
(1598, '7860200546859080022', '10', '2025', 11, 86, 9, 1, 4, 1, 6, '2025-10-19 06:09:17', '2025-10-19 06:09:17'),
(1599, '4356066628108298073', '10', '2025', 11, 78, 9, 2, 4, 2, 8, '2025-10-19 06:09:17', '2025-10-19 06:09:17'),
(1600, '12699625270369365962', '10', '2025', 11, 81, 9, 3, 4, 3, 10, '2025-10-19 06:09:17', '2025-10-19 06:09:17'),
(1601, '6326092296365180284', '10', '2025', 11, 77, 9, 2, 4, 2, 8, '2025-10-19 06:09:17', '2025-10-19 06:09:17'),
(1602, '8047711271901692721', '10', '2025', 11, 80, 9, 2, 5, 3, 10, '2025-10-19 06:09:17', '2025-10-19 06:09:17'),
(1603, '316766981300710753', '10', '2025', 11, 83, 9, 2, 5, 3, 10, '2025-10-19 06:09:17', '2025-10-19 06:09:17'),
(1604, '814269343041411666', '10', '2025', 11, 84, 9, 3, 5, 4, 12, '2025-10-19 06:09:17', '2025-10-19 06:09:17'),
(1605, '12021947669595659473', '10', '2025', 11, 79, 9, 1, 4, 1, 6, '2025-10-19 06:09:17', '2025-10-19 06:09:17'),
(1606, '2925468646872569592', '10', '2025', 11, 85, 9, 3, 4, 3, 10, '2025-10-19 06:09:17', '2025-10-19 06:09:17'),
(1607, '9145901358012555377', '10', '2025', 10, 64, 10, 4, 5, 5, 14, '2025-10-19 06:10:23', '2025-10-19 06:10:23'),
(1608, '2974658833605320781', '10', '2025', 10, 63, 10, 4, 4, 4, 12, '2025-10-19 06:10:23', '2025-10-19 06:10:23'),
(1609, '4192245084235778767', '10', '2025', 10, 67, 10, 4, 4, 4, 12, '2025-10-19 06:10:23', '2025-10-19 06:10:23'),
(1610, '14764766603482526295', '10', '2025', 10, 72, 10, 5, 4, 5, 14, '2025-10-19 06:10:23', '2025-10-19 06:10:23'),
(1611, '14000973261467435160', '10', '2025', 10, 73, 10, 5, 4, 5, 14, '2025-10-19 06:10:23', '2025-10-19 06:10:23'),
(1612, '10499146872419092979', '10', '2025', 10, 74, 10, 4, 4, 4, 12, '2025-10-19 06:10:23', '2025-10-19 06:10:23'),
(1613, '14647656492032079313', '10', '2025', 10, 66, 10, 4, 4, 4, 12, '2025-10-19 06:10:23', '2025-10-19 06:10:23'),
(1614, '14571973102295260878', '10', '2025', 10, 69, 10, 4, 4, 4, 12, '2025-10-19 06:10:23', '2025-10-19 06:10:23'),
(1615, '6081043024741743383', '10', '2025', 10, 65, 10, 3, 3, 2, 8, '2025-10-19 06:10:23', '2025-10-19 06:10:23'),
(1616, '9468159110224160846', '10', '2025', 10, 68, 10, 3, 4, 3, 10, '2025-10-19 06:10:23', '2025-10-19 06:10:23'),
(1617, '15556628270078127408', '10', '2025', 10, 71, 10, 2, 2, 1, 5, '2025-10-19 06:10:23', '2025-10-19 06:10:23'),
(1618, '14297083516304757370', '10', '2025', 10, 70, 10, 3, 4, 3, 10, '2025-10-19 06:10:23', '2025-10-19 06:10:23'),
(1619, '6737295378752838444', '10', '2025', 10, 75, 10, 4, 3, 3, 10, '2025-10-19 06:10:23', '2025-10-19 06:10:23'),
(1620, '6656512644106819176', '10', '2025', 10, 76, 10, 2, 5, 3, 10, '2025-10-19 06:10:23', '2025-10-19 06:10:23'),
(1621, '2906244965448761879', '10', '2025', 9, 48, 10, 1, 3, 1, 5, '2025-10-19 06:10:23', '2025-10-19 06:10:23'),
(1622, '13528626517263257364', '10', '2025', 9, 57, 10, 1, 3, 1, 5, '2025-10-19 06:10:23', '2025-10-19 06:10:23'),
(1623, '10489832718816533666', '10', '2025', 9, 62, 10, 1, 3, 1, 5, '2025-10-19 06:10:23', '2025-10-19 06:10:23'),
(1624, '17626507744608575101', '10', '2025', 9, 55, 10, 1, 3, 1, 5, '2025-10-19 06:10:23', '2025-10-19 06:10:23'),
(1625, '12998397025881071048', '10', '2025', 9, 52, 10, 1, 3, 1, 5, '2025-10-19 06:10:23', '2025-10-19 06:10:23'),
(1626, '4713434099254902992', '10', '2025', 9, 56, 10, 3, 4, 3, 10, '2025-10-19 06:10:23', '2025-10-19 06:10:23'),
(1627, '13267909568962548488', '10', '2025', 9, 53, 10, 2, 5, 3, 10, '2025-10-19 06:10:23', '2025-10-19 06:10:23'),
(1628, '6909357775475486927', '10', '2025', 9, 54, 10, 1, 3, 1, 5, '2025-10-19 06:10:23', '2025-10-19 06:10:23'),
(1629, '8408836165042316022', '10', '2025', 9, 47, 10, 1, 3, 1, 5, '2025-10-19 06:10:23', '2025-10-19 06:10:23'),
(1630, '6188218034901317570', '10', '2025', 9, 49, 10, 1, 4, 1, 6, '2025-10-19 06:10:23', '2025-10-19 06:10:23'),
(1631, '10672811754870430666', '10', '2025', 9, 51, 10, 1, 3, 1, 5, '2025-10-19 06:10:23', '2025-10-19 06:10:23'),
(1632, '15085428907726206605', '10', '2025', 9, 58, 10, 1, 3, 1, 5, '2025-10-19 06:10:23', '2025-10-19 06:10:23'),
(1633, '8027161125427829878', '10', '2025', 9, 50, 10, 2, 6, 3, 11, '2025-10-19 06:10:23', '2025-10-19 06:10:23'),
(1634, '5344252356698462083', '10', '2025', 9, 60, 10, 2, 2, 1, 5, '2025-10-19 06:10:23', '2025-10-19 06:10:23'),
(1635, '8729859222033726286', '10', '2025', 9, 61, 10, 3, 3, 2, 8, '2025-10-19 06:10:23', '2025-10-19 06:10:23'),
(1636, '3938736315372411734', '10', '2025', 9, 59, 10, 1, 4, 1, 6, '2025-10-19 06:10:23', '2025-10-19 06:10:23'),
(1637, '10402205306215502223', '10', '2025', 4, 2, 10, 3, 3, 2, 8, '2025-10-19 06:10:23', '2025-10-19 06:10:23'),
(1638, '6834705646720295920', '10', '2025', 4, 1, 10, 2, 5, 3, 10, '2025-10-19 06:10:23', '2025-10-19 06:10:23'),
(1639, '14493501162060876855', '10', '2025', 4, 3, 10, 3, 7, 5, 15, '2025-10-19 06:10:23', '2025-10-19 06:10:23'),
(1640, '4600393787430849457', '10', '2025', 4, 4, 10, 5, 3, 4, 12, '2025-10-19 06:10:23', '2025-10-19 06:10:23'),
(1641, '12364278030752609874', '10', '2025', 4, 5, 10, 4, 3, 3, 10, '2025-10-19 06:10:23', '2025-10-19 06:10:23'),
(1642, '10565238641255697851', '10', '2025', 4, 6, 10, 4, 3, 3, 10, '2025-10-19 06:10:23', '2025-10-19 06:10:23'),
(1643, '13926572619898597105', '10', '2025', 4, 7, 10, 3, 3, 2, 8, '2025-10-19 06:10:23', '2025-10-19 06:10:23'),
(1644, '11242222940514380474', '10', '2025', 4, 8, 10, 2, 2, 1, 5, '2025-10-19 06:10:23', '2025-10-19 06:10:23'),
(1645, '8204613535528312215', '10', '2025', 4, 9, 10, 3, 3, 2, 8, '2025-10-19 06:10:23', '2025-10-19 06:10:23'),
(1646, '15029615426571890844', '10', '2025', 4, 10, 10, 1, 3, 1, 5, '2025-10-19 06:10:23', '2025-10-19 06:10:23'),
(1647, '4017084004599503541', '10', '2025', 4, 11, 10, 2, 3, 2, 7, '2025-10-19 06:10:23', '2025-10-19 06:10:23'),
(1648, '8159436705400434271', '10', '2025', 6, 26, 10, 5, 1, 3, 9, '2025-10-19 06:10:23', '2025-10-19 06:10:23'),
(1649, '8670266339117029898', '10', '2025', 6, 19, 10, 4, 4, 4, 12, '2025-10-19 06:10:23', '2025-10-19 06:10:23'),
(1650, '12856211488591366060', '10', '2025', 6, 23, 10, 2, 2, 1, 5, '2025-10-19 06:10:23', '2025-10-19 06:10:23'),
(1651, '17444486047974992846', '10', '2025', 6, 22, 10, 4, 3, 3, 10, '2025-10-19 06:10:23', '2025-10-19 06:10:23'),
(1652, '6304536118971354350', '10', '2025', 6, 20, 10, 4, 2, 3, 9, '2025-10-19 06:10:23', '2025-10-19 06:10:23'),
(1653, '15341298819054301599', '10', '2025', 6, 25, 10, 4, 2, 3, 9, '2025-10-19 06:10:23', '2025-10-19 06:10:23'),
(1654, '16641727580937480227', '10', '2025', 6, 21, 10, 4, 2, 3, 9, '2025-10-19 06:10:23', '2025-10-19 06:10:23'),
(1655, '1853942186756839308', '10', '2025', 6, 24, 10, 4, 2, 3, 9, '2025-10-19 06:10:23', '2025-10-19 06:10:23'),
(1656, '14071040137827507935', '10', '2025', 13, 116, 10, 4, 2, 3, 9, '2025-10-19 06:10:23', '2025-10-19 06:10:23'),
(1657, '1689337782091068162', '10', '2025', 13, 115, 10, 4, 2, 3, 9, '2025-10-19 06:10:23', '2025-10-19 06:10:23'),
(1658, '13800760481351134326', '10', '2025', 13, 123, 10, 4, 2, 3, 9, '2025-10-19 06:10:23', '2025-10-19 06:10:23'),
(1659, '14304254310176619310', '10', '2025', 13, 120, 10, 4, 1, 2, 7, '2025-10-19 06:10:23', '2025-10-19 06:10:23'),
(1660, '315416940523291656', '10', '2025', 13, 122, 10, 3, 1, 1, 5, '2025-10-19 06:10:23', '2025-10-19 06:10:23'),
(1661, '2146258295832028723', '10', '2025', 13, 124, 10, 4, 2, 3, 9, '2025-10-19 06:10:23', '2025-10-19 06:10:23'),
(1662, '11288190588129984349', '10', '2025', 13, 121, 10, 3, 2, 2, 7, '2025-10-19 06:10:23', '2025-10-19 06:10:23'),
(1663, '13363853832128081226', '10', '2025', 13, 117, 10, 3, 2, 2, 7, '2025-10-19 06:10:23', '2025-10-19 06:10:23'),
(1664, '13437232956406869324', '10', '2025', 13, 118, 10, 5, 2, 4, 11, '2025-10-19 06:10:23', '2025-10-19 06:10:23'),
(1665, '5163142950784945736', '10', '2025', 13, 119, 10, 5, 3, 4, 12, '2025-10-19 06:10:23', '2025-10-19 06:10:23'),
(1666, '1278623559075614059', '10', '2025', 5, 13, 10, 3, 2, 2, 7, '2025-10-19 06:10:23', '2025-10-19 06:10:23'),
(1667, '16463297768463380689', '10', '2025', 5, 16, 10, 3, 3, 2, 8, '2025-10-19 06:10:23', '2025-10-19 06:10:23'),
(1668, '18166597147322921374', '10', '2025', 5, 14, 10, 4, 3, 3, 10, '2025-10-19 06:10:23', '2025-10-19 06:10:23'),
(1669, '3340735688165230968', '10', '2025', 5, 12, 10, 4, 3, 3, 10, '2025-10-19 06:10:23', '2025-10-19 06:10:23'),
(1670, '15173923800964577880', '10', '2025', 5, 15, 10, 2, 2, 1, 5, '2025-10-19 06:10:23', '2025-10-19 06:10:23'),
(1671, '14030086051495868742', '10', '2025', 5, 18, 10, 3, 2, 2, 7, '2025-10-19 06:10:23', '2025-10-19 06:10:23'),
(1672, '15430707731574881749', '10', '2025', 5, 17, 10, 4, 2, 3, 9, '2025-10-19 06:10:23', '2025-10-19 06:10:23'),
(1673, '5547916688782035900', '10', '2025', 15, 165, 10, 4, 4, 4, 12, '2025-10-19 06:10:23', '2025-10-19 06:10:23'),
(1674, '8838931348077467250', '10', '2025', 15, 164, 10, 3, 5, 4, 12, '2025-10-19 06:10:23', '2025-10-19 06:10:23'),
(1675, '4325657771054348426', '10', '2025', 15, 162, 10, 2, 5, 3, 10, '2025-10-19 06:10:23', '2025-10-19 06:10:23'),
(1676, '13430654776358454757', '10', '2025', 15, 170, 10, 2, 3, 2, 7, '2025-10-19 06:10:23', '2025-10-19 06:10:23'),
(1677, '7371124109519777', '10', '2025', 15, 159, 10, 2, 3, 2, 7, '2025-10-19 06:10:23', '2025-10-19 06:10:23'),
(1678, '13587449624339292916', '10', '2025', 15, 163, 10, 3, 5, 4, 12, '2025-10-19 06:10:23', '2025-10-19 06:10:23'),
(1679, '8038150238333871075', '10', '2025', 15, 168, 10, 4, 4, 4, 12, '2025-10-19 06:10:23', '2025-10-19 06:10:23'),
(1680, '4968608640391880109', '10', '2025', 15, 166, 10, 3, 4, 3, 10, '2025-10-19 06:10:23', '2025-10-19 06:10:23'),
(1681, '7053136926693907916', '10', '2025', 15, 160, 10, 2, 3, 2, 7, '2025-10-19 06:10:23', '2025-10-19 06:10:23'),
(1682, '4919778991089073228', '10', '2025', 15, 169, 10, 5, 4, 5, 14, '2025-10-19 06:10:23', '2025-10-19 06:10:23'),
(1683, '8277992112766141229', '10', '2025', 15, 161, 10, 3, 4, 3, 10, '2025-10-19 06:10:23', '2025-10-19 06:10:23'),
(1684, '12774219487140155293', '10', '2025', 15, 167, 10, 6, 3, 5, 14, '2025-10-19 06:10:23', '2025-10-19 06:10:23'),
(1685, '3398510168427941747', '10', '2025', 12, 87, 10, 4, 2, 3, 9, '2025-10-19 06:10:23', '2025-10-19 06:10:23'),
(1686, '11322933376018264201', '10', '2025', 12, 91, 10, 4, 3, 3, 10, '2025-10-19 06:10:23', '2025-10-19 06:10:23'),
(1687, '14279127671838818794', '10', '2025', 12, 95, 10, 4, 3, 3, 10, '2025-10-19 06:10:23', '2025-10-19 06:10:23'),
(1688, '3907359862570784271', '10', '2025', 12, 94, 10, 4, 3, 3, 10, '2025-10-19 06:10:23', '2025-10-19 06:10:23'),
(1689, '16110105333611114654', '10', '2025', 12, 92, 10, 3, 5, 4, 12, '2025-10-19 06:10:23', '2025-10-19 06:10:23'),
(1690, '2080459277129138638', '10', '2025', 12, 96, 10, 4, 5, 5, 14, '2025-10-19 06:10:23', '2025-10-19 06:10:23'),
(1691, '8846579361780498675', '10', '2025', 12, 93, 10, 4, 3, 3, 10, '2025-10-19 06:10:23', '2025-10-19 06:10:23'),
(1692, '5253480554330414788', '10', '2025', 12, 90, 10, 5, 4, 5, 14, '2025-10-19 06:10:23', '2025-10-19 06:10:23'),
(1693, '11668941369326604866', '10', '2025', 12, 88, 10, 2, 3, 2, 7, '2025-10-19 06:10:23', '2025-10-19 06:10:23'),
(1694, '3047281633175896279', '10', '2025', 12, 97, 10, 3, 2, 2, 7, '2025-10-19 06:10:23', '2025-10-19 06:10:23'),
(1695, '9587261335820622187', '10', '2025', 12, 98, 10, 4, 4, 4, 12, '2025-10-19 06:10:23', '2025-10-19 06:10:23'),
(1696, '2011672574529519565', '10', '2025', 12, 89, 10, 4, 4, 4, 12, '2025-10-19 06:10:23', '2025-10-19 06:10:23'),
(1697, '6491685678187028267', '10', '2025', 8, 41, 10, 4, 4, 4, 12, '2025-10-19 06:10:23', '2025-10-19 06:10:23'),
(1698, '15219641884482647303', '10', '2025', 8, 37, 10, 2, 3, 2, 7, '2025-10-19 06:10:23', '2025-10-19 06:10:23'),
(1699, '4890385562082400838', '10', '2025', 8, 38, 10, 4, 3, 3, 10, '2025-10-19 06:10:23', '2025-10-19 06:10:23'),
(1700, '11902130080262128865', '10', '2025', 8, 34, 10, 4, 4, 4, 12, '2025-10-19 06:10:23', '2025-10-19 06:10:23'),
(1701, '6064083802002456615', '10', '2025', 8, 35, 10, 4, 4, 4, 12, '2025-10-19 06:10:23', '2025-10-19 06:10:23'),
(1702, '15983268062180835364', '10', '2025', 8, 43, 10, 4, 4, 4, 12, '2025-10-19 06:10:23', '2025-10-19 06:10:23'),
(1703, '13987260525622659017', '10', '2025', 8, 42, 10, 2, 5, 3, 10, '2025-10-19 06:10:23', '2025-10-19 06:10:23'),
(1704, '10078755208346920235', '10', '2025', 8, 40, 10, 3, 5, 4, 12, '2025-10-19 06:10:23', '2025-10-19 06:10:23'),
(1705, '16614250712595818572', '10', '2025', 8, 39, 10, 4, 5, 5, 14, '2025-10-19 06:10:23', '2025-10-19 06:10:23'),
(1706, '14015973773822169015', '10', '2025', 8, 36, 10, 3, 4, 3, 10, '2025-10-19 06:10:23', '2025-10-19 06:10:23'),
(1707, '12711353543950926079', '10', '2025', 8, 46, 10, 3, 1, 1, 5, '2025-10-19 06:10:23', '2025-10-19 06:10:23'),
(1708, '7022450798166684570', '10', '2025', 8, 45, 10, 3, 4, 3, 10, '2025-10-19 06:10:23', '2025-10-19 06:10:23'),
(1709, '16211107448355773357', '10', '2025', 8, 44, 10, 2, 4, 2, 8, '2025-10-19 06:10:23', '2025-10-19 06:10:23'),
(1710, '10227691237444466703', '10', '2025', 7, 29, 10, 5, 1, 3, 9, '2025-10-19 06:10:23', '2025-10-19 06:10:23'),
(1711, '15455137429004892776', '10', '2025', 7, 27, 10, 5, 2, 4, 11, '2025-10-19 06:10:23', '2025-10-19 06:10:23'),
(1712, '12381955992953598644', '10', '2025', 7, 32, 10, 6, 4, 6, 16, '2025-10-19 06:10:23', '2025-10-19 06:10:23'),
(1713, '13829171199000072504', '10', '2025', 7, 30, 10, 4, 3, 3, 10, '2025-10-19 06:10:23', '2025-10-19 06:10:23'),
(1714, '14963442565407031519', '10', '2025', 7, 31, 10, 6, 4, 6, 16, '2025-10-19 06:10:23', '2025-10-19 06:10:23'),
(1715, '6312352603397043252', '10', '2025', 7, 28, 10, 5, 4, 5, 14, '2025-10-19 06:10:23', '2025-10-19 06:10:23'),
(1716, '16239321230567223800', '10', '2025', 7, 33, 10, 6, 4, 6, 16, '2025-10-19 06:10:23', '2025-10-19 06:10:23'),
(1717, '15027183823930953584', '10', '2025', 2, 142, 10, 4, 1, 2, 7, '2025-10-19 06:10:23', '2025-10-19 06:10:23'),
(1718, '16029979440728240658', '10', '2025', 2, 141, 10, 3, 1, 1, 5, '2025-10-19 06:10:23', '2025-10-19 06:10:23'),
(1719, '8357034496003696825', '10', '2025', 2, 148, 10, 7, 3, 6, 16, '2025-10-19 06:10:23', '2025-10-19 06:10:23'),
(1720, '282283222824446626', '10', '2025', 2, 149, 10, 6, 3, 5, 14, '2025-10-19 06:10:23', '2025-10-19 06:10:23'),
(1721, '1474169033362376198', '10', '2025', 2, 143, 10, 6, 3, 5, 14, '2025-10-19 06:10:23', '2025-10-19 06:10:23'),
(1722, '17974425049787572086', '10', '2025', 2, 140, 10, 6, 2, 5, 13, '2025-10-19 06:10:23', '2025-10-19 06:10:23'),
(1723, '2138574175584566756', '10', '2025', 2, 146, 10, 5, 2, 4, 11, '2025-10-19 06:10:23', '2025-10-19 06:10:23'),
(1724, '3092374472751572404', '10', '2025', 2, 145, 10, 6, 2, 5, 13, '2025-10-19 06:10:23', '2025-10-19 06:10:23'),
(1725, '1941205964324455028', '10', '2025', 2, 147, 10, 6, 3, 5, 14, '2025-10-19 06:10:23', '2025-10-19 06:10:23'),
(1726, '3140292419506994837', '10', '2025', 2, 144, 10, 6, 4, 6, 16, '2025-10-19 06:10:23', '2025-10-19 06:10:23'),
(1727, '16836019801413799020', '10', '2025', 14, 151, 10, 7, 3, 6, 16, '2025-10-19 06:10:23', '2025-10-19 06:10:23'),
(1728, '568077990805622874', '10', '2025', 14, 156, 10, 6, 3, 5, 14, '2025-10-19 06:10:23', '2025-10-19 06:10:23'),
(1729, '6639554592986748388', '10', '2025', 14, 154, 10, 6, 4, 6, 16, '2025-10-19 06:10:23', '2025-10-19 06:10:23'),
(1730, '18272619493442757146', '10', '2025', 14, 155, 10, 2, 5, 3, 10, '2025-10-19 06:10:23', '2025-10-19 06:10:23'),
(1731, '10967866070095353543', '10', '2025', 14, 153, 10, 6, 4, 6, 16, '2025-10-19 06:10:23', '2025-10-19 06:10:23'),
(1732, '6585721605722153907', '10', '2025', 14, 157, 10, 6, 4, 6, 16, '2025-10-19 06:10:23', '2025-10-19 06:10:23'),
(1733, '4434521703078604204', '10', '2025', 14, 152, 10, 7, 3, 6, 16, '2025-10-19 06:10:23', '2025-10-19 06:10:23'),
(1734, '9010458306970613517', '10', '2025', 14, 150, 10, 5, 3, 4, 12, '2025-10-19 06:10:23', '2025-10-19 06:10:23'),
(1735, '1387298719018594727', '10', '2025', 14, 158, 10, 4, 4, 4, 12, '2025-10-19 06:10:23', '2025-10-19 06:10:23'),
(1736, '2470685005623647515', '10', '2025', 3, 135, 10, 4, 1, 2, 7, '2025-10-19 06:10:23', '2025-10-19 06:10:23'),
(1737, '1722559176551532376', '10', '2025', 3, 129, 10, 3, 1, 1, 5, '2025-10-19 06:10:23', '2025-10-19 06:10:23'),
(1738, '11181702126663718895', '10', '2025', 3, 128, 10, 6, 1, 4, 11, '2025-10-19 06:10:23', '2025-10-19 06:10:23'),
(1739, '3505891126386328534', '10', '2025', 3, 126, 10, 4, 2, 3, 9, '2025-10-19 06:10:23', '2025-10-19 06:10:23'),
(1740, '7191231429026506273', '10', '2025', 3, 133, 10, 6, 1, 4, 11, '2025-10-19 06:10:23', '2025-10-19 06:10:23'),
(1741, '10152743998942331283', '10', '2025', 3, 127, 10, 7, 1, 5, 13, '2025-10-19 06:10:23', '2025-10-19 06:10:23'),
(1742, '13788755997414338237', '10', '2025', 3, 132, 10, 4, 1, 2, 7, '2025-10-19 06:10:23', '2025-10-19 06:10:23'),
(1743, '8964758164061670370', '10', '2025', 3, 138, 10, 5, 2, 4, 11, '2025-10-19 06:10:23', '2025-10-19 06:10:23'),
(1744, '7214107631596492731', '10', '2025', 3, 130, 10, 5, 2, 4, 11, '2025-10-19 06:10:23', '2025-10-19 06:10:23'),
(1745, '7413598283670467140', '10', '2025', 3, 125, 10, 4, 2, 3, 9, '2025-10-19 06:10:23', '2025-10-19 06:10:23'),
(1746, '14299996466843846298', '10', '2025', 3, 131, 10, 5, 3, 4, 12, '2025-10-19 06:10:23', '2025-10-19 06:10:23'),
(1747, '10667697353583106897', '10', '2025', 3, 134, 10, 6, 2, 5, 13, '2025-10-19 06:10:23', '2025-10-19 06:10:23'),
(1748, '605231475697334096', '10', '2025', 3, 139, 10, 6, 3, 5, 14, '2025-10-19 06:10:23', '2025-10-19 06:10:23'),
(1749, '1678335973025017382', '10', '2025', 3, 136, 10, 3, 1, 1, 5, '2025-10-19 06:10:23', '2025-10-19 06:10:23'),
(1750, '12043420416609715946', '10', '2025', 3, 137, 10, 7, 2, 6, 15, '2025-10-19 06:10:23', '2025-10-19 06:10:23'),
(1751, '5211545330870769999', '10', '2025', 1, 106, 10, 4, 4, 4, 12, '2025-10-19 06:10:23', '2025-10-19 06:10:23'),
(1752, '13732868222237606163', '10', '2025', 1, 109, 10, 4, 4, 4, 12, '2025-10-19 06:10:23', '2025-10-19 06:10:23'),
(1753, '1008671999210260561', '10', '2025', 1, 110, 10, 7, 3, 6, 16, '2025-10-19 06:10:23', '2025-10-19 06:10:23'),
(1754, '15411893905042791886', '10', '2025', 1, 100, 10, 6, 2, 5, 13, '2025-10-19 06:10:23', '2025-10-19 06:10:23'),
(1755, '17652419221816670747', '10', '2025', 1, 99, 10, 5, 2, 4, 11, '2025-10-19 06:10:23', '2025-10-19 06:10:23'),
(1756, '10449994688194802251', '10', '2025', 1, 101, 10, 5, 2, 4, 11, '2025-10-19 06:10:23', '2025-10-19 06:10:23'),
(1757, '5665371564391987437', '10', '2025', 1, 111, 10, 3, 2, 2, 7, '2025-10-19 06:10:23', '2025-10-19 06:10:23'),
(1758, '872709929368603093', '10', '2025', 1, 102, 10, 5, 5, 6, 16, '2025-10-19 06:10:23', '2025-10-19 06:10:23'),
(1759, '3345557098302130997', '10', '2025', 1, 103, 10, 5, 2, 4, 11, '2025-10-19 06:10:23', '2025-10-19 06:10:23'),
(1760, '16815414805481988559', '10', '2025', 1, 104, 10, 4, 4, 4, 12, '2025-10-19 06:10:23', '2025-10-19 06:10:23'),
(1761, '8835294616891078505', '10', '2025', 1, 107, 10, 2, 3, 2, 7, '2025-10-19 06:10:23', '2025-10-19 06:10:23'),
(1762, '7882959903563136620', '10', '2025', 1, 112, 10, 1, 6, 2, 9, '2025-10-19 06:10:23', '2025-10-19 06:10:23'),
(1763, '11481886703822146124', '10', '2025', 1, 114, 10, 2, 3, 2, 7, '2025-10-19 06:10:23', '2025-10-19 06:10:23'),
(1764, '14749632136848521521', '10', '2025', 1, 105, 10, 6, 2, 5, 13, '2025-10-19 06:10:23', '2025-10-19 06:10:23'),
(1765, '15783593522710875636', '10', '2025', 1, 108, 10, 7, 2, 6, 15, '2025-10-19 06:10:23', '2025-10-19 06:10:23'),
(1766, '10975645912488935009', '10', '2025', 1, 113, 10, 4, 3, 3, 10, '2025-10-19 06:10:23', '2025-10-19 06:10:23'),
(1767, '2756022896681935220', '10', '2025', 16, 171, 10, 1, 4, 1, 6, '2025-10-19 06:10:23', '2025-10-19 06:10:23'),
(1768, '12970726459425641140', '10', '2025', 16, 177, 10, 1, 4, 1, 6, '2025-10-19 06:10:23', '2025-10-19 06:10:23'),
(1769, '8107709518136727479', '10', '2025', 16, 172, 10, 1, 6, 2, 9, '2025-10-19 06:10:23', '2025-10-19 06:10:23'),
(1770, '13741394631413045144', '10', '2025', 16, 176, 10, 1, 5, 2, 8, '2025-10-19 06:10:23', '2025-10-19 06:10:23'),
(1771, '12659220993112868817', '10', '2025', 16, 174, 10, 5, 4, 5, 14, '2025-10-19 06:10:23', '2025-10-19 06:10:23'),
(1772, '11153398776735227541', '10', '2025', 16, 175, 10, 5, 5, 6, 16, '2025-10-19 06:10:23', '2025-10-19 06:10:23'),
(1773, '8319555516144270869', '10', '2025', 16, 173, 10, 4, 4, 4, 12, '2025-10-19 06:10:23', '2025-10-19 06:10:23'),
(1774, '15803957368096613395', '10', '2025', 11, 82, 10, 1, 4, 1, 6, '2025-10-19 06:10:23', '2025-10-19 06:10:23'),
(1775, '7503491859575402801', '10', '2025', 11, 86, 10, 1, 5, 2, 8, '2025-10-19 06:10:23', '2025-10-19 06:10:23'),
(1776, '4356066628108298073', '10', '2025', 11, 78, 10, 2, 4, 2, 8, '2025-10-19 06:10:23', '2025-10-19 06:10:23'),
(1777, '13293472813226831897', '10', '2025', 11, 81, 10, 2, 4, 2, 8, '2025-10-19 06:10:23', '2025-10-19 06:10:23'),
(1778, '2088141361109369621', '10', '2025', 11, 77, 10, 2, 5, 3, 10, '2025-10-19 06:10:23', '2025-10-19 06:10:23'),
(1779, '5474867664250567943', '10', '2025', 11, 80, 10, 3, 6, 4, 13, '2025-10-19 06:10:23', '2025-10-19 06:10:23'),
(1780, '316766981300710753', '10', '2025', 11, 83, 10, 2, 5, 3, 10, '2025-10-19 06:10:23', '2025-10-19 06:10:23'),
(1781, '246952357284448351', '10', '2025', 11, 84, 10, 2, 5, 3, 10, '2025-10-19 06:10:23', '2025-10-19 06:10:23'),
(1782, '10090349693780319366', '10', '2025', 11, 79, 10, 1, 5, 2, 8, '2025-10-19 06:10:23', '2025-10-19 06:10:23'),
(1783, '12554569087914515794', '10', '2025', 11, 85, 10, 2, 5, 3, 10, '2025-10-19 06:10:23', '2025-10-19 06:10:23'),
(1784, '9286051710773498343', '10', '2025', 10, 64, 11, 3, 6, 4, 19, '2025-10-19 06:12:46', '2025-10-19 06:12:46'),
(1785, '17071594170477979158', '10', '2025', 10, 63, 11, 3, 7, 5, 13, '2025-10-19 06:12:46', '2025-10-19 06:12:46'),
(1786, '13402385495821328873', '10', '2025', 10, 67, 11, 2, 5, 3, 7, '2025-10-19 06:12:46', '2025-10-19 06:12:46'),
(1787, '12062935497354866805', '10', '2025', 10, 72, 11, 4, 5, 5, 9, '2025-10-19 06:12:46', '2025-10-19 06:12:46');
INSERT INTO `data` (`id`, `uuid`, `bulan`, `tahun`, `kecamatan_id`, `kelurahan_id`, `jenis_kasus_id`, `keterpaparan`, `kerentanan`, `potensial_dampak`, `jumlah_kasus`, `created_at`, `updated_at`) VALUES
(1788, '12871660961738380873', '10', '2025', 10, 73, 11, 5, 5, 6, 38, '2025-10-19 06:12:46', '2025-10-19 06:12:46'),
(1789, '360507295733147889', '10', '2025', 10, 74, 11, 3, 4, 3, 20, '2025-10-19 06:12:46', '2025-10-19 06:12:46'),
(1790, '15802434552068383859', '10', '2025', 10, 66, 11, 2, 6, 3, 24, '2025-10-19 06:12:46', '2025-10-19 06:12:46'),
(1791, '13325158204246788619', '10', '2025', 10, 69, 11, 4, 4, 4, 39, '2025-10-19 06:12:46', '2025-10-19 06:12:46'),
(1792, '17960691351104952587', '10', '2025', 10, 65, 11, 2, 5, 3, 7, '2025-10-19 06:12:46', '2025-10-19 06:12:46'),
(1793, '3588696609377848420', '10', '2025', 10, 68, 11, 1, 6, 2, 12, '2025-10-19 06:12:46', '2025-10-19 06:12:46'),
(1794, '13374927728721324749', '10', '2025', 10, 71, 11, 1, 2, 1, 3, '2025-10-19 06:12:46', '2025-10-19 06:12:46'),
(1795, '5383192951029691373', '10', '2025', 10, 70, 11, 3, 5, 4, 24, '2025-10-19 06:12:46', '2025-10-19 06:12:46'),
(1796, '170227237579891120', '10', '2025', 10, 75, 11, 3, 4, 3, 32, '2025-10-19 06:12:46', '2025-10-19 06:12:46'),
(1797, '13245067372497678399', '10', '2025', 10, 76, 11, 4, 5, 5, 20, '2025-10-19 06:12:46', '2025-10-19 06:12:46'),
(1798, '2822611386812088010', '10', '2025', 9, 48, 11, 2, 4, 2, 16, '2025-10-19 06:12:46', '2025-10-19 06:12:46'),
(1799, '3849413787086858937', '10', '2025', 9, 57, 11, 3, 5, 4, 14, '2025-10-19 06:12:46', '2025-10-19 06:12:46'),
(1800, '13924392666716835005', '10', '2025', 9, 62, 11, 2, 5, 3, 18, '2025-10-19 06:12:46', '2025-10-19 06:12:46'),
(1801, '2242297798315055473', '10', '2025', 9, 55, 11, 4, 6, 5, 29, '2025-10-19 06:12:46', '2025-10-19 06:12:46'),
(1802, '8443525015345130817', '10', '2025', 9, 52, 11, 2, 6, 3, 9, '2025-10-19 06:12:46', '2025-10-19 06:12:46'),
(1803, '16523579490875774921', '10', '2025', 9, 56, 11, 3, 7, 5, 17, '2025-10-19 06:12:46', '2025-10-19 06:12:46'),
(1804, '7200246123044425114', '10', '2025', 9, 53, 11, 1, 7, 3, 7, '2025-10-19 06:12:46', '2025-10-19 06:12:46'),
(1805, '1476901259225412006', '10', '2025', 9, 54, 11, 4, 6, 5, 23, '2025-10-19 06:12:46', '2025-10-19 06:12:46'),
(1806, '16639702774977356079', '10', '2025', 9, 47, 11, 2, 5, 3, 9, '2025-10-19 06:12:46', '2025-10-19 06:12:46'),
(1807, '2512081950133969048', '10', '2025', 9, 49, 11, 3, 5, 4, 8, '2025-10-19 06:12:46', '2025-10-19 06:12:46'),
(1808, '16158278367222431751', '10', '2025', 9, 51, 11, 3, 5, 4, 21, '2025-10-19 06:12:46', '2025-10-19 06:12:46'),
(1809, '3695464767813015820', '10', '2025', 9, 58, 11, 3, 6, 4, 18, '2025-10-19 06:12:46', '2025-10-19 06:12:46'),
(1810, '3778535982205210764', '10', '2025', 9, 50, 11, 2, 7, 4, 9, '2025-10-19 06:12:46', '2025-10-19 06:12:46'),
(1811, '7320950225660695820', '10', '2025', 9, 60, 11, 3, 4, 3, 28, '2025-10-19 06:12:46', '2025-10-19 06:12:46'),
(1812, '15443064308929112459', '10', '2025', 9, 61, 11, 3, 4, 3, 41, '2025-10-19 06:12:46', '2025-10-19 06:12:46'),
(1813, '14613511989658761569', '10', '2025', 9, 59, 11, 2, 5, 3, 16, '2025-10-19 06:12:46', '2025-10-19 06:12:46'),
(1814, '859462321606694156', '10', '2025', 4, 2, 11, 4, 4, 4, 98, '2025-10-19 06:12:46', '2025-10-19 06:12:46'),
(1815, '18320656106073277775', '10', '2025', 4, 1, 11, 3, 6, 4, 38, '2025-10-19 06:12:46', '2025-10-19 06:12:46'),
(1816, '16303332592885798895', '10', '2025', 4, 3, 11, 4, 7, 6, 23, '2025-10-19 06:12:46', '2025-10-19 06:12:46'),
(1817, '3770792042531448564', '10', '2025', 4, 4, 11, 6, 4, 6, 52, '2025-10-19 06:12:46', '2025-10-19 06:12:46'),
(1818, '7444311446552475112', '10', '2025', 4, 5, 11, 6, 4, 6, 65, '2025-10-19 06:12:46', '2025-10-19 06:12:46'),
(1819, '11297004743374934978', '10', '2025', 4, 6, 11, 5, 4, 5, 90, '2025-10-19 06:12:46', '2025-10-19 06:12:46'),
(1820, '13953922240024580030', '10', '2025', 4, 7, 11, 5, 3, 4, 64, '2025-10-19 06:12:46', '2025-10-19 06:12:46'),
(1821, '7138248113524197131', '10', '2025', 4, 8, 11, 3, 4, 3, 25, '2025-10-19 06:12:46', '2025-10-19 06:12:46'),
(1822, '5736521624647525856', '10', '2025', 4, 9, 11, 4, 3, 3, 61, '2025-10-19 06:12:46', '2025-10-19 06:12:46'),
(1823, '312457557596176455', '10', '2025', 4, 10, 11, 3, 3, 2, 31, '2025-10-19 06:12:46', '2025-10-19 06:12:46'),
(1824, '5502965887701595727', '10', '2025', 4, 11, 11, 3, 3, 2, 48, '2025-10-19 06:12:46', '2025-10-19 06:12:46'),
(1825, '6563517543749016383', '10', '2025', 6, 26, 11, 4, 3, 3, 35, '2025-10-19 06:12:46', '2025-10-19 06:12:46'),
(1826, '10350683639260608343', '10', '2025', 6, 19, 11, 4, 4, 4, 19, '2025-10-19 06:12:46', '2025-10-19 06:12:46'),
(1827, '17701977539183501356', '10', '2025', 6, 23, 11, 3, 3, 2, 21, '2025-10-19 06:12:46', '2025-10-19 06:12:46'),
(1828, '11279158777788980141', '10', '2025', 6, 22, 11, 4, 3, 3, 56, '2025-10-19 06:12:46', '2025-10-19 06:12:46'),
(1829, '16770608010614346415', '10', '2025', 6, 20, 11, 4, 3, 3, 20, '2025-10-19 06:12:46', '2025-10-19 06:12:46'),
(1830, '17007113322257464561', '10', '2025', 6, 25, 11, 3, 3, 2, 18, '2025-10-19 06:12:46', '2025-10-19 06:12:46'),
(1831, '17941971294414710739', '10', '2025', 6, 21, 11, 5, 3, 4, 18, '2025-10-19 06:12:46', '2025-10-19 06:12:46'),
(1832, '16877528056768369300', '10', '2025', 6, 24, 11, 3, 2, 2, 16, '2025-10-19 06:12:46', '2025-10-19 06:12:46'),
(1833, '4864062980518685663', '10', '2025', 13, 116, 11, 6, 3, 5, 18, '2025-10-19 06:12:46', '2025-10-19 06:12:46'),
(1834, '11387564525498798991', '10', '2025', 13, 115, 11, 4, 4, 4, 20, '2025-10-19 06:12:46', '2025-10-19 06:12:46'),
(1835, '8489011202602433799', '10', '2025', 13, 123, 11, 6, 3, 5, 42, '2025-10-19 06:12:46', '2025-10-19 06:12:46'),
(1836, '14405261721554115396', '10', '2025', 13, 120, 11, 5, 3, 4, 32, '2025-10-19 06:12:46', '2025-10-19 06:12:46'),
(1837, '5766314658063357978', '10', '2025', 13, 122, 11, 3, 2, 2, 12, '2025-10-19 06:12:46', '2025-10-19 06:12:46'),
(1838, '10160132624924695640', '10', '2025', 13, 124, 11, 6, 2, 5, 42, '2025-10-19 06:12:46', '2025-10-19 06:12:46'),
(1839, '5920881641362025527', '10', '2025', 13, 121, 11, 6, 2, 5, 34, '2025-10-19 06:12:46', '2025-10-19 06:12:46'),
(1840, '372351007702069529', '10', '2025', 13, 117, 11, 3, 4, 3, 10, '2025-10-19 06:12:46', '2025-10-19 06:12:46'),
(1841, '4051567923931473778', '10', '2025', 13, 118, 11, 6, 3, 5, 23, '2025-10-19 06:12:46', '2025-10-19 06:12:46'),
(1842, '3264327349494858884', '10', '2025', 13, 119, 11, 7, 3, 6, 73, '2025-10-19 06:12:46', '2025-10-19 06:12:46'),
(1843, '11496801287303073808', '10', '2025', 5, 13, 11, 3, 3, 2, 22, '2025-10-19 06:12:46', '2025-10-19 06:12:46'),
(1844, '5601606506559389481', '10', '2025', 5, 16, 11, 4, 3, 3, 36, '2025-10-19 06:12:46', '2025-10-19 06:12:46'),
(1845, '14764809740145074522', '10', '2025', 5, 14, 11, 6, 3, 5, 87, '2025-10-19 06:12:46', '2025-10-19 06:12:46'),
(1846, '6309340887045941009', '10', '2025', 5, 12, 11, 6, 2, 5, 47, '2025-10-19 06:12:46', '2025-10-19 06:12:46'),
(1847, '11904245257173221013', '10', '2025', 5, 15, 11, 2, 4, 2, 6, '2025-10-19 06:12:46', '2025-10-19 06:12:46'),
(1848, '1728188272273723166', '10', '2025', 5, 18, 11, 6, 1, 4, 40, '2025-10-19 06:12:46', '2025-10-19 06:12:46'),
(1849, '2347945354479973103', '10', '2025', 5, 17, 11, 5, 2, 4, 51, '2025-10-19 06:12:46', '2025-10-19 06:12:46'),
(1850, '5635074419921644729', '10', '2025', 15, 165, 11, 4, 3, 3, 65, '2025-10-19 06:12:46', '2025-10-19 06:12:46'),
(1851, '14065346570831533848', '10', '2025', 15, 164, 11, 4, 5, 5, 109, '2025-10-19 06:12:46', '2025-10-19 06:12:46'),
(1852, '6096228823650654147', '10', '2025', 15, 162, 11, 3, 6, 4, 12, '2025-10-19 06:12:46', '2025-10-19 06:12:46'),
(1853, '6502256328424703489', '10', '2025', 15, 170, 11, 4, 4, 4, 24, '2025-10-19 06:12:46', '2025-10-19 06:12:46'),
(1854, '18062854308459406232', '10', '2025', 15, 159, 11, 2, 5, 3, 11, '2025-10-19 06:12:46', '2025-10-19 06:12:46'),
(1855, '10440618279288948730', '10', '2025', 15, 163, 11, 3, 6, 4, 35, '2025-10-19 06:12:46', '2025-10-19 06:12:46'),
(1856, '9531459941496174020', '10', '2025', 15, 168, 11, 4, 5, 5, 133, '2025-10-19 06:12:46', '2025-10-19 06:12:46'),
(1857, '2601260531475282191', '10', '2025', 15, 166, 11, 3, 4, 3, 44, '2025-10-19 06:12:46', '2025-10-19 06:12:46'),
(1858, '10205503561104031259', '10', '2025', 15, 160, 11, 3, 4, 3, 23, '2025-10-19 06:12:46', '2025-10-19 06:12:46'),
(1859, '1209740105382604948', '10', '2025', 15, 169, 11, 5, 2, 4, 85, '2025-10-19 06:12:46', '2025-10-19 06:12:46'),
(1860, '9154414643937725419', '10', '2025', 15, 161, 11, 3, 6, 4, 26, '2025-10-19 06:12:46', '2025-10-19 06:12:46'),
(1861, '7180519880987519302', '10', '2025', 15, 167, 11, 7, 2, 6, 110, '2025-10-19 06:12:46', '2025-10-19 06:12:46'),
(1862, '2369824706530217710', '10', '2025', 12, 87, 11, 5, 2, 4, 58, '2025-10-19 06:12:46', '2025-10-19 06:12:46'),
(1863, '14653728026412585758', '10', '2025', 12, 91, 11, 3, 4, 3, 27, '2025-10-19 06:12:46', '2025-10-19 06:12:46'),
(1864, '17954774918643346489', '10', '2025', 12, 95, 11, 2, 3, 2, 25, '2025-10-19 06:12:46', '2025-10-19 06:12:46'),
(1865, '6751853239546459658', '10', '2025', 12, 94, 11, 4, 4, 4, 38, '2025-10-19 06:12:46', '2025-10-19 06:12:46'),
(1866, '4352629564151118980', '10', '2025', 12, 92, 11, 3, 5, 4, 20, '2025-10-19 06:12:46', '2025-10-19 06:12:46'),
(1867, '352969500958460240', '10', '2025', 12, 96, 11, 4, 4, 4, 61, '2025-10-19 06:12:46', '2025-10-19 06:12:46'),
(1868, '1480691285331053618', '10', '2025', 12, 93, 11, 4, 2, 3, 50, '2025-10-19 06:12:46', '2025-10-19 06:12:46'),
(1869, '18166770489902802833', '10', '2025', 12, 90, 11, 4, 3, 3, 38, '2025-10-19 06:12:46', '2025-10-19 06:12:46'),
(1870, '7260666574499065907', '10', '2025', 12, 88, 11, 3, 4, 3, 22, '2025-10-19 06:12:46', '2025-10-19 06:12:46'),
(1871, '7680357697632037623', '10', '2025', 12, 97, 11, 2, 4, 2, 0, '2025-10-19 06:12:46', '2025-10-19 06:12:46'),
(1872, '10808875944212359806', '10', '2025', 12, 98, 11, 1, 5, 2, 0, '2025-10-19 06:12:46', '2025-10-19 06:12:46'),
(1873, '431201146063166510', '10', '2025', 12, 89, 11, 6, 3, 5, 131, '2025-10-19 06:12:46', '2025-10-19 06:12:46'),
(1874, '4466036935982799112', '10', '2025', 8, 41, 11, 2, 4, 2, 10, '2025-10-19 06:12:46', '2025-10-19 06:12:46'),
(1875, '3862190677462542699', '10', '2025', 8, 37, 11, 2, 4, 2, 12, '2025-10-19 06:12:46', '2025-10-19 06:12:46'),
(1876, '16314998804726710165', '10', '2025', 8, 38, 11, 4, 4, 4, 58, '2025-10-19 06:12:46', '2025-10-19 06:12:46'),
(1877, '11427045495698514574', '10', '2025', 8, 34, 11, 5, 3, 4, 68, '2025-10-19 06:12:46', '2025-10-19 06:12:46'),
(1878, '7683200340546285630', '10', '2025', 8, 35, 11, 4, 5, 5, 44, '2025-10-19 06:12:46', '2025-10-19 06:12:46'),
(1879, '442595973314163965', '10', '2025', 8, 43, 11, 4, 4, 4, 44, '2025-10-19 06:12:46', '2025-10-19 06:12:46'),
(1880, '6451207499528705505', '10', '2025', 8, 42, 11, 3, 5, 4, 19, '2025-10-19 06:12:46', '2025-10-19 06:12:46'),
(1881, '1414608159294188651', '10', '2025', 8, 40, 11, 3, 5, 4, 27, '2025-10-19 06:12:46', '2025-10-19 06:12:46'),
(1882, '10829291340161510178', '10', '2025', 8, 39, 11, 4, 5, 5, 46, '2025-10-19 06:12:46', '2025-10-19 06:12:46'),
(1883, '9748433356447106505', '10', '2025', 8, 36, 11, 3, 4, 3, 33, '2025-10-19 06:12:46', '2025-10-19 06:12:46'),
(1884, '11291038888317993975', '10', '2025', 8, 46, 11, 2, 2, 1, 10, '2025-10-19 06:12:46', '2025-10-19 06:12:46'),
(1885, '5518085308882099013', '10', '2025', 8, 45, 11, 2, 4, 2, 4, '2025-10-19 06:12:46', '2025-10-19 06:12:46'),
(1886, '11816421603832842171', '10', '2025', 8, 44, 11, 3, 4, 3, 2, '2025-10-19 06:12:46', '2025-10-19 06:12:46'),
(1887, '18405340087479539803', '10', '2025', 7, 29, 11, 5, 2, 4, 48, '2025-10-19 06:12:46', '2025-10-19 06:12:46'),
(1888, '13508179886363923111', '10', '2025', 7, 27, 11, 5, 2, 4, 54, '2025-10-19 06:12:46', '2025-10-19 06:12:46'),
(1889, '18257446985347380686', '10', '2025', 7, 32, 11, 7, 4, 7, 46, '2025-10-19 06:12:46', '2025-10-19 06:12:46'),
(1890, '13097374094101502299', '10', '2025', 7, 30, 11, 5, 2, 4, 42, '2025-10-19 06:12:46', '2025-10-19 06:12:46'),
(1891, '14850929896517396885', '10', '2025', 7, 31, 11, 6, 3, 5, 39, '2025-10-19 06:12:46', '2025-10-19 06:12:46'),
(1892, '11861553928416686684', '10', '2025', 7, 28, 11, 5, 2, 4, 44, '2025-10-19 06:12:46', '2025-10-19 06:12:46'),
(1893, '17607683891059016356', '10', '2025', 7, 33, 11, 5, 3, 4, 41, '2025-10-19 06:12:46', '2025-10-19 06:12:46'),
(1894, '17017871385846953596', '10', '2025', 2, 142, 11, 6, 2, 5, 16, '2025-10-19 06:12:46', '2025-10-19 06:12:46'),
(1895, '15430171116852634845', '10', '2025', 2, 141, 11, 3, 2, 2, 9, '2025-10-19 06:12:46', '2025-10-19 06:12:46'),
(1896, '14414852091743435885', '10', '2025', 2, 148, 11, 6, 2, 5, 62, '2025-10-19 06:12:46', '2025-10-19 06:12:46'),
(1897, '5029190418715563304', '10', '2025', 2, 149, 11, 6, 3, 5, 26, '2025-10-19 06:12:46', '2025-10-19 06:12:46'),
(1898, '8579949493975253628', '10', '2025', 2, 143, 11, 6, 3, 5, 19, '2025-10-19 06:12:46', '2025-10-19 06:12:46'),
(1899, '646992097704188388', '10', '2025', 2, 140, 11, 6, 1, 4, 37, '2025-10-19 06:12:46', '2025-10-19 06:12:46'),
(1900, '6799863883863531085', '10', '2025', 2, 146, 11, 4, 2, 3, 17, '2025-10-19 06:12:46', '2025-10-19 06:12:46'),
(1901, '1983798908049436104', '10', '2025', 2, 145, 11, 5, 1, 3, 20, '2025-10-19 06:12:46', '2025-10-19 06:12:46'),
(1902, '9065201857734662545', '10', '2025', 2, 147, 11, 7, 2, 6, 24, '2025-10-19 06:12:46', '2025-10-19 06:12:46'),
(1903, '6590490621017851098', '10', '2025', 2, 144, 11, 4, 2, 3, 42, '2025-10-19 06:12:46', '2025-10-19 06:12:46'),
(1904, '7957747449197752100', '10', '2025', 14, 151, 11, 7, 1, 5, 70, '2025-10-19 06:12:46', '2025-10-19 06:12:46'),
(1905, '4525993690149410913', '10', '2025', 14, 156, 11, 6, 1, 4, 41, '2025-10-19 06:12:46', '2025-10-19 06:12:46'),
(1906, '6200598063884273374', '10', '2025', 14, 154, 11, 6, 2, 5, 32, '2025-10-19 06:12:46', '2025-10-19 06:12:46'),
(1907, '14151381581055252747', '10', '2025', 14, 155, 11, 2, 6, 3, 20, '2025-10-19 06:12:46', '2025-10-19 06:12:46'),
(1908, '13549053931920092934', '10', '2025', 14, 153, 11, 6, 2, 5, 56, '2025-10-19 06:12:46', '2025-10-19 06:12:46'),
(1909, '17502676079542013193', '10', '2025', 14, 157, 11, 6, 1, 4, 38, '2025-10-19 06:12:46', '2025-10-19 06:12:46'),
(1910, '6807797101499033748', '10', '2025', 14, 152, 11, 7, 2, 6, 33, '2025-10-19 06:12:46', '2025-10-19 06:12:46'),
(1911, '2700205208653217582', '10', '2025', 14, 150, 11, 5, 2, 4, 78, '2025-10-19 06:12:46', '2025-10-19 06:12:46'),
(1912, '13397440477972810318', '10', '2025', 14, 158, 11, 4, 2, 3, 79, '2025-10-19 06:12:46', '2025-10-19 06:12:46'),
(1913, '3902000323522489529', '10', '2025', 3, 135, 11, 4, 3, 3, 15, '2025-10-19 06:12:46', '2025-10-19 06:12:46'),
(1914, '14340151789589742137', '10', '2025', 3, 129, 11, 6, 2, 5, 26, '2025-10-19 06:12:46', '2025-10-19 06:12:46'),
(1915, '9170705150676241594', '10', '2025', 3, 128, 11, 5, 2, 4, 18, '2025-10-19 06:12:46', '2025-10-19 06:12:46'),
(1916, '11219451744162950034', '10', '2025', 3, 126, 11, 5, 4, 5, 15, '2025-10-19 06:12:46', '2025-10-19 06:12:46'),
(1917, '6699954064296104454', '10', '2025', 3, 133, 11, 5, 3, 4, 15, '2025-10-19 06:12:46', '2025-10-19 06:12:46'),
(1918, '3847855976231057026', '10', '2025', 3, 127, 11, 7, 1, 5, 30, '2025-10-19 06:12:46', '2025-10-19 06:12:46'),
(1919, '15271158296697326507', '10', '2025', 3, 132, 11, 4, 2, 3, 9, '2025-10-19 06:12:46', '2025-10-19 06:12:46'),
(1920, '10067133723028012855', '10', '2025', 3, 138, 11, 5, 1, 3, 18, '2025-10-19 06:12:46', '2025-10-19 06:12:46'),
(1921, '2715893452718731516', '10', '2025', 3, 130, 11, 4, 2, 3, 6, '2025-10-19 06:12:46', '2025-10-19 06:12:46'),
(1922, '12617382012854702837', '10', '2025', 3, 125, 11, 3, 3, 2, 5, '2025-10-19 06:12:46', '2025-10-19 06:12:46'),
(1923, '10335744413290789930', '10', '2025', 3, 131, 11, 6, 2, 5, 17, '2025-10-19 06:12:46', '2025-10-19 06:12:46'),
(1924, '13687566310153751799', '10', '2025', 3, 134, 11, 5, 3, 4, 11, '2025-10-19 06:12:46', '2025-10-19 06:12:46'),
(1925, '16497413525267746192', '10', '2025', 3, 139, 11, 5, 3, 4, 18, '2025-10-19 06:12:46', '2025-10-19 06:12:46'),
(1926, '4879095150908103428', '10', '2025', 3, 136, 11, 5, 3, 4, 12, '2025-10-19 06:12:46', '2025-10-19 06:12:46'),
(1927, '15593341474405698852', '10', '2025', 3, 137, 11, 6, 4, 6, 21, '2025-10-19 06:12:46', '2025-10-19 06:12:46'),
(1928, '4145196913228631430', '10', '2025', 1, 106, 11, 4, 3, 3, 49, '2025-10-19 06:12:46', '2025-10-19 06:12:46'),
(1929, '14769409834326285299', '10', '2025', 1, 109, 11, 4, 4, 4, 47, '2025-10-19 06:12:46', '2025-10-19 06:12:46'),
(1930, '17828643540744690358', '10', '2025', 1, 110, 11, 5, 2, 4, 43, '2025-10-19 06:12:46', '2025-10-19 06:12:46'),
(1931, '18196770064384180965', '10', '2025', 1, 100, 11, 5, 2, 4, 47, '2025-10-19 06:12:46', '2025-10-19 06:12:46'),
(1932, '8080395394560937253', '10', '2025', 1, 99, 11, 4, 3, 3, 18, '2025-10-19 06:12:46', '2025-10-19 06:12:46'),
(1933, '9697648340946057351', '10', '2025', 1, 101, 11, 5, 2, 4, 10, '2025-10-19 06:12:46', '2025-10-19 06:12:46'),
(1934, '17136058851950676479', '10', '2025', 1, 111, 11, 3, 3, 2, 6, '2025-10-19 06:12:46', '2025-10-19 06:12:46'),
(1935, '11052595110500795481', '10', '2025', 1, 102, 11, 6, 2, 5, 91, '2025-10-19 06:12:46', '2025-10-19 06:12:46'),
(1936, '330180600042530667', '10', '2025', 1, 103, 11, 4, 3, 3, 14, '2025-10-19 06:12:46', '2025-10-19 06:12:46'),
(1937, '14694084449436749323', '10', '2025', 1, 104, 11, 3, 3, 2, 20, '2025-10-19 06:12:46', '2025-10-19 06:12:46'),
(1938, '18357511326523670579', '10', '2025', 1, 107, 11, 4, 3, 3, 20, '2025-10-19 06:12:46', '2025-10-19 06:12:46'),
(1939, '13724642348012958207', '10', '2025', 1, 112, 11, 1, 5, 2, 2, '2025-10-19 06:12:46', '2025-10-19 06:12:46'),
(1940, '6420444415604474494', '10', '2025', 1, 114, 11, 1, 4, 1, 5, '2025-10-19 06:12:46', '2025-10-19 06:12:46'),
(1941, '13924156979323829797', '10', '2025', 1, 105, 11, 5, 2, 4, 23, '2025-10-19 06:12:46', '2025-10-19 06:12:46'),
(1942, '15717096028543534733', '10', '2025', 1, 108, 11, 5, 1, 3, 40, '2025-10-19 06:12:46', '2025-10-19 06:12:46'),
(1943, '5333514501689092821', '10', '2025', 1, 113, 11, 3, 4, 3, 16, '2025-10-19 06:12:46', '2025-10-19 06:12:46'),
(1944, '17728656787300077447', '10', '2025', 16, 171, 11, 1, 5, 2, 3, '2025-10-19 06:12:46', '2025-10-19 06:12:46'),
(1945, '13916930326685260730', '10', '2025', 16, 177, 11, 3, 4, 3, 25, '2025-10-19 06:12:46', '2025-10-19 06:12:46'),
(1946, '16637723389119173696', '10', '2025', 16, 172, 11, 2, 5, 3, 9, '2025-10-19 06:12:46', '2025-10-19 06:12:46'),
(1947, '12855533968149331630', '10', '2025', 16, 176, 11, 3, 6, 4, 10, '2025-10-19 06:12:46', '2025-10-19 06:12:46'),
(1948, '5597820266368825718', '10', '2025', 16, 174, 11, 3, 4, 3, 24, '2025-10-19 06:12:46', '2025-10-19 06:12:46'),
(1949, '2878357409563680293', '10', '2025', 16, 175, 11, 3, 5, 4, 15, '2025-10-19 06:12:46', '2025-10-19 06:12:46'),
(1950, '15110471585625901369', '10', '2025', 16, 173, 11, 2, 4, 2, 6, '2025-10-19 06:12:46', '2025-10-19 06:12:46'),
(1951, '181077410539304087', '10', '2025', 11, 82, 11, 1, 6, 2, 14, '2025-10-19 06:12:46', '2025-10-19 06:12:46'),
(1952, '13848471566862524069', '10', '2025', 11, 86, 11, 2, 7, 4, 16, '2025-10-19 06:12:46', '2025-10-19 06:12:46'),
(1953, '6111730388685061941', '10', '2025', 11, 78, 11, 3, 5, 4, 50, '2025-10-19 06:12:46', '2025-10-19 06:12:46'),
(1954, '16261911647832310472', '10', '2025', 11, 81, 11, 3, 4, 3, 49, '2025-10-19 06:12:46', '2025-10-19 06:12:46'),
(1955, '15215548501955136501', '10', '2025', 11, 77, 11, 3, 6, 4, 19, '2025-10-19 06:12:46', '2025-10-19 06:12:46'),
(1956, '2904106799003963422', '10', '2025', 11, 80, 11, 3, 4, 3, 30, '2025-10-19 06:12:46', '2025-10-19 06:12:46'),
(1957, '2261891400741652260', '10', '2025', 11, 83, 11, 4, 3, 3, 53, '2025-10-19 06:12:46', '2025-10-19 06:12:46'),
(1958, '10090716336797536413', '10', '2025', 11, 84, 11, 6, 4, 6, 167, '2025-10-19 06:12:46', '2025-10-19 06:12:46'),
(1959, '15673648625851401639', '10', '2025', 11, 79, 11, 1, 7, 3, 10, '2025-10-19 06:12:46', '2025-10-19 06:12:46'),
(1960, '16612108333457929576', '10', '2025', 11, 85, 11, 3, 3, 2, 55, '2025-10-19 06:12:46', '2025-10-19 06:12:46'),
(1961, 'f80cccf8-c517-448a-b1d6-a416e821cf96', '11', '2025', 10, 64, 1, 1, 2, 3, 6, '2025-10-20 01:02:25', '2025-10-20 01:02:25'),
(1962, '56e24b6d-406d-4cf8-852e-009a5df5eb66', '11', '2025', 10, 63, 1, 0, 0, 0, 0, '2025-10-20 01:02:25', '2025-10-20 01:02:25'),
(1963, '3b7e0f9e-7f76-4f46-82d2-c7619a2bd097', '11', '2025', 10, 67, 1, 0, 0, 0, 0, '2025-10-20 01:02:25', '2025-10-20 01:02:25'),
(1964, '318b60d4-3022-4127-aa6a-c5a45f3b3f2a', '11', '2025', 10, 72, 1, 0, 0, 0, 0, '2025-10-20 01:02:25', '2025-10-20 01:02:25'),
(1965, '555984ff-8f11-4b5d-a3ef-46dafb0360ba', '11', '2025', 10, 74, 1, 0, 0, 0, 0, '2025-10-20 01:02:25', '2025-10-20 01:02:25'),
(1966, '990778b1-66d0-48b1-a91b-f89abd0484d3', '11', '2025', 10, 66, 1, 0, 0, 0, 0, '2025-10-20 01:02:25', '2025-10-20 01:02:25'),
(1967, '44149b09-a46d-4d71-a962-6ea6908ad770', '11', '2025', 10, 69, 1, 0, 0, 0, 0, '2025-10-20 01:02:25', '2025-10-20 01:02:25'),
(1968, '643133b8-1e5e-4f32-92c0-887af1815b4d', '11', '2025', 10, 65, 1, 0, 0, 0, 0, '2025-10-20 01:02:25', '2025-10-20 01:02:25'),
(1969, '5823fbd7-293c-4d70-a99d-f1a45b8acd60', '11', '2025', 10, 71, 1, 0, 0, 0, 0, '2025-10-20 01:02:25', '2025-10-20 01:02:25'),
(1970, '066a2b5a-0975-4f07-b931-f6c45f557b5a', '11', '2025', 10, 70, 1, 0, 0, 0, 0, '2025-10-20 01:02:25', '2025-10-20 01:02:25'),
(1971, '3c4bfb94-926e-46e6-850b-f06578e51aa2', '11', '2025', 10, 75, 1, 0, 0, 0, 0, '2025-10-20 01:02:25', '2025-10-20 01:02:25'),
(1972, '697bff92-2018-428b-92fa-accba20b4454', '11', '2025', 10, 76, 1, 0, 0, 0, 0, '2025-10-20 01:02:25', '2025-10-20 01:02:25'),
(1973, 'a1274b2d-2410-493c-8893-71bfe8b20083', '11', '2025', 9, 48, 1, 0, 0, 0, 0, '2025-10-20 01:02:25', '2025-10-20 01:02:25'),
(1974, 'e423ad02-1db1-431f-b4d0-14fcc7940aa3', '11', '2025', 9, 57, 1, 0, 0, 0, 0, '2025-10-20 01:02:25', '2025-10-20 01:02:25'),
(1975, '908b5817-dea8-4cab-97b2-51720de51bba', '11', '2025', 9, 55, 1, 0, 0, 0, 0, '2025-10-20 01:02:25', '2025-10-20 01:02:25'),
(1976, 'd723fa7a-74ec-4f5d-a7c6-d62570193dbd', '11', '2025', 9, 52, 1, 0, 0, 0, 0, '2025-10-20 01:02:25', '2025-10-20 01:02:25'),
(1977, '46b0d824-cb08-4c8d-98dc-51487ac6a7d8', '11', '2025', 9, 56, 1, 0, 0, 0, 0, '2025-10-20 01:02:25', '2025-10-20 01:02:25'),
(1978, '9a612d6e-31f9-4028-b637-85a5b3594e82', '11', '2025', 9, 53, 1, 0, 0, 0, 0, '2025-10-20 01:02:25', '2025-10-20 01:02:25'),
(1979, '6a571a8f-8233-4c17-af86-c8f0d7f05959', '11', '2025', 9, 54, 1, 0, 0, 0, 0, '2025-10-20 01:02:25', '2025-10-20 01:02:25'),
(1980, '836c5997-dff6-4179-8256-e5d5806b5eca', '11', '2025', 9, 47, 1, 0, 0, 0, 0, '2025-10-20 01:02:25', '2025-10-20 01:02:25'),
(1981, 'ceffc419-f164-45a6-87ac-24b6494d4bcb', '11', '2025', 9, 49, 1, 0, 0, 0, 0, '2025-10-20 01:02:25', '2025-10-20 01:02:25'),
(1982, '0a610eba-4ade-46c1-9192-9d3cdd00674e', '11', '2025', 9, 51, 1, 0, 0, 0, 0, '2025-10-20 01:02:25', '2025-10-20 01:02:25'),
(1983, '77fcb96b-939e-44eb-bfe6-5746e9e789a4', '11', '2025', 9, 58, 1, 0, 0, 0, 0, '2025-10-20 01:02:25', '2025-10-20 01:02:25'),
(1984, 'd8eb575d-c5f0-44d4-b8e9-fc375ee9a612', '11', '2025', 9, 50, 1, 0, 0, 0, 0, '2025-10-20 01:02:25', '2025-10-20 01:02:25'),
(1985, '7fd32c42-e141-485f-853a-55d89c7db0d9', '11', '2025', 9, 60, 1, 0, 0, 0, 0, '2025-10-20 01:02:25', '2025-10-20 01:02:25'),
(1986, '930e45fc-acc9-4e89-911b-cc32b26304fa', '11', '2025', 9, 61, 1, 0, 0, 0, 0, '2025-10-20 01:02:25', '2025-10-20 01:02:25'),
(1987, '07aa9524-433d-4688-ab89-f194275702b7', '11', '2025', 9, 59, 1, 0, 0, 0, 0, '2025-10-20 01:02:25', '2025-10-20 01:02:25'),
(1988, '5bcf0a9f-3dda-4d82-8fc3-f9afd545094c', '11', '2025', 4, 2, 1, 0, 0, 0, 0, '2025-10-20 01:02:25', '2025-10-20 01:02:25'),
(1989, '5afcd55f-e470-41d9-8f77-1c0c3c1fa844', '11', '2025', 4, 1, 1, 0, 0, 0, 0, '2025-10-20 01:02:25', '2025-10-20 01:02:25'),
(1990, '76419739-d4d8-413e-861e-ded13654afce', '11', '2025', 4, 3, 1, 0, 0, 0, 0, '2025-10-20 01:02:25', '2025-10-20 01:02:25'),
(1991, '20a8ef05-d0a7-498b-88b7-61f3917363ae', '11', '2025', 4, 4, 1, 0, 0, 0, 0, '2025-10-20 01:02:25', '2025-10-20 01:02:25'),
(1992, '896bfc4d-e443-4e9e-95a5-610d4093ffb1', '11', '2025', 4, 5, 1, 0, 0, 0, 0, '2025-10-20 01:02:25', '2025-10-20 01:02:25'),
(1993, '1556e60b-c45f-483a-8f67-3f82fca354ca', '11', '2025', 4, 6, 1, 0, 0, 0, 0, '2025-10-20 01:02:25', '2025-10-20 01:02:25'),
(1994, 'deb28a56-500e-45b4-aff8-cc049021ec4f', '11', '2025', 4, 7, 1, 0, 0, 0, 0, '2025-10-20 01:02:25', '2025-10-20 01:02:25'),
(1995, 'c7aecbd3-2702-4895-9ee4-7cdff35b113a', '11', '2025', 4, 8, 1, 0, 0, 0, 0, '2025-10-20 01:02:25', '2025-10-20 01:02:25'),
(1996, '00bbd32a-0891-437b-9a48-221cf9369620', '11', '2025', 4, 9, 1, 0, 0, 0, 0, '2025-10-20 01:02:25', '2025-10-20 01:02:25'),
(1997, '2f21bb48-8c10-48cf-a4c2-ef0fc933da7e', '11', '2025', 4, 10, 1, 0, 0, 0, 0, '2025-10-20 01:02:25', '2025-10-20 01:02:25'),
(1998, 'dbc4becb-6ad8-48bc-8df6-26f33486ee4a', '11', '2025', 4, 11, 1, 0, 0, 0, 0, '2025-10-20 01:02:25', '2025-10-20 01:02:25'),
(1999, '98c5d711-be71-4fd9-b372-13897eeadc30', '11', '2025', 6, 26, 1, 0, 0, 0, 0, '2025-10-20 01:02:25', '2025-10-20 01:02:25'),
(2000, '869e453f-fa77-4bf9-a030-8ab75c8224f7', '11', '2025', 6, 19, 1, 0, 0, 0, 0, '2025-10-20 01:02:25', '2025-10-20 01:02:25'),
(2001, '13e6d02a-b56e-40cf-ba37-c0e3cc66c317', '11', '2025', 6, 22, 1, 0, 0, 0, 0, '2025-10-20 01:02:25', '2025-10-20 01:02:25'),
(2002, '4757c061-b356-4604-8edc-f1c911adc41e', '11', '2025', 6, 20, 1, 0, 0, 0, 0, '2025-10-20 01:02:25', '2025-10-20 01:02:25'),
(2003, '7927371a-9da3-490e-831a-66d4260354c2', '11', '2025', 6, 25, 1, 0, 0, 0, 0, '2025-10-20 01:02:25', '2025-10-20 01:02:25'),
(2004, '0a8a43bc-c54f-4d57-8bdf-1eef77fd5571', '11', '2025', 6, 21, 1, 0, 0, 0, 0, '2025-10-20 01:02:25', '2025-10-20 01:02:25'),
(2005, '4c12086f-abd7-4469-85de-4de7f778a352', '11', '2025', 6, 24, 1, 0, 0, 0, 0, '2025-10-20 01:02:25', '2025-10-20 01:02:25'),
(2006, '8f570f99-1d93-4383-8d99-445160cba3db', '11', '2025', 13, 116, 1, 0, 0, 0, 0, '2025-10-20 01:02:25', '2025-10-20 01:02:25'),
(2007, '492153f9-b391-456a-90d3-59626312a808', '11', '2025', 13, 115, 1, 0, 0, 0, 0, '2025-10-20 01:02:25', '2025-10-20 01:02:25'),
(2008, 'e862d52e-ae59-4e92-b273-854167eb91eb', '11', '2025', 13, 123, 1, 0, 0, 0, 0, '2025-10-20 01:02:25', '2025-10-20 01:02:25'),
(2009, '944cdfcc-28e6-4f94-9c46-37841aa435a8', '11', '2025', 13, 122, 1, 0, 0, 0, 0, '2025-10-20 01:02:25', '2025-10-20 01:02:25'),
(2010, '6c85582e-47e9-4bd8-afc8-bd35606def64', '11', '2025', 13, 124, 1, 0, 0, 0, 0, '2025-10-20 01:02:25', '2025-10-20 01:02:25'),
(2011, '9fc7dfba-6e7d-423f-9466-f5305c3fc171', '11', '2025', 13, 121, 1, 0, 0, 0, 0, '2025-10-20 01:02:25', '2025-10-20 01:02:25'),
(2012, '77fed2b6-ad3e-4137-8332-c6d7eb57c545', '11', '2025', 13, 117, 1, 0, 0, 0, 0, '2025-10-20 01:02:25', '2025-10-20 01:02:25'),
(2013, '7b17eb6a-e593-4707-bd63-8c5d47052f05', '11', '2025', 13, 118, 1, 0, 0, 0, 0, '2025-10-20 01:02:25', '2025-10-20 01:02:25'),
(2014, 'a512f3af-8513-4f7c-9e57-c07b83959a8a', '11', '2025', 13, 119, 1, 0, 0, 0, 0, '2025-10-20 01:02:25', '2025-10-20 01:02:25'),
(2015, 'dac946c0-1306-43a3-98a2-645437e538e9', '11', '2025', 5, 13, 1, 0, 0, 0, 0, '2025-10-20 01:02:25', '2025-10-20 01:02:25'),
(2016, '0785978b-c23b-4250-bc32-603fd0edb817', '11', '2025', 5, 16, 1, 0, 0, 0, 0, '2025-10-20 01:02:25', '2025-10-20 01:02:25'),
(2017, 'e1c349ec-930c-4112-9a52-c4ca834774a0', '11', '2025', 5, 14, 1, 0, 0, 0, 0, '2025-10-20 01:02:25', '2025-10-20 01:02:25'),
(2018, 'b2143206-a341-4a4c-ad48-59e8aa95ffb7', '11', '2025', 5, 12, 1, 0, 0, 0, 0, '2025-10-20 01:02:25', '2025-10-20 01:02:25'),
(2019, '8908e5bf-4865-4714-a1bf-37ba573c6446', '11', '2025', 5, 15, 1, 0, 0, 0, 0, '2025-10-20 01:02:25', '2025-10-20 01:02:25'),
(2020, 'f19b4fa7-bb05-4e23-9565-89accc07cec3', '11', '2025', 5, 18, 1, 0, 0, 0, 0, '2025-10-20 01:02:25', '2025-10-20 01:02:25'),
(2021, '819db385-459c-4be7-b873-ba84e97ca1b3', '11', '2025', 5, 17, 1, 0, 0, 0, 0, '2025-10-20 01:02:25', '2025-10-20 01:02:25'),
(2022, '423a870c-78e3-49f8-8128-a807e0835500', '11', '2025', 15, 165, 1, 0, 0, 0, 0, '2025-10-20 01:02:25', '2025-10-20 01:02:25'),
(2023, '9afd1ed1-d873-415a-b349-3647f654a0cf', '11', '2025', 15, 164, 1, 0, 0, 0, 0, '2025-10-20 01:02:25', '2025-10-20 01:02:25'),
(2024, '62162757-c6cd-4136-9e95-9e21f380a985', '11', '2025', 15, 162, 1, 0, 0, 0, 0, '2025-10-20 01:02:25', '2025-10-20 01:02:25'),
(2025, '60801d33-def8-40cf-acc1-4b0a66f31301', '11', '2025', 15, 170, 1, 0, 0, 0, 0, '2025-10-20 01:02:25', '2025-10-20 01:02:25'),
(2026, '0d648fcf-36c9-415f-be0d-f37d1a4c5236', '11', '2025', 15, 159, 1, 0, 0, 0, 0, '2025-10-20 01:02:25', '2025-10-20 01:02:25'),
(2027, '80ea04ca-cfdb-486b-92f1-3c470487ee28', '11', '2025', 15, 168, 1, 0, 0, 0, 0, '2025-10-20 01:02:25', '2025-10-20 01:02:25'),
(2028, '225adf76-f557-4a45-bbea-f87259cc68dd', '11', '2025', 15, 166, 1, 0, 0, 0, 0, '2025-10-20 01:02:25', '2025-10-20 01:02:25'),
(2029, '7601d140-460d-4c19-83e3-3189c8ad992c', '11', '2025', 15, 160, 1, 0, 0, 0, 0, '2025-10-20 01:02:25', '2025-10-20 01:02:25'),
(2030, 'd72b02fb-2796-4318-9669-c43f552957ec', '11', '2025', 15, 169, 1, 0, 0, 0, 0, '2025-10-20 01:02:25', '2025-10-20 01:02:25'),
(2031, '92b22f92-600c-4c78-af90-1360868f7adf', '11', '2025', 15, 161, 1, 0, 0, 0, 0, '2025-10-20 01:02:25', '2025-10-20 01:02:25'),
(2032, '76c46b2a-5686-4d2a-b3d1-30b3c83952e4', '11', '2025', 15, 167, 1, 0, 0, 0, 0, '2025-10-20 01:02:25', '2025-10-20 01:02:25'),
(2033, '60760c8b-0bd7-4ea0-ace7-433e2987e789', '11', '2025', 12, 87, 1, 0, 0, 0, 0, '2025-10-20 01:02:25', '2025-10-20 01:02:25'),
(2034, '369d37a7-5b7e-4281-9339-ad7fe4debfc1', '11', '2025', 12, 91, 1, 0, 0, 0, 0, '2025-10-20 01:02:25', '2025-10-20 01:02:25'),
(2035, '1d82f092-02bc-4c88-9a27-cd383eb3682b', '11', '2025', 12, 94, 1, 0, 0, 0, 0, '2025-10-20 01:02:25', '2025-10-20 01:02:25'),
(2036, '88140c5a-c140-4dac-929a-ac5a3837abf5', '11', '2025', 12, 92, 1, 0, 0, 0, 0, '2025-10-20 01:02:25', '2025-10-20 01:02:25'),
(2037, 'e633759d-4867-4d47-92a4-566355514eb7', '11', '2025', 12, 96, 1, 0, 0, 0, 0, '2025-10-20 01:02:25', '2025-10-20 01:02:25'),
(2038, '8c3ae4f8-385a-41d5-a0dd-a03d9b862ded', '11', '2025', 12, 93, 1, 0, 0, 0, 0, '2025-10-20 01:02:25', '2025-10-20 01:02:25'),
(2039, '7ec46a36-7529-41b9-aef0-c0a1ccec5fa8', '11', '2025', 12, 90, 1, 0, 0, 0, 0, '2025-10-20 01:02:25', '2025-10-20 01:02:25'),
(2040, '370524b9-5a12-4d34-848d-6d546d974722', '11', '2025', 12, 88, 1, 0, 0, 0, 0, '2025-10-20 01:02:25', '2025-10-20 01:02:25'),
(2041, 'c0dc4bd1-36aa-47d9-8ffb-e1655c794fff', '11', '2025', 12, 97, 1, 0, 0, 0, 0, '2025-10-20 01:02:25', '2025-10-20 01:02:25'),
(2042, '31323cb3-5fef-4b57-8304-c0cdb97e7190', '11', '2025', 12, 98, 1, 0, 0, 0, 0, '2025-10-20 01:02:25', '2025-10-20 01:02:25'),
(2043, 'f6a0d379-fade-47a4-a1b1-0bc15578b6e0', '11', '2025', 12, 89, 1, 0, 0, 0, 0, '2025-10-20 01:02:25', '2025-10-20 01:02:25'),
(2044, '0ae24c3d-5178-4fed-9189-aa26cddb1ead', '11', '2025', 8, 41, 1, 0, 0, 0, 0, '2025-10-20 01:02:25', '2025-10-20 01:02:25'),
(2045, '6362e7b7-d881-4ae9-84db-ed7d3a297344', '11', '2025', 8, 37, 1, 0, 0, 0, 0, '2025-10-20 01:02:25', '2025-10-20 01:02:25'),
(2046, '116cff51-a007-42ea-b3ad-77aa997153b6', '11', '2025', 8, 38, 1, 0, 0, 0, 0, '2025-10-20 01:02:25', '2025-10-20 01:02:25'),
(2047, 'f69a931f-d666-477a-ad04-002fc774ce27', '11', '2025', 8, 34, 1, 0, 0, 0, 0, '2025-10-20 01:02:25', '2025-10-20 01:02:25'),
(2048, '6db34b90-6274-431e-a617-83947ef21d08', '11', '2025', 8, 35, 1, 0, 0, 0, 0, '2025-10-20 01:02:25', '2025-10-20 01:02:25'),
(2049, 'bc6b77ac-9a6c-4d02-8444-21570a2bb057', '11', '2025', 8, 43, 1, 0, 0, 0, 0, '2025-10-20 01:02:25', '2025-10-20 01:02:25'),
(2050, '086f2fe9-3ead-4d02-ad13-b2366fe69a7c', '11', '2025', 8, 42, 1, 0, 0, 0, 0, '2025-10-20 01:02:26', '2025-10-20 01:02:26'),
(2051, '987854b4-68ee-48f4-a190-6d0c9f7e2b26', '11', '2025', 8, 40, 1, 0, 0, 0, 0, '2025-10-20 01:02:26', '2025-10-20 01:02:26'),
(2052, '2e418c60-b074-4df3-8af7-9e198d053cb5', '11', '2025', 8, 39, 1, 0, 0, 0, 0, '2025-10-20 01:02:26', '2025-10-20 01:02:26'),
(2053, 'b195a7cd-b707-4db1-8ef0-c7139754e495', '11', '2025', 8, 36, 1, 0, 0, 0, 0, '2025-10-20 01:02:26', '2025-10-20 01:02:26'),
(2054, '2cbd68ba-1f5b-4151-a5e9-be6e96606ae3', '11', '2025', 8, 46, 1, 0, 0, 0, 0, '2025-10-20 01:02:26', '2025-10-20 01:02:26'),
(2055, '4fe09f21-212b-4733-bc53-c3117d6a54e2', '11', '2025', 8, 45, 1, 0, 0, 0, 0, '2025-10-20 01:02:26', '2025-10-20 01:02:26'),
(2056, '5e9482dc-86bc-4d82-917a-dd986e55fb78', '11', '2025', 8, 44, 1, 0, 0, 0, 0, '2025-10-20 01:02:26', '2025-10-20 01:02:26'),
(2057, '17fdd873-6629-48c1-a221-c24464cd4ba0', '11', '2025', 7, 29, 1, 0, 0, 0, 0, '2025-10-20 01:02:26', '2025-10-20 01:02:26'),
(2058, 'b0a36d81-9273-4437-98ab-d513ef731efc', '11', '2025', 7, 27, 1, 0, 0, 0, 0, '2025-10-20 01:02:26', '2025-10-20 01:02:26'),
(2059, '695a701e-3db2-40ab-a1aa-031b69db0658', '11', '2025', 7, 32, 1, 0, 0, 0, 0, '2025-10-20 01:02:26', '2025-10-20 01:02:26'),
(2060, '71629fe0-01a3-4d5a-a77e-d72a7ad9a0ec', '11', '2025', 7, 30, 1, 0, 0, 0, 0, '2025-10-20 01:02:26', '2025-10-20 01:02:26'),
(2061, 'ad115840-9431-4232-b8de-28d9e08e7e25', '11', '2025', 7, 28, 1, 0, 0, 0, 0, '2025-10-20 01:02:26', '2025-10-20 01:02:26'),
(2062, 'ab0b55ab-3f58-409d-b995-62eaf60adca1', '11', '2025', 7, 33, 1, 0, 0, 0, 0, '2025-10-20 01:02:26', '2025-10-20 01:02:26'),
(2063, 'd5f589c0-c532-4882-ba40-136b47ee4452', '11', '2025', 2, 148, 1, 0, 0, 0, 0, '2025-10-20 01:02:26', '2025-10-20 01:02:26'),
(2064, 'c0ed51de-44f1-460a-ab96-148043f26fdc', '11', '2025', 2, 149, 1, 0, 0, 0, 0, '2025-10-20 01:02:26', '2025-10-20 01:02:26'),
(2065, '4085b0df-f065-42b3-a598-5c0514826210', '11', '2025', 2, 143, 1, 0, 0, 0, 0, '2025-10-20 01:02:26', '2025-10-20 01:02:26'),
(2066, 'f2a30884-1227-4995-8023-7b205a66cbb0', '11', '2025', 2, 140, 1, 0, 0, 0, 0, '2025-10-20 01:02:26', '2025-10-20 01:02:26'),
(2067, '8f7ab4b8-c129-481e-9edf-81e065071163', '11', '2025', 2, 146, 1, 0, 0, 0, 0, '2025-10-20 01:02:26', '2025-10-20 01:02:26'),
(2068, '934b180c-ff61-46d7-8db7-39d01033518e', '11', '2025', 2, 145, 1, 0, 0, 0, 0, '2025-10-20 01:02:26', '2025-10-20 01:02:26'),
(2069, '274dc204-67be-4231-8c9e-885687171388', '11', '2025', 2, 147, 1, 0, 0, 0, 0, '2025-10-20 01:02:26', '2025-10-20 01:02:26'),
(2070, 'b151ad7a-716b-48b9-854e-88c6bd42233c', '11', '2025', 2, 144, 1, 0, 0, 0, 0, '2025-10-20 01:02:26', '2025-10-20 01:02:26'),
(2071, '8e2823ca-2c86-422f-895f-17fc80dab664', '11', '2025', 14, 151, 1, 0, 0, 0, 0, '2025-10-20 01:02:26', '2025-10-20 01:02:26'),
(2072, 'd1076949-3a46-4069-82aa-23bc052a7d23', '11', '2025', 14, 156, 1, 0, 0, 0, 0, '2025-10-20 01:02:26', '2025-10-20 01:02:26'),
(2073, '7067a3e2-cf83-49ed-bbea-b0d7259771eb', '11', '2025', 14, 154, 1, 0, 0, 0, 0, '2025-10-20 01:02:26', '2025-10-20 01:02:26'),
(2074, '2508d356-cc13-428b-af67-2f6382958200', '11', '2025', 14, 155, 1, 0, 0, 0, 0, '2025-10-20 01:02:26', '2025-10-20 01:02:26'),
(2075, 'bda8ff0c-52e5-44cd-97b6-90dee7bf5abb', '11', '2025', 14, 153, 1, 0, 0, 0, 0, '2025-10-20 01:02:26', '2025-10-20 01:02:26'),
(2076, '569dd0f6-b001-4b05-92d7-e21758a84d14', '11', '2025', 10, 73, 1, 0, 0, 0, 0, '2025-10-20 01:02:26', '2025-10-20 01:02:26'),
(2077, 'ccada90a-0bef-4fbd-84d6-0231dbe7fabc', '11', '2025', 14, 157, 1, 0, 0, 0, 0, '2025-10-20 01:02:26', '2025-10-20 01:02:26'),
(2078, '65565af8-4b53-4bc2-94c5-396d386f1e5d', '11', '2025', 14, 152, 1, 0, 0, 0, 0, '2025-10-20 01:02:26', '2025-10-20 01:02:26'),
(2079, '96f7c6ca-a3cf-4349-a3bf-becdcd5902da', '11', '2025', 14, 150, 1, 0, 0, 0, 0, '2025-10-20 01:02:26', '2025-10-20 01:02:26'),
(2080, 'f316e6fe-f136-40e4-9169-18f9439f57a4', '11', '2025', 3, 135, 1, 0, 0, 0, 0, '2025-10-20 01:02:26', '2025-10-20 01:02:26'),
(2081, '0bc9e7fd-b0a9-494d-b904-50ab33c1533a', '11', '2025', 3, 128, 1, 0, 0, 0, 0, '2025-10-20 01:02:26', '2025-10-20 01:02:26'),
(2082, '2acd1b97-b913-4cf6-9c57-dffcf503348f', '11', '2025', 3, 126, 1, 0, 0, 0, 0, '2025-10-20 01:02:26', '2025-10-20 01:02:26'),
(2083, '254aa9d8-e324-4253-9254-2d9f0ee86d5e', '11', '2025', 3, 133, 1, 0, 0, 0, 0, '2025-10-20 01:02:26', '2025-10-20 01:02:26'),
(2084, 'c4f72fae-d5b5-4bba-97d6-f5770e25f0a0', '11', '2025', 3, 127, 1, 0, 0, 0, 0, '2025-10-20 01:02:26', '2025-10-20 01:02:26'),
(2085, '0e775892-dc5f-4eb2-952a-13770f8eddf2', '11', '2025', 3, 132, 1, 0, 0, 0, 0, '2025-10-20 01:02:26', '2025-10-20 01:02:26'),
(2086, '1fe78816-e63a-4987-a757-56f3e031e593', '11', '2025', 3, 138, 1, 0, 0, 0, 0, '2025-10-20 01:02:26', '2025-10-20 01:02:26'),
(2087, 'dc79792c-367b-4041-92c5-c7284c483feb', '11', '2025', 3, 130, 1, 0, 0, 0, 0, '2025-10-20 01:02:26', '2025-10-20 01:02:26'),
(2088, '9f57900f-4bba-4929-b91a-d3f09c3f0199', '11', '2025', 3, 125, 1, 0, 0, 0, 0, '2025-10-20 01:02:26', '2025-10-20 01:02:26'),
(2089, 'd34bd8e1-3807-4021-b50d-71626660b303', '11', '2025', 3, 131, 1, 0, 0, 0, 0, '2025-10-20 01:02:26', '2025-10-20 01:02:26'),
(2090, '8d6e2e65-0aa4-43e4-8d8a-2dec53ec91f6', '11', '2025', 3, 134, 1, 0, 0, 0, 0, '2025-10-20 01:02:26', '2025-10-20 01:02:26'),
(2091, 'fc8bae14-f604-44ca-8020-6fc6d8d243d1', '11', '2025', 3, 139, 1, 0, 0, 0, 0, '2025-10-20 01:02:26', '2025-10-20 01:02:26'),
(2092, '8527207c-d8aa-43d6-918b-36a201d70e5f', '11', '2025', 3, 136, 1, 0, 0, 0, 0, '2025-10-20 01:02:26', '2025-10-20 01:02:26'),
(2093, '71d3e3f9-6e23-4144-bd4e-8df1d26a5ca2', '11', '2025', 3, 137, 1, 0, 0, 0, 0, '2025-10-20 01:02:26', '2025-10-20 01:02:26'),
(2094, '42e6065f-ebba-47b4-ba98-584aae791693', '11', '2025', 1, 106, 1, 0, 0, 0, 0, '2025-10-20 01:02:26', '2025-10-20 01:02:26'),
(2095, 'afed05c6-12cf-4a15-a009-0c6b72a56e82', '11', '2025', 1, 109, 1, 0, 0, 0, 0, '2025-10-20 01:02:26', '2025-10-20 01:02:26'),
(2096, '635bf758-93ab-4be2-abe8-ddb626cfc9a9', '11', '2025', 1, 100, 1, 0, 0, 0, 0, '2025-10-20 01:02:26', '2025-10-20 01:02:26'),
(2097, '6b03ee3d-2d60-425c-a494-109b0edd200c', '11', '2025', 1, 99, 1, 0, 0, 0, 0, '2025-10-20 01:02:26', '2025-10-20 01:02:26'),
(2098, '28c21a2f-f17d-49d5-a474-0da9beed879f', '11', '2025', 1, 101, 1, 0, 0, 0, 0, '2025-10-20 01:02:26', '2025-10-20 01:02:26'),
(2099, '08cb89d8-5ee2-4e38-9e38-9511c50bea58', '11', '2025', 1, 111, 1, 0, 0, 0, 0, '2025-10-20 01:02:26', '2025-10-20 01:02:26'),
(2100, '6dc9c6e1-a091-486a-a1f0-6e8d3ab98494', '11', '2025', 1, 102, 1, 0, 0, 0, 0, '2025-10-20 01:02:26', '2025-10-20 01:02:26'),
(2101, 'a6dba34d-f534-43fc-94d3-0d1d881eddd2', '11', '2025', 1, 103, 1, 0, 0, 0, 0, '2025-10-20 01:02:26', '2025-10-20 01:02:26'),
(2102, '8ecb3b52-92e5-4d62-adc5-b6457dcbe8b3', '11', '2025', 1, 104, 1, 0, 0, 0, 0, '2025-10-20 01:02:26', '2025-10-20 01:02:26'),
(2103, '20ace4f7-ffd7-4838-b0ae-c118ba55b702', '11', '2025', 1, 107, 1, 0, 0, 0, 0, '2025-10-20 01:02:26', '2025-10-20 01:02:26'),
(2104, 'ef907481-ffb1-4c8d-be6b-0126aa01c21d', '11', '2025', 1, 112, 1, 0, 0, 0, 0, '2025-10-20 01:02:26', '2025-10-20 01:02:26'),
(2105, '10ff476d-05b5-4eb0-bca5-6e9fca80b788', '11', '2025', 1, 114, 1, 0, 0, 0, 0, '2025-10-20 01:02:26', '2025-10-20 01:02:26'),
(2106, 'bca23bc4-2532-4090-be1d-1cff005c7d06', '11', '2025', 1, 105, 1, 0, 0, 0, 0, '2025-10-20 01:02:26', '2025-10-20 01:02:26'),
(2107, '2a6d2882-03a0-4b2e-9dab-44a7ecb63d37', '11', '2025', 1, 108, 1, 0, 0, 0, 0, '2025-10-20 01:02:26', '2025-10-20 01:02:26'),
(2108, '0b2a6c0e-8400-454a-8864-1419ec6b6ff3', '11', '2025', 1, 113, 1, 0, 0, 0, 0, '2025-10-20 01:02:26', '2025-10-20 01:02:26'),
(2109, '73d489ae-52d8-4f05-82bf-b44818b45b92', '11', '2025', 16, 171, 1, 0, 0, 0, 0, '2025-10-20 01:02:26', '2025-10-20 01:02:26'),
(2110, '96fa66a2-eab5-4e53-bd90-f97441c8c895', '11', '2025', 16, 177, 1, 0, 0, 0, 0, '2025-10-20 01:02:26', '2025-10-20 01:02:26'),
(2111, '229a9349-6b08-4eee-9a96-123bfaf846d0', '11', '2025', 16, 172, 1, 0, 0, 0, 0, '2025-10-20 01:02:26', '2025-10-20 01:02:26'),
(2112, '2b697a56-18c0-4d04-bfd8-e42c3a141aeb', '11', '2025', 16, 174, 1, 0, 0, 0, 0, '2025-10-20 01:02:26', '2025-10-20 01:02:26'),
(2113, 'c224effc-da07-453f-890c-950c1282be44', '11', '2025', 16, 175, 1, 0, 0, 0, 0, '2025-10-20 01:02:26', '2025-10-20 01:02:26'),
(2114, '7c5ce238-95a2-420c-af5e-bd482de5ef4c', '11', '2025', 15, 163, 1, 0, 0, 0, 0, '2025-10-20 01:02:26', '2025-10-20 01:02:26'),
(2115, 'a18d99f9-cf24-42b6-bb36-0d7312213cb7', '11', '2025', 16, 173, 1, 0, 0, 0, 0, '2025-10-20 01:02:26', '2025-10-20 01:02:26'),
(2116, '2630eff3-8bdb-40b6-91a1-c33d5226d57d', '11', '2025', 11, 82, 1, 0, 0, 0, 0, '2025-10-20 01:02:26', '2025-10-20 01:02:26'),
(2117, '8220b141-df2e-4044-887b-59eb294565f2', '11', '2025', 11, 86, 1, 0, 0, 0, 0, '2025-10-20 01:02:26', '2025-10-20 01:02:26'),
(2118, '444ea430-51d2-4f1c-85b1-cff1516d506b', '11', '2025', 11, 78, 1, 0, 0, 0, 0, '2025-10-20 01:02:26', '2025-10-20 01:02:26'),
(2119, '8e869a06-01a6-41b0-8947-de90ee688628', '11', '2025', 11, 81, 1, 0, 0, 0, 0, '2025-10-20 01:02:26', '2025-10-20 01:02:26'),
(2120, 'ed51bca0-130b-4299-9db6-4fd069364c9c', '11', '2025', 11, 77, 1, 0, 0, 0, 0, '2025-10-20 01:02:26', '2025-10-20 01:02:26'),
(2121, '4fe1e8ed-b98b-4a11-8512-07731a8d140b', '11', '2025', 11, 80, 1, 0, 0, 0, 0, '2025-10-20 01:02:26', '2025-10-20 01:02:26'),
(2122, '5aeb9c26-8333-45ea-b309-afa20ff03f69', '11', '2025', 11, 83, 1, 0, 0, 0, 0, '2025-10-20 01:02:26', '2025-10-20 01:02:26'),
(2123, '4519fc7e-49b4-4208-9b85-865be0b1a0e1', '11', '2025', 11, 79, 1, 0, 0, 0, 0, '2025-10-20 01:02:26', '2025-10-20 01:02:26'),
(2124, 'f4b67713-dbbc-4844-8936-9df48f1ab1b2', '11', '2025', 11, 85, 1, 0, 0, 0, 0, '2025-10-20 01:02:26', '2025-10-20 01:02:26'),
(2125, '052833fa-48f6-4de9-a42d-256f775dca48', '11', '2025', 6, 23, 1, 0, 0, 0, 0, '2025-10-20 01:02:26', '2025-10-20 01:02:26'),
(2126, 'b6920517-9b97-4cd9-972c-ed171a03750d', '11', '2025', 7, 31, 1, 0, 0, 0, 0, '2025-10-20 01:02:26', '2025-10-20 01:02:26'),
(2127, '0ef8624c-fcb9-4988-9dbf-3b5660a7582b', '11', '2025', 9, 62, 1, 0, 0, 0, 0, '2025-10-20 01:02:26', '2025-10-20 01:02:26'),
(2128, '09b1c8ce-5e69-4cc9-85a6-538408831450', '11', '2025', 10, 68, 1, 0, 0, 0, 0, '2025-10-20 01:02:26', '2025-10-20 01:02:26'),
(2129, 'b468105b-9dce-4c35-a0d2-2e84ab35b984', '11', '2025', 11, 84, 1, 0, 0, 0, 0, '2025-10-20 01:02:26', '2025-10-20 01:02:26'),
(2130, '50a56507-def2-4765-bcd5-86afefb0fcb4', '11', '2025', 12, 95, 1, 0, 0, 0, 0, '2025-10-20 01:02:26', '2025-10-20 01:02:26'),
(2131, '5c7ee306-e758-48b1-a979-385d8c62bd02', '11', '2025', 1, 110, 1, 0, 0, 0, 0, '2025-10-20 01:02:26', '2025-10-20 01:02:26'),
(2132, '3ee23c44-c3c6-4dc9-a562-7c0d16f01156', '11', '2025', 13, 120, 1, 0, 0, 0, 0, '2025-10-20 01:02:26', '2025-10-20 01:02:26'),
(2133, '0e22e65c-5bb2-4a66-b94c-37e5da26abcb', '11', '2025', 3, 129, 1, 0, 0, 0, 0, '2025-10-20 01:02:26', '2025-10-20 01:02:26'),
(2134, 'd56b26f1-0a36-4101-951f-f4d7bf1ff730', '11', '2025', 2, 141, 1, 0, 0, 0, 0, '2025-10-20 01:02:26', '2025-10-20 01:02:26'),
(2135, 'a5cb44ed-5b8e-41c2-930d-08e2a3e33e01', '11', '2025', 2, 142, 1, 0, 0, 0, 0, '2025-10-20 01:02:26', '2025-10-20 01:02:26'),
(2136, 'c6897f8f-5326-42da-bf93-2561c068b0d5', '11', '2025', 14, 158, 1, 0, 0, 0, 0, '2025-10-20 01:02:26', '2025-10-20 01:02:26'),
(2137, 'ac9fe9e7-f125-4fb5-8566-cdbee5e54823', '11', '2025', 16, 176, 1, 0, 0, 0, 0, '2025-10-20 01:02:26', '2025-10-20 01:02:26'),
(2138, '7bd8738a-1bce-474b-a2ff-97ef1c7cf338', '12', '2025', 1, 99, 1, 10, 20, 30, 50, '2025-10-20 08:08:17', '2025-10-20 08:08:17');

-- --------------------------------------------------------

--
-- Table structure for table `failed_jobs`
--

CREATE TABLE `failed_jobs` (
  `id` bigint(20) UNSIGNED NOT NULL,
  `uuid` varchar(255) NOT NULL,
  `connection` text NOT NULL,
  `queue` text NOT NULL,
  `payload` longtext NOT NULL,
  `exception` longtext NOT NULL,
  `failed_at` timestamp NOT NULL DEFAULT current_timestamp()
) ENGINE=InnoDB DEFAULT CHARSET=utf8mb4 COLLATE=utf8mb4_unicode_ci;

-- --------------------------------------------------------

--
-- Table structure for table `fastcrud_password_histories`
--

CREATE TABLE `fastcrud_password_histories` (
  `id` bigint(20) UNSIGNED NOT NULL,
  `user_id` bigint(20) UNSIGNED NOT NULL,
  `password` varchar(255) NOT NULL,
  `created_at` timestamp NULL DEFAULT NULL,
  `updated_at` timestamp NULL DEFAULT NULL
) ENGINE=InnoDB DEFAULT CHARSET=utf8mb4 COLLATE=utf8mb4_unicode_ci;

--
-- Dumping data for table `fastcrud_password_histories`
--

INSERT INTO `fastcrud_password_histories` (`id`, `user_id`, `password`, `created_at`, `updated_at`) VALUES
(1, 2, '$2y$12$zYwgv8ujikBlODpFJEMI4.RDLrMmR0FnGXyGEw7rwj7aER1b1tjGi', '2025-10-20 01:19:31', '2025-10-20 01:19:31'),
(2, 2, '$2y$12$vsAa4Ffq0Tv8eLZ1/dsxdevzcx4Y9IcLLx5dMgdNSlMC9HVO7M9WC', '2025-10-20 01:22:47', '2025-10-20 01:22:47'),
(3, 39, '$2y$12$/WrH/zD7CPVKmsKIHfbH9O0kKDlRzl.lpr380Cc25KYc.aAEESJia', '2025-10-20 22:59:03', '2025-10-20 22:59:03'),
(4, 3, '$2y$12$2EIVJpduTj2BtesnQBVhxOjJjHc1a3rSbtPO6iZzoUrmqVlk6zQ7O', '2025-10-20 23:24:24', '2025-10-20 23:24:24'),
(5, 4, '$2y$12$EVWLtiFCOh46fPaVh3NI.OANyi76tVjZZ2Bdnp1svcV8KdRmN75PW', '2025-10-20 23:25:35', '2025-10-20 23:25:35'),
(6, 5, '$2y$12$Jr8RcC0a1Ro8fP.mNAlUceXx34QnQHiRksd8vBZ3vZ3m8w.4kmiGq', '2025-10-20 23:25:57', '2025-10-20 23:25:57'),
(7, 6, '$2y$12$45COxb3wtL1OfIyALEs6BO2hZRIgvjh0O2WiLdXmT6aPH7KMJ44Cy', '2025-10-20 23:26:07', '2025-10-20 23:26:07'),
(8, 7, '$2y$12$Z.ylKDFFPdMX8m7dXTjT4ODVJVXY4JykCJQhPdoFBl0Ja8vhUJkYO', '2025-10-20 23:26:31', '2025-10-20 23:26:31'),
(9, 8, '$2y$12$ej1qIYrAxg0lXbPEUkGRcOg9zrP5zpiOA9ybCIc8YH/Fi.2g3kg7.', '2025-10-20 23:26:51', '2025-10-20 23:26:51'),
(10, 9, '$2y$12$MCtJBeyekP5pqUp8n32YuOcEcPf4x5BnDt3.yqUDjkEP8oY3EOL1i', '2025-10-20 23:27:07', '2025-10-20 23:27:07'),
(11, 10, '$2y$12$gjfrAsTnnO6UFmtsBfQLYOTaTpMYYHvNoDvgTgF7VenaowmrbPmsG', '2025-10-20 23:27:30', '2025-10-20 23:27:30'),
(12, 11, '$2y$12$eA34LlBy3eM2I1W4xs6qcuxjIGrEFLVvOLpVUDACoF3whgrfM8DWa', '2025-10-20 23:27:50', '2025-10-20 23:27:50'),
(13, 12, '$2y$12$yzuNhDJi45teorxXWe0aCuta5yyL8QgtYmhFFybTGdEYBZrrOnIiG', '2025-10-20 23:28:08', '2025-10-20 23:28:08'),
(14, 13, '$2y$12$Gk4BwQAE40PE7AQ38UvU0uXnmo1QeKAZoyZLxA86CRTZ6QjF7bjA2', '2025-10-20 23:28:30', '2025-10-20 23:28:30'),
(15, 14, '$2y$12$SFNvYWyqZrkJKbQGbvbeDe8d8gdNrCzFXNsWNurMqacBkKv.BxD8y', '2025-10-20 23:28:52', '2025-10-20 23:28:52'),
(16, 15, '$2y$12$2neNij2xPzG6RRPfNP734OkFQDtMzMMQv/btVHWw/k55HAUdmldtK', '2025-10-20 23:29:08', '2025-10-20 23:29:08'),
(17, 16, '$2y$12$qMWxfNzdAjw7cApxPktIvOynXRLk9V0YtBT5e.BHbOtN3brGO79yq', '2025-10-20 23:29:24', '2025-10-20 23:29:24'),
(18, 17, '$2y$12$fjZBy7juEXM0MzIphvIXeejrSLkesHuUdaKCe24qtCaBsF9ZMOlVa', '2025-10-20 23:29:46', '2025-10-20 23:29:46'),
(19, 18, '$2y$12$It4JWZnIOQAdyaGVzl5tGO.4s7kRysU7tJVsIIWs72HSRwlLH7TFu', '2025-10-20 23:30:03', '2025-10-20 23:30:03'),
(20, 19, '$2y$12$WviOhQt5tiUz.ITnGFJq5uAtXxvxWtfUg96m6qzMPnDIjzCv8muSW', '2025-10-20 23:30:19', '2025-10-20 23:30:19'),
(21, 20, '$2y$12$Yg9JCAs6xOmZuJUj3SeXL.8ee/sdQsiUp4IxPc5Xw1ah5l9aDl3Sa', '2025-10-20 23:30:39', '2025-10-20 23:30:39'),
(22, 21, '$2y$12$455dSLle9qzugrhw64rEeOuhi0IS2zkodxw66hWYY7GTySuwjzYlu', '2025-10-20 23:30:56', '2025-10-20 23:30:56'),
(23, 22, '$2y$12$0DG1AHWkfzsOhX/lJ6Om8uCfvLZYjVUk4wlvWwbkrSmbGy1RdYTzC', '2025-10-20 23:31:11', '2025-10-20 23:31:11'),
(24, 23, '$2y$12$z7GLcxEryajUAuBf.1CSL.Y8KunkUk0RHNfmvm./q4FzK/Kl4rjuu', '2025-10-20 23:31:26', '2025-10-20 23:31:26'),
(25, 24, '$2y$12$e/8A09p7yvSRreFXrWkQ7O0KFzCs4VtxohJCUxVt5DClP9FDlGFY.', '2025-10-20 23:31:44', '2025-10-20 23:31:44'),
(26, 25, '$2y$12$yLeN6iDSAqOIcoY6t7PEOeObjUkwIuV2wC2sLlLaIm3PQm.sRPN0W', '2025-10-20 23:32:03', '2025-10-20 23:32:03'),
(27, 26, '$2y$12$lZpytdp0FkjxAUEbpbAKYuubxPCPAapwLbFAnF/MciEOEYRM1dB6W', '2025-10-20 23:32:21', '2025-10-20 23:32:21'),
(28, 27, '$2y$12$HUQv5laM99MB0uvO1B4rlOj./4L.O4VIYDZBaubyyE227YeUAZcBK', '2025-10-20 23:32:37', '2025-10-20 23:32:37'),
(29, 28, '$2y$12$kaYjTXuFk8aDTzJHpFppB.N4wJLsTHhSXoSFbtcUOJbj.NImkOmou', '2025-10-20 23:32:54', '2025-10-20 23:32:54'),
(30, 29, '$2y$12$68.lwJt63uUdfUTMqfSt1.Pd03OhQRlh2cWryg3fU3zK3GnQvXpG.', '2025-10-20 23:33:15', '2025-10-20 23:33:15'),
(31, 30, '$2y$12$FNh.O9tXYtCnxAlBGhoSD.jb3bKKHn67YOfS3y.X5yBOe1MiKmLQu', '2025-10-20 23:33:34', '2025-10-20 23:33:34'),
(32, 31, '$2y$12$xSnHUnihwiuB20j/8ahe8..PESRgXWFQM45.Vc1XROJViMMYaoAuy', '2025-10-20 23:33:50', '2025-10-20 23:33:50'),
(33, 32, '$2y$12$FgvgCKTbSzlrFPWJxoSan..54odrqv8qMordst9NH8j7f2fWWkPF6', '2025-10-20 23:34:06', '2025-10-20 23:34:06'),
(34, 33, '$2y$12$2wDrdXikIpt6/Och.EYp3.Ac3om02LUsmj4O4pxFg0ZTXWZKy/Lse', '2025-10-20 23:34:22', '2025-10-20 23:34:22'),
(35, 34, '$2y$12$b/JWfuJuq5RX2Q388Rn9b.FQzhlz4zm3gZnHROZFlQnyz16pxNasG', '2025-10-20 23:34:40', '2025-10-20 23:34:40'),
(36, 35, '$2y$12$VDcf1lBs8Hk2AAgj68nmVuy1TSd3SKjf/LHhuS5W5YGyVreu3Vmwe', '2025-10-20 23:35:03', '2025-10-20 23:35:03'),
(37, 36, '$2y$12$QuiJm.62BKQ8G6NLNeaPrOK5V7CAQ.C9VQSwiHXd6xLugXBj5fA/G', '2025-10-20 23:35:20', '2025-10-20 23:35:20'),
(38, 37, '$2y$12$oQtC3OZzuZp221sVp7U2dePbf6Mbqi7q68OoSFc29lS9qscdegcN2', '2025-10-20 23:35:41', '2025-10-20 23:35:41'),
(39, 36, '$2y$12$7kP10.nFQmZQqeeqZ6d1FO/2iauAB/51xgrnt5DMEBFWHn.QyZwEK', '2025-10-20 23:35:54', '2025-10-20 23:35:54'),
(40, 38, '$2y$12$zoFWSZjafI4YlpEQKNc.fubQ7d8mJxKbQNYQVUsPMLRPZyXsD7QNa', '2025-10-20 23:36:10', '2025-10-20 23:36:10'),
(41, 39, '$2y$12$1DzdrqAqy7gMV5QRZOptLegxAE2nfTDwYj/O3tuAIFhzmDuT.lwiC', '2025-10-20 23:36:29', '2025-10-20 23:36:29'),
(42, 29, '$2y$12$5jN05RxYnVZZuEvSKfB6teUcVMk8uutVgaSvmlEpJ97vuntKLdt/u', '2025-10-22 06:05:18', '2025-10-22 06:05:18'),
(43, 38, '$2y$12$Sp9YLwufMX05Do2iQcUj3ejkNRXqY0FwH3I7oea9gwfcdWGb2E7a.', '2025-10-23 09:00:09', '2025-10-23 09:00:09'),
(44, 38, '$2y$12$Ejy/hE8rdSDlcJ7tB6.OieXirM6YMFkIOZWU9F92ez9nIoOzypMWK', '2025-10-23 09:01:03', '2025-10-23 09:01:03'),
(45, 28, '$2y$12$jPJw.iSCQOI0DnI7hhG2QeFsPTFAbccYQ8rr5QJHgntnQULjzsvoO', '2025-10-23 20:53:04', '2025-10-23 20:53:04'),
(46, 25, '$2y$12$TQy8YGFeKhXddYyGC8pYCO8QRqucBEpAPZ1wxAiAIe4mGQdaFFu1C', '2025-10-23 20:53:57', '2025-10-23 20:53:57'),
(47, 18, '$2y$12$9PPgXQgqBTb5MPymb0kAwOSAs35NqJvXbfZKrEOeV6gMGtdrekweu', '2025-10-23 20:54:13', '2025-10-23 20:54:13'),
(48, 4, '$2y$12$V1ASqA5Df8p9zTATr4vRyOKGIe1fq1fB03cB4rRvLPkSSXsd/jahy', '2025-10-23 20:54:57', '2025-10-23 20:54:57'),
(49, 32, '$2y$12$ir7jdACgGfU2qgZUVIMcn.FoUqpG37OADwtjh.7Ro9DuZ/xtwL6TK', '2025-10-23 20:55:37', '2025-10-23 20:55:37'),
(50, 30, '$2y$12$Uflrpy7YRXlwFZP9GsGOMuesZ8QvCxsih0686.qYZtbnHGTt60Lkm', '2025-10-23 20:56:24', '2025-10-23 20:56:24'),
(51, 36, '$2y$12$S3kBdyXSFKgiX.wdi3PR2e3asSIry54MrS6Aoh6YVjRAaGKXMrm3W', '2025-10-23 20:56:47', '2025-10-23 20:56:47'),
(52, 16, '$2y$12$.eo/QGpedZE9XZtTFNbmMuJprkiRtOoUXkcEa9ne42VR2.3F5tZU.', '2025-10-23 20:56:58', '2025-10-23 20:56:58'),
(53, 30, '$2y$12$Gf6HC8XllyYMEtSm/f2ZXeeo9JvGfmRCsI/A7f6.CB4UlQpaZikne', '2025-10-23 20:57:39', '2025-10-23 20:57:39'),
(54, 20, '$2y$12$CG74weuf1ZlafE5zyalTzu6l44J9z47ut03BxJILBnIGIe3JbCeAi', '2025-10-23 20:57:55', '2025-10-23 20:57:55'),
(55, 37, '$2y$12$LC606J2LKU./9exnP31iHuTiXVnvL.Sh3jj6o3I41W707MV85aUjK', '2025-10-23 20:58:01', '2025-10-23 20:58:01'),
(56, 35, '$2y$12$AlNbvf3hGDzVhnUWqKnpju73.nogWoEfd3kkuOCU0Dpw/XSJHxzYq', '2025-10-23 20:58:28', '2025-10-23 20:58:28'),
(57, 27, '$2y$12$mKJ4QyhqTgCz3izI753E7.SPpRJgvXFf8Q2xJ66PreTRe.bKdhIVW', '2025-10-23 20:58:43', '2025-10-23 20:58:43'),
(58, 12, '$2y$12$Fsnldm/HA/hEwsfE4BmoWudHYwaEG3yumMly3/sQXNW2zQouwcQoy', '2025-10-23 20:58:48', '2025-10-23 20:58:48'),
(59, 24, '$2y$12$AG7jtnPWO5b4wOOjiPTRi.THaSKqWbsHOPSlVCQLvyPUWOkgvmn6.', '2025-10-23 20:58:58', '2025-10-23 20:58:58'),
(60, 21, '$2y$12$62EppDmRWTAjgNp8vWpIBO6dXUFC092ug4uXlcwXsMhaL9WIFmUeO', '2025-10-23 20:59:02', '2025-10-23 20:59:02'),
(61, 13, '$2y$12$qTrkNWmFGV5aeJ3clgbFvuj92B7fzYmFkAMZH7rSj1P7PxM6DBmVa', '2025-10-23 20:59:19', '2025-10-23 20:59:19'),
(62, 19, '$2y$12$poMrkcapXlXzhKHA/DThru8j6sJ8JJTkmlMla6bPv9o1R7eANymde', '2025-10-23 20:59:39', '2025-10-23 20:59:39'),
(63, 39, '$2y$12$gJqbkV3A/8NX16x0tg.5lup4m/FP/8H1kHczGIH4PpnZwaJIgat9W', '2025-10-23 20:59:40', '2025-10-23 20:59:40'),
(64, 6, '$2y$12$htMbp/.m6iVAult8MH1P2e5LASqD15khYbOXwy98ezz3yyy7QXgae', '2025-10-23 21:00:25', '2025-10-23 21:00:25'),
(65, 10, '$2y$12$dYsHKcGNF75WyYX/zlryFe/lW9H.p1W3ePhWBijsYxkQlDZxjvbLy', '2025-10-23 21:01:02', '2025-10-23 21:01:02'),
(66, 22, '$2y$12$EdLF5XpQUj.yvZGd43g81utnB947JAUXP/Lp1Qyfsq9xtsvMXP0nm', '2025-10-23 21:01:24', '2025-10-23 21:01:24'),
(67, 26, '$2y$12$HXr1cwOWS1y3kfpmIL3Hre9WTpCCg21neZaWSME.aLQGDbyV8jKZa', '2025-10-23 21:01:27', '2025-10-23 21:01:27'),
(68, 22, '$2y$12$9uNOqyjm6HhCUu2oESItiuk1uuu9.MpnYJh.3/R50meIFuPMf5k7O', '2025-10-23 21:01:28', '2025-10-23 21:01:28'),
(69, 26, '$2y$12$HXr1cwOWS1y3kfpmIL3Hre9WTpCCg21neZaWSME.aLQGDbyV8jKZa', '2025-10-23 21:01:29', '2025-10-23 21:01:29'),
(70, 11, '$2y$12$GrqTveuIopACIC2wS/z4beeFDJFFPdnhME29kDqbYeN9KWIAV94A2', '2025-10-23 21:01:35', '2025-10-23 21:01:35'),
(71, 33, '$2y$12$7P7L19ErvlYHMhIyup6.7ePwjr5A1yX6hjQt7TZP6CzTF0OaifYpe', '2025-10-23 21:01:51', '2025-10-23 21:01:51'),
(72, 33, '$2y$12$6xeijMx2rYqwI0ffJAum/OdmMCuer66JOyWHjSPXHkZi4iSYEFyrK', '2025-10-23 21:02:01', '2025-10-23 21:02:01'),
(73, 17, '$2y$12$vx2bhSrVJtNhVb6Xm2lfwuGmEZRhCskwfTPCKJRSsZgpIEClAdYS.', '2025-10-23 21:03:16', '2025-10-23 21:03:16'),
(74, 29, '$2y$12$W6PKi1FW3zXFPgHIqGFKp.DeyDYcDNDAarzyG3006Ed14.3.IyhU6', '2025-10-23 21:03:41', '2025-10-23 21:03:41'),
(75, 31, '$2y$12$p8LqGwFAaVIMxLhYjDWieOnYzLohU8NnnRfQY7xCSnxu87lrIZ.kG', '2025-10-23 21:04:52', '2025-10-23 21:04:52'),
(76, 34, '$2y$12$0Hvt4BJ410BZPdeoJc1i5empQ/IPMT/crGcN0JDZXFCER2uJc.AJe', '2025-10-23 21:05:16', '2025-10-23 21:05:16'),
(77, 38, '$2y$12$FfuKqZE5kEL784rRQce0aO8vrh36H.s8ods3I/Xg3ETp.a9Nwe90.', '2025-10-23 21:06:03', '2025-10-23 21:06:03'),
(78, 34, '$2y$12$D8ood4E6cMGLWwU62xgUQe.wiAhuOwkmvX6cWWa7hCImMv01EZXVu', '2025-10-23 21:07:51', '2025-10-23 21:07:51'),
(79, 14, '$2y$12$Gc6FqlS4Tv4bWfM/QyzrEuBCdYh4FSzK1HkmGGdwkamJGtj.bZ26S', '2025-10-23 21:07:56', '2025-10-23 21:07:56'),
(80, 14, '$2y$12$bLHkbLfVyoi81JZjs5oQoOgZ/VEMjSBU6cHlC.Pr7Y9mbzcjidsqK', '2025-10-23 21:08:17', '2025-10-23 21:08:17'),
(81, 38, '$2y$12$ljLejX2D4323eMjuwG31hehVRcCo/9nb8TWn0KA6tO/qEo4Kl3Fai', '2025-10-23 21:08:52', '2025-10-23 21:08:52'),
(82, 15, '$2y$12$sdQCQU9Ge5Rog8sdemjsOOh0O8cycXBj/daQqCI5nQxptlQ2BtlAC', '2025-10-23 21:09:01', '2025-10-23 21:09:01'),
(83, 7, '$2y$12$He7UqtvO0b5o05jopnkmo.eprWBWxYSaluJsrcQydzjaJgJh.CVxK', '2025-10-23 21:09:16', '2025-10-23 21:09:16'),
(84, 3, '$2y$12$oeSWcUVa7Zf6QlJCnvR.s.9gyYBiiQxalR0hApnPlml7oqRaOCfuO', '2025-10-23 21:09:43', '2025-10-23 21:09:43'),
(85, 14, '$2y$12$glOfxFfGa489s7AmI5dzyuVCdt.k7K2CDP82ubj7aghuArRD6lB/2', '2025-10-23 21:10:03', '2025-10-23 21:10:03'),
(86, 9, '$2y$12$gNpBuf8KEtHiChm7GQvRWOWBD0.RvQuGPd0WSdwcYhgddCl.LQ87C', '2025-10-23 21:10:24', '2025-10-23 21:10:24'),
(87, 5, '$2y$12$yGxp3jUZTWNNODfjiJld.eSVQGdZ6T.OOctaQM8/7bpe9EaJR6T3y', '2025-10-23 21:10:35', '2025-10-23 21:10:35'),
(88, 3, '$2y$12$Z.swLsz9krxEKbix6AOECunku/tJ8/E8Oc4xtSFEwE9wHh1Fbziu.', '2025-10-23 21:11:16', '2025-10-23 21:11:16'),
(89, 23, '$2y$12$esOuYXm2.4M9sVAzWb/PmeVPFnjAGZHjmpOc1pvEg9tAF7dLmOlhe', '2025-10-23 21:20:22', '2025-10-23 21:20:22'),
(90, 9, '$2y$12$MDJXQVZ13.mVhQrJDxO2Aesv1.80.Tt2nXeXKo6PYEbra4Ygj9zi.', '2025-10-23 21:22:25', '2025-10-23 21:22:25'),
(91, 9, '$2y$12$XIH07U45P/1NCwkzQtO8VuxREZIvPnWcNZRiFYEANqqemBCblE/2C', '2025-10-23 21:25:42', '2025-10-23 21:25:42'),
(92, 23, '$2y$12$QlWqYeeKukZuV09hquXVR.7dxmAZlav.xoxUOqUOi.wUBqIeHKs.K', '2025-10-23 21:43:25', '2025-10-23 21:43:25');

-- --------------------------------------------------------

--
-- Table structure for table `forums`
--

CREATE TABLE `forums` (
  `id` bigint(20) UNSIGNED NOT NULL,
  `uuid` char(36) NOT NULL,
  `user_id` bigint(20) UNSIGNED NOT NULL,
  `judul` varchar(255) NOT NULL,
  `hasil` longtext NOT NULL,
  `tanggal` date DEFAULT NULL,
  `foto` varchar(255) NOT NULL,
  `topik_id` bigint(20) UNSIGNED NOT NULL,
  `kecamatan_id` bigint(20) UNSIGNED DEFAULT NULL,
  `rencana_tindak_lanjut` longtext NOT NULL,
  `link_dokumentasi` varchar(255) DEFAULT NULL,
  `created_at` timestamp NULL DEFAULT NULL,
  `updated_at` timestamp NULL DEFAULT NULL
) ENGINE=InnoDB DEFAULT CHARSET=utf8mb4 COLLATE=utf8mb4_unicode_ci;

--
-- Dumping data for table `forums`
--

INSERT INTO `forums` (`id`, `uuid`, `user_id`, `judul`, `hasil`, `tanggal`, `foto`, `topik_id`, `kecamatan_id`, `rencana_tindak_lanjut`, `link_dokumentasi`, `created_at`, `updated_at`) VALUES
(1, '06c98ed2-e435-43e5-a5d4-4c02fc7df8e4', 1, 'Tes', 'Tes hasil', NULL, 'foto/2025/10/11/10112025192631-V14gNfhj.jpeg', 1, 1, 'Hasil', 'https://lincah.site/forum', '2025-10-11 12:26:31', '2025-10-11 12:26:31'),
(2, '410d6f90-91ff-463e-b959-54b4147f4f04', 29, 'Pertemuan FGD Tematik', 'Pertemuan FGD Tematik HIV & IMS, Pendampingan Ibu Hamil UPTD Puskesmas Pandanaran Kamis, 9 Oktober 2025', NULL, 'foto/2025/10/22/10222025131135-nAhRZiZX.png', 2, 4, 'Pembuatan program penurunan kasus', 'a', '2025-10-22 06:11:35', '2025-10-22 06:11:35'),
(3, 'b0d0e7d7-3b70-4b60-ab6f-9ed0aadcf903', 29, 'fgd kesehatan anak', 'fgd', NULL, 'foto/2025/10/23/10232025011936-8eawe6Q5.png', 1, 3, 'fgd', 'https://dinkes.semarangkota.go.id/', '2025-10-22 18:19:36', '2025-10-22 18:22:09'),
(7, '74c6fef6-1457-41a7-add0-c06ee930f499', 32, 'Imunisasi dan Kesehatan Ibu dan Anak', 'BBLR, Imunisasi dan Penyakit Varicella perlu menjadi perhatian bagi puskesmas dan lintas sektoral. Lintas sektoral memiliki peran mendukung pelaksanaan pelayanan kesehatan dan skrining bagi ibu hamil, imunisasi serta membantu memberikan edukasi. Puskesmas memiliki peran untuk memberikan edukasi dan pelayanan kesehatan terkait dengan BBLR, Imunisasi dan Varicella', NULL, 'foto/2025/10/24/10242025041721-som0wAhD.jpeg', 1, 4, 'Melakukan skrining ibu hamil dan remaja, edukasi pemberian tablet tambah darah bagi remaja, melakukan edukasi terkait imunisasi dan varicella', NULL, '2025-10-23 21:17:21', '2025-10-23 21:17:21'),
(10, 'd4b9fd07-0b32-4808-b397-6e0a5488b43b', 31, 'Upaya Pengendalian DBD di Wilayah Kerja Puskesmas Poncol', 'Pada bulan Januari 2025 sudah ada 13 kasus infeksi dengue di wilayah kerja Puskesmas Poncol. Hal ini perlu diwaspadi karena masih musim penghujan dimana banyak genangan air diluar rumah yang tidak terpantau. Selain itu masyarakat masih mengandalkan para kader jumantik dalam pengendalian DBD. Hal ini menunjukkan kesadaran masyarakat masih kuranag terkai dengan perilaku hidup bersih dan sehat. Masih ada masyarakat yang menginginkan fogging daripada PSN. Dan masih banyak masyarakat yang melaksanakan PSN hanya fokus di penampungan dalam rumah, sedangkan barang bekas dan lain2 yang diluar rumah terlewat dari pengawasan. Angka Bebas Jentik (ABJ) saat dilakukan PE infeksi dengue masih <95%. \r\nPeran masing- masing lintas sektor sebagai berikut.\r\nRT/RW/Kader/ Kelurahan/Kecamatan : Mendukung pelaksanaan PJN min 2x seminggu di masyarakat \r\nRT/RW/Kader/ Kelurahan : Mendukung pelaksanaan sosialisasi/ penyuluhan Dengue di masyarakat\r\nRT/RW/Kader/ Kelurahan : Mendukung Pelaksanaan Survey Prediktor Virus Dengue dengan NS1 pada wilayah dengan peta potensial dampak sangat tinggi atau jika terjadi penularan\r\nKorsatpen dan Sekolah (SD, SMP): Mendukung pelaksanaan Sicentik (Siswa cari Jentik)\r\nRT/RW/Kader/ Kelurahan : Mendukung pelaksanaan SRSJ (Satu Rumah Satu Jumantik)\r\nRT/RW/Kader/ Kelurahan : Mendukung Pelaksanaan Wingko Semarang\r\nSemua lintas sektor yang hadir menyatakan komitben bersama untuk ditindaklanjuti sampai tingkat bawah di wilayahnya masing-masing.', NULL, 'foto/2025/10/24/10242025054835-wjo45M5c.png', 4, 3, 'Masyarakat melaksanakan PJN min 2x seminggu (baik PJN Mandiri ataupun Serentak).\r\nMasyarakat melaksanakan PJN 2 hari sekali pada saat terjadi penularan kasus infeksi dengue.\r\nRT/RW/Kelurahan melakukan pendampingan pelaksanaan Survey Prediktor Virus Dengue dengan NS1 pada wilayah dengan peta potensial dampak sangat tinggi atau jika terjadi penularan.\r\nMelaksanakan monev Sicentik (Siswa cari Jentik) bersamaan dengan kegiatan PJN di hari Jumat.\r\nRT/RW/ Kelurahan mendukung Pelaksanaan Wingko Semarang.\r\nMasyarakat/ RT/RW melaporkan kepada Puskesmas apabila ada bencana di wilayah Kelurahan.\r\nPembuatan surat himbauan pelaksanaan PSN oleh Kecamatan.', 'https://drive.google.com/drive/folders/1BMfLA_b7MKH1amezZjk7lRNN7ovShnk2', '2025-10-23 22:48:35', '2025-10-23 22:48:35'),
(11, '521412de-02e9-4dbf-9942-39b5cd5cc2bf', 24, 'Penyuluhan Pencegahan Penyakit Diare di Kelurahan Miroto, Kecamatan Semarang Tengah Bulan Maret Tahun 2025', 'Berdasarkan hasil pemantauan kesehatan masyarakat di Kelurahan Miroto pada tahun 2025, tercatat bahwa jumlah penderita diare di wilayah ini masih tergolong tinggi. Kasus diare ditemukan di berbagai wilayah Rukun Warga (RW), meskipun lokasi tempat tinggal para penderita tersebar dan tidak saling berhubungan secara epidemiologis, yang berarti penularan tidak terjadi secara langsung antar penderita.\r\n\r\nDistribusi kasus diare di Kelurahan Miroto adalah sebagai berikut:\r\nRW 1: 20 penderita\r\nRW 2: 9 penderita\r\nRW 3: 3 penderita\r\nRW 4: 10 penderita\r\nRW 5: 4 penderita\r\n\r\nDari data tersebut, dapat diketahui bahwa RW 1 merupakan wilayah dengan jumlah kasus tertinggi, yaitu sebanyak 20 penderita. Wilayah RW 1 juga dikenal sebagai daerah dengan kepadatan penduduk yang tinggi, sehingga kondisi lingkungan dan sanitasi di wilayah ini berpotensi memengaruhi tingginya angka kejadian diare.\r\n\r\nSelain itu, sebagian besar penderita diare tercatat berasal dari kelompok usia anak-anak, yang cenderung lebih rentan terhadap penyakit akibat kebersihan diri, makanan, dan lingkungan yang kurang terjaga.\r\n\r\nHasil pengamatan lapangan menunjukkan bahwa perilaku hidup bersih dan sehat (PHBS) masyarakat di Kelurahan Miroto masih belum optimal. Beberapa kebiasaan masyarakat seperti tidak mencuci tangan dengan sabun sebelum makan, pengelolaan air bersih yang belum memadai, serta sanitasi lingkungan yang kurang baik turut berkontribusi terhadap meningkatnya risiko penyakit diare.', NULL, 'foto/2025/10/24/10242025060104-MZHCjlUd.jpeg', 5, 3, '1. Edukasi dan pendekatan keluarga pasien untuk meningkatkan kebersihan rumah dan penerapan \r\nPHBS \r\n2. Edukasi masyarakat untuk Mengolah makanan dengan bersih dan sampai matang  \r\n3. Edukasi masyarakat untuk Menyimpan makanan dengan baik dan tertutup  \r\n4. Menggiatkan kembali perilaku cuci tangan di masyarakat \r\n5. Mengoptimalkan kegiatan pilah sampah di masyarakat  \r\n6. Kerjabakti lingkungan seminggu sekali untuk kelancaran saluran air dan kebersihan lingkungan', NULL, '2025-10-23 23:01:04', '2025-10-23 23:01:04'),
(12, 'ef9d8938-517f-40c1-8e36-894ca0e2f1a8', 4, 'FGD Lokakarya Mini Bulanan Pertama dengan Tema Kematian Ibu dan Bayi di Wilayah Kerja Puskemas Bangetayu', 'Pada kegiatan FGD di bulan pertama Januari membahas tentang Kematian Ibu dan Bayi yang dihadiri 6 kelurahan Wilayah Puskesmas Bangetayu (Bangetayu Wetan, bangetayu Kulon, Sembungharjo, Penggaron Lor, Karangroto dan Kudu)\r\nDari data Ibu Hamil pada tahun 2024 Wilayah ibu hamil resti paling banyak di kelurahan Bangetayu Kulon, ada beberapa kendala yang sering dihadapi di lapangan yaitu :\r\n- Sasaran Ibu Hamil susah ditemui/tidak domisili di kelurahan tersebut\r\n- Kelas Ibu Hamil belum seusai aturan\r\n- Belum semua ibu hamil diperiksa di puskesmas untuk ANC Terpadu\r\n\r\nUpaya yang sudah dilakukan oleh puskesmas sebagai berikut :\r\n- Dilakukannya pendampingan ibu hamil, nifas dan neonatal\r\n- Kelas Ibu Hamil Risti (KEK/Anemia) tiap kelurahan\r\n- melakukan ANC Terpadu dan skrining dengan USG\r\n- Pembuatan UHC bagi ibu hamil dengan status BPJS tidak aktif / yang belum memiliki BPJS\r\n- Edukasi KB Pasca Salin bagi ibu hamil yang ANC di Trimester 3\r\n\r\ndari Hasil pemaparan tersebut didiskusikan bersama lintas sektoral dengan hasil \r\n- Banyak bumil masih dibawah umur 17 tahun dan tidak memiliki BPJS dikarenakan status masih anak (disdalduk) tetapi bisa didaftarkan mengikuti KK orang tua jika status hamil dibawah umur kecuali orang tuanya PNS, dan kalau setelah cukup umur langsung pecah KK dengan Orangtua.\r\n- Pendampingan catin oleh Nakes belum terlaksana, karena banyak catin resti yang tidak melapor (catin hanya lapor ke mudin tidak ke RT/RW) (Disdalduk)karena tenaga Puskesmas tidak dapat dijadikan tim TPK karena dibawah Disdalduk.', NULL, 'foto/2025/10/24/10242025064149-dR00toxV.png', 6, 8, 'Dari hasil Diskusi didapatkan rencana tindak lanjut kedepannya, yaitu:\r\n- Peran kecamatan dalam memfasilitasi kegiatan upaya kesehatan bersama masyarakat, menyusun upaya pemecahan dalam bentuk rencana kerjasama, membangun komunikasi yang baik melalui pertemuan-pertemuan di kecamatan, desa/kelurahan, bahkan kadang-kadang sampai RT/RW, dan memberikan usulan atau saran untuk kegiatan inovatif di Puskesmas\r\n\r\n- Peran Kelurahan dalam membina dan mengembangkan peran serta masyarakat dalam bidang kesehatan, membangun komunikasi yang baik melalui pertemuan-pertemuan di kecamatan, desa/kelurahan, bahkan kadang-kadang sampai RT/RW dan memfasilitasi sarana dan prasarana di posyandu.\r\n\r\n- Peran FKK dan PKK dalam menyelenggarakan posyandu di wilayah masing-masing, memberikan usulan atau saran untuk kegiatan inovatif di Puskesmas, dan pendampingan penyuluhan masalah kesehatan\r\n\r\n-  Peran Disdalduk untuk memfasilitasi administrasi kependudukan untuk keperluan kesehatan, memberikan usulan atau saran untuk kegiatan inovatif di Puskesmas, menggerakkan TPK untuk berkolaborasi dengan kader Kesehatan dan Puskesmas khususnya dalam hal pendampingan, dan ikut membantu edukasi KB kepada masyarakat.\r\n\r\n- Peran Jejaring untuk skrining masalah Kesehatan bayi balita dan ibu hamil, partisipasi dalam kegiatan posyandu ILP, partisipasi dalam pendampingan ibu hamil nifas dan neonatal dan edukasi KB pasca salin, asi eksklusif.', 'https://www.instagram.com/reel/DEmYJLTyrvS/?igsh=MTJpZWRkeGU4cWhyYQ==', '2025-10-23 23:41:49', '2025-10-23 23:59:40'),
(13, '69e923d0-4f69-44db-8091-bc1a3fc060e9', 33, 'Upaya Pengendalian Demam Berdarah Dengue di Wilayah Kerja UPTD Puskesmas Purwoyoso', 'Bulan januari peningkatan kasus infeksi dengue terjadi di Kelurahan Purwoyoso maupun Kelurahan Kalipancur. Banyak tempat - tempat penampungan di luar rumah yg masih ditemukan jentik pada waktu dilaksanakan PJN (Pemantauan Jentik Nyamuk) karena kurang terpantaunya oleh warga dan mreka hanya memantau jentik di dalam rumah saja. Di wilayah RW 14 Kelurahan Purwoyoso terdapat perbatasan antara jalan tol dengan wilayah RW 14 Kelurahan Purwoyoso sehingga tempat tersebut tidak bisa terjangkau dan tidak terpantau oleh warga karena ada gerbang atau pagar pembatas yang menjadi hambatan pemantauan PJN di wilayah tersebut.', NULL, 'foto/2025/10/24/10242025081935-IieA0n0C.jpg', 4, 11, 'Kelurahan Kalipancur maupun Kelurahan Purwoyoso sepakat tetap melaksanakan PJN serentak yg bekerja sama dengan Lintas Sektor untuk mencegah peningkatan kasus DBD di wilayah.\r\nUpaya puskesmas dan Lintas Sektor dalam pencegahan penularan DBD di RW yang terdapat penularan kasus infeksi dengue dengan melakukan PJN 2x dalam seminggu untuk memutus mata rantai penularan tersebut.\r\nPuskemas bersama Lintas Sektor Kelurahan Purwoyoso akan bekerja sama atau menghubungi jasa raharja selaku pengelola jalan tol dalam pemantauan wilayah yang berbatasan langsung dengan wilayah permukiman di RW 14 Kelurahan Purwoyoso.', 'https://drive.google.com/file/d/1IThTfMLbozOcj1mLpNzGtDeV1okfu3xu/view?usp=sharing', '2025-10-24 01:19:35', '2025-10-24 01:19:35');

-- --------------------------------------------------------

--
-- Table structure for table `fotos`
--

CREATE TABLE `fotos` (
  `id` bigint(20) UNSIGNED NOT NULL,
  `uuid` char(36) NOT NULL,
  `file` varchar(255) NOT NULL,
  `created_at` timestamp NULL DEFAULT NULL,
  `updated_at` timestamp NULL DEFAULT NULL
) ENGINE=InnoDB DEFAULT CHARSET=utf8mb4 COLLATE=utf8mb4_unicode_ci;

--
-- Dumping data for table `fotos`
--

INSERT INTO `fotos` (`id`, `uuid`, `file`, `created_at`, `updated_at`) VALUES
(1, 'e0b60d11-8a47-469c-a7c3-728a78281bbf', 'file/2025/10/11/10112025185735-kKxxzbIh.jpeg', '2025-10-11 11:57:36', '2025-10-11 11:57:36');

-- --------------------------------------------------------

--
-- Table structure for table `jenis_kasuses`
--

CREATE TABLE `jenis_kasuses` (
  `id` bigint(20) UNSIGNED NOT NULL,
  `uuid` char(36) NOT NULL,
  `nama` varchar(255) NOT NULL,
  `created_at` timestamp NULL DEFAULT NULL,
  `updated_at` timestamp NULL DEFAULT NULL
) ENGINE=InnoDB DEFAULT CHARSET=utf8mb4 COLLATE=utf8mb4_unicode_ci;

--
-- Dumping data for table `jenis_kasuses`
--

INSERT INTO `jenis_kasuses` (`id`, `uuid`, `nama`, `created_at`, `updated_at`) VALUES
(1, '4b8e90cc-30ac-49e2-a107-3e2b9c075ea8', 'TBC', '2025-10-11 09:36:46', '2025-10-11 09:36:46'),
(2, '02ec0aa6-3fb0-4866-8d22-1c462a54350f', 'DBD', '2025-10-11 09:37:13', '2025-10-11 09:37:13'),
(3, 'e0fdb737-76d2-4b05-9c42-729e102b91e8', 'Stunting', '2025-10-11 09:37:20', '2025-10-11 09:37:20'),
(4, '6f983780-17c7-4316-a8e1-a38bdfcd9eb7', 'Kematian Ibu', '2025-10-11 09:37:36', '2025-10-11 09:37:36'),
(5, 'cbbf618b-2137-42c3-8531-7efec5f0ecdd', 'Hepatitis', '2025-10-11 09:37:45', '2025-10-11 09:37:45'),
(6, 'e4352081-f23f-4794-a279-6c7fff2144ae', 'Diare', '2025-10-11 09:37:53', '2025-10-11 09:37:53'),
(7, '730bafea-29af-4056-91a5-3a44599e342d', 'Leptospirosis', '2025-10-11 09:38:12', '2025-10-11 09:38:12'),
(8, 'b72bfe02-81cc-4cac-8a03-baac36279f4c', 'ISPA', '2025-10-11 09:38:28', '2025-10-11 09:38:28'),
(9, '35fdb011-6fdf-4d88-beb4-77624bd4f044', 'Diabetes Mellitus', '2025-10-11 09:38:47', '2025-10-11 09:38:47'),
(10, '582d5b09-9989-4cfa-b2ed-4723f4bc2bc9', 'Hipertensi', '2025-10-11 09:39:07', '2025-10-11 09:39:07'),
(11, '12c8c397-6184-4227-a689-a6d95d6cd0f3', 'Kesehatan Jiwa', '2025-10-11 09:39:15', '2025-10-11 09:39:15');

-- --------------------------------------------------------

--
-- Table structure for table `jobs`
--

CREATE TABLE `jobs` (
  `id` bigint(20) UNSIGNED NOT NULL,
  `queue` varchar(255) NOT NULL,
  `payload` longtext NOT NULL,
  `attempts` tinyint(3) UNSIGNED NOT NULL,
  `reserved_at` int(10) UNSIGNED DEFAULT NULL,
  `available_at` int(10) UNSIGNED NOT NULL,
  `created_at` int(10) UNSIGNED NOT NULL
) ENGINE=InnoDB DEFAULT CHARSET=utf8mb4 COLLATE=utf8mb4_unicode_ci;

-- --------------------------------------------------------

--
-- Table structure for table `job_batches`
--

CREATE TABLE `job_batches` (
  `id` varchar(255) NOT NULL,
  `name` varchar(255) NOT NULL,
  `total_jobs` int(11) NOT NULL,
  `pending_jobs` int(11) NOT NULL,
  `failed_jobs` int(11) NOT NULL,
  `failed_job_ids` longtext NOT NULL,
  `options` mediumtext DEFAULT NULL,
  `cancelled_at` int(11) DEFAULT NULL,
  `created_at` int(11) NOT NULL,
  `finished_at` int(11) DEFAULT NULL
) ENGINE=InnoDB DEFAULT CHARSET=utf8mb4 COLLATE=utf8mb4_unicode_ci;

-- --------------------------------------------------------

--
-- Table structure for table `kategori_beritas`
--

CREATE TABLE `kategori_beritas` (
  `id` bigint(20) UNSIGNED NOT NULL,
  `uuid` char(36) NOT NULL,
  `nama` varchar(255) NOT NULL,
  `created_at` timestamp NULL DEFAULT NULL,
  `updated_at` timestamp NULL DEFAULT NULL
) ENGINE=InnoDB DEFAULT CHARSET=utf8mb4 COLLATE=utf8mb4_unicode_ci;

--
-- Dumping data for table `kategori_beritas`
--

INSERT INTO `kategori_beritas` (`id`, `uuid`, `nama`, `created_at`, `updated_at`) VALUES
(1, '2e1a175c-69b3-49cb-abf1-5ba7eac43597', 'Kesehatan', '2025-10-20 21:38:34', '2025-10-20 21:38:34');

-- --------------------------------------------------------

--
-- Table structure for table `kecamatans`
--

CREATE TABLE `kecamatans` (
  `id` bigint(20) UNSIGNED NOT NULL,
  `uuid` char(36) NOT NULL,
  `nama` varchar(255) NOT NULL,
  `koordinat` varchar(255) DEFAULT NULL,
  `created_at` timestamp NULL DEFAULT NULL,
  `updated_at` timestamp NULL DEFAULT NULL
) ENGINE=InnoDB DEFAULT CHARSET=utf8mb4 COLLATE=utf8mb4_unicode_ci;

--
-- Dumping data for table `kecamatans`
--

INSERT INTO `kecamatans` (`id`, `uuid`, `nama`, `koordinat`, `created_at`, `updated_at`) VALUES
(1, '6ae1a59e-fad7-4bea-b8f0-f9f4fa492eba', 'SEMARANG BARAT', '-6.9803775,110.3831025', '2025-06-15 06:22:34', '2025-06-15 06:22:34'),
(2, 'dd0aab9c-79cc-4b2e-beca-e5ae19f6133a', 'SEMARANG TIMUR', '-6.9740370,110.4365669', '2025-06-15 06:22:39', '2025-06-15 06:22:39'),
(3, '5911e8a8-87c2-4cd2-8f99-9fb01c3b4686', 'SEMARANG TENGAH', '-6.9786542,110.4217815', '2025-06-15 06:22:44', '2025-06-15 06:22:44'),
(4, '38980e28-7b14-4740-8627-78420a8ac3c4', 'BANYUMANIK', '-7.0606682,110.4189276', '2025-06-15 06:27:14', '2025-06-15 06:27:14'),
(5, 'fcdd161a-1d46-4252-aad9-e7ff393498f3', 'CANDISARI', '-7.0143159,110.4308381', '2025-06-15 06:27:19', '2025-06-15 06:27:19'),
(6, 'a7177883-4d75-4fa1-96cd-c1cc844bde2e', 'GAJAHMUNGKUR', '-7.0132182,110.4093305', '2025-06-15 06:27:25', '2025-06-15 06:27:25'),
(7, 'a87ecf1e-6a17-4857-b622-32de48aaaf71', 'GAYAMSARI', '-6.9779760,110.4462725', '2025-06-15 06:27:30', '2025-06-15 06:27:30'),
(8, 'a18be08e-deb8-43a6-be40-11e761ff1137', 'GENUK', '-6.9614445,110.4784298', '2025-06-15 06:27:34', '2025-06-15 06:27:34'),
(9, '48fec4f1-b4aa-41b8-afff-a0a799d72e4f', 'GUNUNGPATI', '-7.0911336,110.3600755', '2025-06-15 06:27:39', '2025-06-15 06:27:39'),
(10, '5c930eec-ef00-4d45-961e-47448ea6b2e1', 'MIJEN', '-7.0521825,110.3196079', '2025-06-15 06:27:43', '2025-06-15 06:27:43'),
(11, 'bc3eecea-92e8-46e1-8724-236bc6f080ca', 'NGALIYAN', '-7.0008457,110.3365240', '2025-06-15 06:27:48', '2025-06-15 06:27:48'),
(12, '80b0a948-5088-4c1b-93e4-d1378479b6ef', 'PEDURUNGAN', '-7.0011889,110.4760628', '2025-06-15 06:27:53', '2025-06-15 06:27:53'),
(13, '9a1a41c1-c5a2-4c67-9bfc-91c17e0563cb', 'SEMARANG SELATAN', '-6.9969069,110.4257045', '2025-06-15 06:27:57', '2025-06-15 06:27:57'),
(14, 'a4c39851-2f1e-4ceb-bece-592044e8793e', 'SEMARANG UTARA', '-6.9651860,110.4065360', '2025-06-15 06:28:02', '2025-10-11 03:44:50'),
(15, '4adebbba-c319-42f0-8e5c-39e003193c8e', 'TEMBALANG', '-7.0503545,110.4386126', '2025-06-15 06:28:07', '2025-06-15 06:28:07'),
(16, '3f84cb81-2cd6-4af5-b091-4e34a23558fd', 'TUGU', '-6.9635069,110.3345870', '2025-06-15 06:28:12', '2025-06-15 06:28:12');

-- --------------------------------------------------------

--
-- Table structure for table `kelurahans`
--

CREATE TABLE `kelurahans` (
  `id` bigint(20) UNSIGNED NOT NULL,
  `uuid` char(36) NOT NULL,
  `kecamatan_id` bigint(20) UNSIGNED NOT NULL,
  `nama` varchar(255) NOT NULL,
  `koordinat` varchar(255) DEFAULT NULL,
  `created_at` timestamp NULL DEFAULT NULL,
  `updated_at` timestamp NULL DEFAULT NULL
) ENGINE=InnoDB DEFAULT CHARSET=utf8mb4 COLLATE=utf8mb4_unicode_ci;

--
-- Dumping data for table `kelurahans`
--

INSERT INTO `kelurahans` (`id`, `uuid`, `kecamatan_id`, `nama`, `koordinat`, `created_at`, `updated_at`) VALUES
(1, 'b7b23bbe-a083-4aa2-9f2a-6f4b5abaaebe', 4, 'GEDAWANG', '-7.0848774,110.4265458', '2025-06-15 17:45:29', '2025-06-15 17:45:29'),
(2, '3fe1d81f-287a-4103-84ff-6995f4897dd0', 4, 'PUDAKPAYUNG', '-7.09528,110.4125004', '2025-06-15 17:45:29', '2025-06-15 17:45:29'),
(3, '2fbbf78e-233b-4c7f-99a0-8a8bb62e0d64', 4, 'JABUNGAN', '-7.0868816,110.4526591', '2025-06-15 17:45:29', '2025-06-15 17:45:29'),
(4, '18fe8327-b20b-4c2a-852a-9b586db8d559', 4, 'PADANGSARI', '-7.0743492,110.42932', '2025-06-15 17:45:29', '2025-06-15 17:45:29'),
(5, 'aab38ed9-e921-4fda-bdc3-3af5024800a2', 4, 'BANYUMANIK', '-7.0606682,110.4189276', '2025-06-15 17:45:29', '2025-06-15 17:45:29'),
(6, 'b1ffb151-4cd0-4601-a641-cb2d56f949ad', 4, 'SRONDOL WETAN', '-7.0658048,110.4168596', '2025-06-15 17:45:29', '2025-06-15 17:45:29'),
(7, '678bf391-2c18-4f7b-ab74-d6bf3162da63', 4, 'PEDALANGAN', '-7.0627365,110.4287629', '2025-06-15 17:45:29', '2025-06-15 17:45:29'),
(8, '545960cd-bf68-4591-baf7-821c054d525d', 4, 'SUMURBOTO', '-7.0528954,110.4237795', '2025-06-15 17:45:29', '2025-06-15 17:45:29'),
(9, '981d0641-2dd5-44aa-922b-4c7ae866b5b1', 4, 'SRONDOL KULON', '-7.055078,110.4110263', '2025-06-15 17:45:29', '2025-06-15 17:45:29'),
(10, '078f5507-0e7c-43b3-87bb-c8bfc5dd9446', 4, 'TINJOMOYO', '-7.0350345,110.4111742', '2025-06-15 17:45:29', '2025-06-15 17:45:29'),
(11, 'd46d907a-74e1-42e9-abd7-9e8895dea4e5', 4, 'NGESREP', '-7.0410515,110.4250709', '2025-06-15 17:45:29', '2025-06-15 17:45:29'),
(12, '6c519335-7df5-4872-8123-29e723c4fa4f', 5, 'CANDI', '-7.4853909,112.726104', '2025-06-15 17:45:29', '2025-06-15 17:45:29'),
(13, '4217054b-3d44-418d-8cdc-f5b91983cdab', 5, 'JATINGALEH', '-7.0260924,110.4239415', '2025-06-15 17:45:29', '2025-06-15 17:45:29'),
(14, 'd71baa42-c726-40b2-ad22-6c62298ea85d', 5, 'JOMBLANG', '-7.0135483,110.4361955', '2025-06-15 17:45:29', '2025-06-15 17:45:29'),
(15, 'c659a624-42b7-41e7-9bc7-c317c23f011c', 5, 'KALIWIRU', '-7.0180445,110.4227149', '2025-06-15 17:45:29', '2025-06-15 17:45:29'),
(16, '9de19bc6-1e90-4e80-9d3e-8f14f0c00b3f', 5, 'KARANGANYAR GUNUNG', '-7.0213417,110.4306869', '2025-06-15 17:45:29', '2025-06-15 17:45:29'),
(17, '4d06a592-ddab-4847-be5c-003ea48ba5da', 5, 'TEGALSARI', '-8.1666402,112.5766304', '2025-06-15 17:45:29', '2025-06-15 17:45:29'),
(18, '922d481b-16fb-4357-a297-1e8ed279f273', 5, 'WONOTINGAL', '-7.0113569,110.4211992', '2025-06-15 17:45:29', '2025-06-15 17:45:29'),
(19, 'ac9301ec-2477-4302-a2c6-2b2816bc2d78', 6, 'BENDAN DUWUR', '-7.0206511,110.3969703', '2025-06-15 17:45:29', '2025-06-15 17:45:29'),
(20, '611ac0a7-a698-4c9a-b111-1ca00b326303', 6, 'BENDAN NGISOR', '-7.0119847,110.3984162', '2025-06-15 17:45:29', '2025-06-15 17:45:29'),
(21, '38e3ccab-7a34-4778-8832-0d583a401d40', 6, 'BENDUNGAN', '-6.9989983,110.4090486', '2025-06-15 17:45:29', '2025-06-15 17:45:29'),
(22, '86ae733d-e074-4723-acc2-8d4d51785a29', 6, 'GAJAHMUNGKUR', '-7.0132182,110.4093305', '2025-06-15 17:45:29', '2025-06-15 17:45:29'),
(23, '179b3467-581d-4460-b691-d4ee4825100b', 6, 'KRANGREJO', '-7.7625209,110.0394272', '2025-06-15 17:45:29', '2025-06-15 17:45:29'),
(24, '625f2019-ca24-439a-8c3e-d6ec9faca68a', 6, 'LEMPONGSARI', '-6.9999038,110.415755', '2025-06-15 17:45:29', '2025-06-15 17:45:29'),
(25, 'ee14d6c7-4c53-49da-ac0e-17a95e478df0', 6, 'PETOMPON', '-7.0006181,110.4035431', '2025-06-15 17:45:29', '2025-06-15 17:45:29'),
(26, '8cb3cbe0-d5ad-4a7c-84ff-ce9e53a1d403', 6, 'SAMPANGAN', '-7.0110751,110.391791', '2025-06-15 17:45:29', '2025-06-15 17:45:29'),
(27, '98a72dfc-d28c-406e-9f91-b7cc64227b0c', 7, 'GAYAMSARI', '-6.977976,110.4462725', '2025-06-15 17:45:29', '2025-06-15 17:45:29'),
(28, '0a198140-6164-4b54-ae1b-3878a3122d50', 7, 'KALIGAWE', '-7.668752,110.7139076', '2025-06-15 17:45:29', '2025-06-15 17:45:29'),
(29, 'afdb37fa-a5c4-4d39-bad6-a950a376d098', 7, 'PANDEAN LAMPER', '-6.9948254,110.4440781', '2025-06-15 17:45:29', '2025-06-15 17:45:29'),
(30, '9fdbf5c1-a582-4066-8bb1-72bf9b17cb67', 7, 'SAMBIREJO', '-6.9818942,110.4446004', '2025-06-15 17:45:29', '2025-06-15 17:45:29'),
(31, '513cbab4-a26e-45f3-a23f-6750803d61fa', 7, 'SAWAHBESAR', '-6.973,110.447', '2025-06-15 17:45:29', '2025-06-15 17:45:29'),
(32, '6ffba6fa-ae35-47f8-82a4-60b153632863', 7, 'SIWALAN', '-6.9827641,110.4501449', '2025-06-15 17:45:29', '2025-06-15 17:45:29'),
(33, '4b8cc111-a58b-4006-b3d0-2c46631f2e33', 7, 'TAMBAKREJO', '-7.2907447,111.6349462', '2025-06-15 17:45:29', '2025-06-15 17:45:29'),
(34, '01952f0e-96de-44b2-a919-9c5695c655c1', 8, 'BANGETAYU KULON', '-6.9766854,110.4739119', '2025-06-15 17:45:29', '2025-06-15 17:45:29'),
(35, 'baf805df-8aeb-4416-acf6-2faf2e259a94', 8, 'BANGETAYU WETAN', '-6.9860607,110.4859453', '2025-06-15 17:45:29', '2025-06-15 17:45:29'),
(36, '2c3618b7-e33c-4d98-9e59-517b74993b9a', 8, 'BANJARDOWO', '-6.9600108,110.4839651', '2025-06-15 17:45:29', '2025-06-15 17:45:29'),
(37, 'd67d2c20-8ca2-4e46-9c79-cfdf34715b90', 8, 'GEBANGSARI', '-6.9647672,110.4664349', '2025-06-15 17:45:29', '2025-06-15 17:45:29'),
(38, '069345b7-4ccd-4f7c-b8fd-06b2ff01e8e0', 8, 'GENUKSARI', '-6.9611889,110.4743957', '2025-06-15 17:45:29', '2025-06-15 17:45:29'),
(39, '6cd50dad-ab63-4f7c-86d7-27577f8b6db7', 8, 'KARANGROTO', '-6.9639133,110.4932987', '2025-06-15 17:45:29', '2025-06-15 17:45:29'),
(40, 'a7a6c2e3-4fdd-462e-86b2-640b3ffe1459', 8, 'KUDU', '47.1819935,24.1335334', '2025-06-15 17:45:29', '2025-06-15 17:45:29'),
(41, '8ea45161-cb98-4931-97ed-36672b5c6d24', 8, 'MUKTIHARJO LOR', '-6.9617853,110.4574871', '2025-06-15 17:45:29', '2025-06-15 17:45:29'),
(42, 'c3685786-1cba-4554-b428-042e01889964', 8, 'PENGGARON LOR', '-6.9867956,110.4986997', '2025-06-15 17:45:29', '2025-06-15 17:45:29'),
(43, 'f8c31c59-0fd9-4df1-a6b7-e0d8b3a58fe4', 8, 'SEMBUNGHARJO', '-6.9780578,110.4896951', '2025-06-15 17:45:29', '2025-06-15 17:45:29'),
(44, 'a2d8f621-6f77-474c-9afa-b8ffb6286955', 8, 'TERBOYO KULON', '-6.9464973,110.4481077', '2025-06-15 17:45:29', '2025-06-15 17:45:29'),
(45, 'd560212c-de38-4e7b-a6b9-180c21830932', 8, 'TERBOYO WETAN', '-6.944607,110.457526', '2025-06-15 17:45:29', '2025-06-15 17:45:29'),
(46, '21dcd27d-41d9-4b14-bc5d-f6092035519a', 8, 'TRIMULYO', '-7.890241,110.3860395', '2025-06-15 17:45:29', '2025-06-15 17:45:29'),
(47, '1b643a55-c556-4da8-b411-8c851e778e75', 9, 'CEPOKO', '-7.0745112,110.3519763', '2025-06-15 17:45:29', '2025-06-15 17:45:29'),
(48, '7869cef0-efd8-4e61-ae05-e52214a219a2', 9, 'GUNUNGPATI', '-7.0911336,110.3600755', '2025-06-15 17:45:29', '2025-06-15 17:45:29'),
(49, '17bdf53f-696f-45ef-9fae-f98b7415b408', 9, 'JATIREJO', '-7.581676,112.4171198', '2025-06-15 17:45:29', '2025-06-15 17:45:29'),
(50, 'b1ebd16f-6c7e-483e-855e-1ac04f4beb1b', 9, 'KALISEGORO', '-7.0521716,110.3796715', '2025-06-15 17:45:29', '2025-06-15 17:45:29'),
(51, '8cd09da4-15e5-49b5-b3f9-60aa9fe15226', 9, 'KANDRI', '-7.0588384,110.3577691', '2025-06-15 17:45:29', '2025-06-15 17:45:29'),
(52, '45f3e2a1-90e9-47a2-b235-25e084ed0ed7', 9, 'MANGUNSARI', '-7.0863265,110.3805015', '2025-06-15 17:45:29', '2025-06-15 17:45:29'),
(53, 'd17ccd3d-e179-46f6-b61c-83200e57bfcd', 9, 'NGIJO', '-7.0679006,110.3824308', '2025-06-15 17:45:29', '2025-06-15 17:45:29'),
(54, 'a041cdc6-19b3-4232-91ae-fd032799ac33', 9, 'NONGKOSAWIT', '-7.0674722,110.3694621', '2025-06-15 17:45:29', '2025-06-15 17:45:29'),
(55, '31a85b24-9da3-4614-a237-5701f917d956', 9, 'PAKINTELAN', '-7.0891109,110.3954453', '2025-06-15 17:45:29', '2025-06-15 17:45:29'),
(56, '21e7c131-1a0f-46b6-a394-4fc09cb616d3', 9, 'PATEMON', '-7.0680594,110.3985301', '2025-06-15 17:45:29', '2025-06-15 17:45:29'),
(57, '6bc305c4-f372-47ef-82cc-a77abda61868', 9, 'PLALANGAN', '-7.094357,110.3697464', '2025-06-15 17:45:29', '2025-06-15 17:45:29'),
(58, '1c4c71d3-ac89-4e05-a311-59e246b15dcb', 9, 'PONGANGAN', '-7.0508266,110.3657737', '2025-06-15 17:45:29', '2025-06-15 17:45:29'),
(59, 'b010cdb9-adfd-4aca-b58e-4156776fbbbe', 9, 'SADENG', '-7.0321424,110.3686789', '2025-06-15 17:45:29', '2025-06-15 17:45:29'),
(60, '22db5929-c32c-4612-9b6c-368ce2c70c55', 9, 'SEKARAN', '-7.0470113,110.3931908', '2025-06-15 17:45:29', '2025-06-15 17:45:29'),
(61, '754dc62d-86d6-432f-9028-168b89800e7e', 9, 'SUKOREJO', '-8.1405463,112.5921222', '2025-06-15 17:45:29', '2025-06-15 17:45:29'),
(62, 'a9d45cc7-c5dc-4608-aae7-55791669bf4c', 9, 'SUMUREJO', '-7.1044959,110.3882556', '2025-06-15 17:45:29', '2025-06-15 17:45:29'),
(63, 'c1369ec0-5b01-4af3-ab57-c66f5862c08d', 10, 'BUBAKAN', '-7.0925191,110.3197588', '2025-06-15 17:45:29', '2025-06-15 17:45:29'),
(64, '829d40b9-b636-461f-aa0b-bf4d9ce2574e', 10, 'CANGKIRAN', '-7.0927513,110.3092049', '2025-06-15 17:45:29', '2025-06-15 17:45:29'),
(65, '959b041d-022d-424c-a8c9-86cb21dad2ed', 10, 'JATIBARANG', '-6.4727954,108.3064275', '2025-06-15 17:45:29', '2025-06-15 17:45:29'),
(66, '1fb26dae-0d59-4121-8c55-2aa48250debe', 10, 'JATISARI', '-6.9356426,107.6612225', '2025-06-15 17:45:29', '2025-06-15 17:45:29'),
(67, '8cfb67eb-9e7f-4b36-9601-f892d5f5c2d2', 10, 'KARANGMALANG', '-7.0979941,110.3347058', '2025-06-15 17:45:29', '2025-06-15 17:45:29'),
(68, '898bae50-cc67-4a74-bb48-59aca6a0d14a', 10, 'KEDUNGPANI', '-7.041,110.338', '2025-06-15 17:45:29', '2025-06-15 17:45:29'),
(69, '90f1d2fe-3299-40e1-ab10-53587c8631c2', 10, 'MIJEN', '-6.8143027,110.7036313', '2025-06-15 17:45:29', '2025-06-15 17:45:29'),
(70, '178bb757-7d5d-4dc0-bc41-e69a379cbaf2', 10, 'NGADIRGO', '-7.0371114,110.3068645', '2025-06-15 17:45:29', '2025-06-15 17:45:29'),
(71, '5d511aea-9d9c-4de1-88bb-8526374066f8', 10, 'PESANTREN', '-7.8474484,112.0510315', '2025-06-15 17:45:29', '2025-06-15 17:45:29'),
(72, '3bd0a375-4c18-4df6-8178-07c446f8a65e', 10, 'POLAMAN', '-7.0908901,110.334858', '2025-06-15 17:45:29', '2025-06-15 17:45:29'),
(73, '25c85e7e-c33b-485f-9a34-7bfd011c77e4', 10, 'PURWOSARI', '-7.5614182,110.7964303', '2025-06-15 17:45:29', '2025-06-15 17:45:29'),
(74, '98735ecf-0b32-45f7-a7ee-8224125f1089', 10, 'TAMBANGAN', '-3.3702363,114.8552495', '2025-06-15 17:45:29', '2025-06-15 17:45:29'),
(75, '3cf5352c-d768-434d-bcbb-c912ed64f194', 10, 'WONOLOPO', '-7.0564585,110.3103974', '2025-06-15 17:45:29', '2025-06-15 17:45:29'),
(76, 'f96a1743-d57e-4300-8ce9-988647a35252', 10, 'WONOPLUMBON', '-7.0357791,110.2844352', '2025-06-15 17:45:29', '2025-06-15 17:45:29'),
(77, '226a2725-e563-448e-9bdd-2ca043129947', 11, 'BAMBANKEREP', '-7.0105106,110.3643861', '2025-06-15 17:45:29', '2025-06-15 17:45:29'),
(78, 'bf8ceb22-db0c-4cb5-80bd-365d614763ac', 11, 'BERINGIN', '-3.6778928,104.3002129', '2025-06-15 17:45:29', '2025-06-15 17:45:29'),
(79, '9ff5188c-37a2-4e1f-ba4f-27fbf3959faa', 11, 'GONDORIYO', '-6.9933394,110.3131623', '2025-06-15 17:45:29', '2025-06-15 17:45:29'),
(80, 'b04ec305-0398-4e78-a1b7-56497f3ac960', 11, 'KALIPANCUR', '-7.0115382,110.3769619', '2025-06-15 17:45:29', '2025-06-15 17:45:29'),
(81, '687c4af2-4c84-489e-9c1e-9435b1fb00f3', 11, 'NGALIYAN', '-7.0008457,110.336524', '2025-06-15 17:45:29', '2025-06-15 17:45:29'),
(82, 'd9262da9-ba3a-44c2-a479-7f72eff1531a', 11, 'PODOREJO', '-7.0032109,110.2933167', '2025-06-15 17:45:29', '2025-06-15 17:45:29'),
(83, 'c368c7f3-6231-4676-9c38-c8e127ff5291', 11, 'PURWOYOSO', '-6.9951337,110.3606756', '2025-06-15 17:45:29', '2025-06-15 17:45:29'),
(84, '28d7522a-ec5c-46e7-8ed9-02f7264625d6', 11, 'TAMBAK AJI', '-6.9864093,110.341527', '2025-06-15 17:45:29', '2025-06-15 17:45:29'),
(85, '28e0b350-203c-4f27-97e4-adc451c65fac', 11, 'WONOSARI', '-7.9647903,110.6019278', '2025-06-15 17:45:29', '2025-06-15 17:45:29'),
(86, '63ea4c52-d19a-4c4b-b2ab-791ca5563578', 11, 'WATES', '-7.8594893,110.1576295', '2025-06-15 17:45:29', '2025-06-15 17:45:29'),
(87, 'bc5e25cb-ecd0-4556-a553-a8613a4b4a7b', 12, 'GEMAH', '-7.0111795,110.466521', '2025-06-15 17:45:29', '2025-06-15 17:45:29'),
(88, 'e3cbf05e-4d62-4122-8a0d-f66824718ef0', 12, 'KALICARI', '-6.9967151,110.455926', '2025-06-15 17:45:29', '2025-06-15 17:45:29'),
(89, '44bc17dd-ea6b-446a-9ae5-0d79600846b9', 12, 'MUKTIHARJO KIDUL', '-6.9737457,110.4585159', '2025-06-15 17:45:29', '2025-06-15 17:45:29'),
(90, '4cf9b95c-ac53-4128-9a69-98fd138edc20', 12, 'PALEBON', '-7.0043041,110.4658513', '2025-06-15 17:45:29', '2025-06-15 17:45:29'),
(91, '848137a7-59e5-4353-a3c7-417090e6a324', 12, 'PEDURUNGAN KIDUL', '-7.0260219,110.479091', '2025-06-15 17:45:29', '2025-06-15 17:45:29'),
(92, '2384dd07-58d3-415d-98e4-f4507aaed2ca', 12, 'PEDURUNGAN LOR', '-7.0080324,110.4826054', '2025-06-15 17:45:29', '2025-06-15 17:45:29'),
(93, '845484b4-01e3-4161-8ca3-d3e66ee5a885', 12, 'PEDURUNGAN TENGAH', '-7.0027211,110.4738378', '2025-06-15 17:45:29', '2025-06-15 17:45:29'),
(94, '34c152d5-c540-4139-97b6-1845f0eabc2d', 12, 'PENGGARON KIDUL', '-7.0096327,110.4949884', '2025-06-15 17:45:29', '2025-06-15 17:45:29'),
(95, 'bb7d07d3-e9e2-43da-a956-d288a23f0cab', 12, 'PLAMONGAN SARI', '-7.0280832,110.4835737', '2025-06-15 17:45:29', '2025-06-15 17:45:29'),
(96, '0b9eb0e0-71cf-4985-a16a-5e6dffe0e11d', 12, 'TLOGOMULYO', '-6.9942871,110.4810905', '2025-06-15 17:45:29', '2025-06-15 17:45:29'),
(97, 'b600a2d5-8401-47ff-84b4-adc6c9a8038f', 12, 'TLOGOSARI KULON', '-6.9829458,110.4574227', '2025-06-15 17:45:29', '2025-06-15 17:45:29'),
(98, '9cbe6a2c-7548-4c43-a386-a685cdad3c26', 12, 'TLOGOSARI WETAN', '-6.9874018,110.4706497', '2025-06-15 17:45:29', '2025-06-15 17:45:29'),
(99, '41eb46d3-2d3a-46cc-aa2a-06e8117c3f28', 1, 'BOJONGSALAMAN', '-6.9867949,110.3995645', '2025-06-15 17:45:29', '2025-06-15 17:45:29'),
(100, '46edeef0-b59e-4302-8167-cf47ecc89664', 1, 'BONGSARI', '-6.9922042,110.3943125', '2025-06-15 17:45:29', '2025-10-12 02:18:37'),
(101, 'd52fc9b4-c044-4141-aea1-0b7c3a6dad29', 1, 'CABEAN', '-6.9824107,110.3989774', '2025-06-15 17:45:29', '2025-06-15 17:45:29'),
(102, '8626b14c-e727-4d03-b735-4f399d68583f', 1, 'GISIKDRONO', '-6.9893054,110.3873057', '2025-06-15 17:45:29', '2025-06-15 17:45:29'),
(103, '4981e93d-7b43-46e2-9858-d96e5a9b2173', 1, 'KALIBANTENG KIDUL', '-6.9909978,110.383427', '2025-06-15 17:45:29', '2025-06-15 17:45:29'),
(104, '9c9e5183-7234-4620-b2c1-60a11bf2eb0f', 1, 'KALIBANTENG KULON', '-6.9878112,110.3795533', '2025-06-15 17:45:29', '2025-06-15 17:45:29'),
(105, '3e88bc20-9bf6-4652-8d72-8928c63d37dd', 1, 'KARANGAYU', '-6.9208459,110.147531', '2025-06-15 17:45:29', '2025-06-15 17:45:29'),
(106, 'd0c13253-4409-45c4-a493-10ec9f4d2c3f', 1, 'KEMBANGARUM', '-6.9959484,110.3743815', '2025-06-15 17:45:29', '2025-06-15 17:45:29'),
(107, '47f5aa8f-5c00-4463-8b98-6967aa292f3d', 1, 'KRAPYAK', '-6.984671,110.3681803', '2025-06-15 17:45:29', '2025-06-15 17:45:29'),
(108, '082eaf3d-935e-4085-827e-eee1ff64b3ac', 1, 'KROBOKAN', '-6.9762503,110.3983189', '2025-06-15 17:45:29', '2025-06-15 17:45:29'),
(109, 'c8ef81fd-7e62-4f59-9ebd-c34b46a3bec0', 1, 'MANYARAN', '-7.0027694,110.3854405', '2025-06-15 17:45:29', '2025-06-15 17:45:29'),
(110, '4c4fa018-18f8-4fcb-b264-fbd6039012d1', 1, 'NGEMPLAKSIMONGAN', '-6.999175,110.3954198', '2025-06-15 17:45:29', '2025-06-15 17:45:29'),
(111, '8b25864c-7dca-4a76-b629-f96d9cc39748', 1, 'SALAMANMLOYO', '-6.9839271,110.3909043', '2025-06-15 17:45:29', '2025-06-15 17:45:29'),
(112, '994fbb89-58a5-42cc-9009-1f349b4e4171', 1, 'TAMBAKHARJO', '-6.9780851,110.3650989', '2025-06-15 17:45:29', '2025-06-15 17:45:29'),
(113, '9af0ce6a-886d-43bd-a2b4-dba7562282f1', 1, 'TAWANGMAS', '-6.9700973,110.395697', '2025-06-15 17:45:29', '2025-06-15 17:45:29'),
(114, '863788df-dad1-4c60-a15e-45cab83007e3', 1, 'TAWANGSARI', '-7.3225416,108.2228467', '2025-06-15 17:45:29', '2025-06-15 17:45:29'),
(115, 'd12d75a2-d718-494d-89e6-82756cf8a13c', 13, 'BARUSARI', '-6.9899849,110.4050016', '2025-06-15 17:45:29', '2025-06-15 17:45:29'),
(116, 'de07c08c-48cb-44aa-8e45-afef9760d722', 13, 'BULUSTALAN', '-6.9859463,110.4038563', '2025-06-15 17:45:29', '2025-06-15 17:45:29'),
(117, '631266be-6aed-4685-9457-5e24f796ca01', 13, 'LAMPER KIDUL', '-7.0074811,110.4365846', '2025-06-15 17:45:29', '2025-06-15 17:45:29'),
(118, '042158af-6848-4a85-88ee-c6b0ccd7d5ad', 13, 'LAMPER LOR', '-7.0029335,110.4390473', '2025-06-15 17:45:29', '2025-06-15 17:45:29'),
(119, 'af4506d4-79a0-4c91-b23e-201179587d1f', 13, 'LAMPER TENGAH', '-7.0063444,110.4442827', '2025-06-15 17:45:29', '2025-06-15 17:45:29'),
(120, '33393249-4ac3-4337-963e-8cd8a2957824', 13, 'MUGASSARI', '-6.9919818,110.4169701', '2025-06-15 17:45:29', '2025-06-15 17:45:29'),
(121, '8604122a-7f8e-434a-ac64-e3945daa5129', 13, 'PETERONGAN', '-7.5417187,112.279445', '2025-06-15 17:45:29', '2025-06-15 17:45:29'),
(122, 'b69ba62b-2796-42ff-b3ff-f67d0aa9013a', 13, 'PLEBURAN', '-6.9949234,110.4241692', '2025-06-15 17:45:29', '2025-06-15 17:45:29'),
(123, 'e958f4f4-51cb-4f3f-b13f-bd5b6776175f', 13, 'RANDUSARI', '-6.9907257,110.4102635', '2025-06-15 17:45:29', '2025-06-15 17:45:29'),
(124, 'ae61316c-355f-4d07-9e1d-13c9c2b51b2d', 13, 'WONODRI', '-6.9997387,110.4297174', '2025-06-15 17:45:29', '2025-06-15 17:45:29'),
(125, '2e9e2da6-958e-48b9-b2da-21d756ebe08c', 3, 'BANGUNHARJO', '-6.9757308,110.4215823', '2025-06-15 17:45:29', '2025-06-15 17:45:29'),
(126, 'af6c1c75-12af-46ca-a2b9-93ab86e03246', 3, 'BRUMBUNGAN', '-6.9832479,110.4254007', '2025-06-15 17:45:29', '2025-06-15 17:45:29'),
(127, '9b0eacc9-e008-4150-9a0d-2013092e4df6', 3, 'GABAHAN', '-6.9800999,110.4257261', '2025-06-15 17:45:29', '2025-06-15 17:45:29'),
(128, '25aacd84-e4b7-402d-8a41-5aa8f89afc61', 3, 'JAGALAN', '-7.8206232,112.0155908', '2025-06-15 17:45:29', '2025-06-15 17:45:29'),
(129, '3d06231b-63b5-4512-b351-89a2652a630a', 3, 'KARANGKIDUL', '-6.9901389,110.4279189', '2025-06-15 17:45:29', '2025-06-15 17:45:29'),
(130, '2353f8a2-27fa-4603-82ba-5fe49ade31f9', 3, 'KAUMAN', '-6.9722944,110.4246547', '2025-06-15 17:45:29', '2025-06-15 17:45:29'),
(131, '57a6d213-478b-4b00-8237-8b75aab53827', 3, 'KEMBANGSARI', '-6.9781179,110.4187677', '2025-06-15 17:45:29', '2025-06-15 17:45:29'),
(132, '12332948-23e2-4908-b9d5-fe3c08821379', 3, 'KRANGGAN', '-7.4779476,112.4396976', '2025-06-15 17:45:29', '2025-06-15 17:45:29'),
(133, 'f8aff4ca-1900-4a86-b396-14fcae4b310b', 3, 'MIROTO', '-6.9830523,110.4183898', '2025-06-15 17:45:29', '2025-06-15 17:45:29'),
(134, 'd91d015a-05fa-49e6-88f0-411b9889e867', 3, 'PANDANSARI', '-7.6478009,112.1160005', '2025-06-15 17:45:29', '2025-06-15 17:45:29'),
(135, '5fc68865-336a-4011-9263-f7b02ab4a4ac', 3, 'PEKUNDEN', '-6.986626,110.421152', '2025-06-15 17:45:29', '2025-06-15 17:45:29'),
(136, '7d822d10-ebe2-4678-bad5-bef85e4533d4', 3, 'PENDRIKAN KIDUL', '-6.9816004,110.4067408', '2025-06-15 17:45:29', '2025-06-15 17:45:29'),
(137, '9dd9a92c-90e5-46f4-9e27-7e98888118ec', 3, 'PENDRIKAN LOR', '-6.9779169,110.4066229', '2025-06-15 17:45:29', '2025-06-15 17:45:29'),
(138, '1ad626da-c062-4a86-b225-f3416876c6f4', 3, 'PURWODINATAN', '-6.9708477,110.4283112', '2025-06-15 17:45:29', '2025-06-15 17:45:29'),
(139, '3e4376c1-a7ad-466d-8cf6-0c1be159e4cf', 3, 'SEKAYU', '-2.8451383,103.8551269', '2025-06-15 17:45:29', '2025-06-15 17:45:29'),
(140, '60947ed9-2292-4918-9854-c6f35d34c1f3', 2, 'BUGANGAN', '-6.9721173,110.4378015', '2025-06-15 17:45:29', '2025-06-15 17:45:29'),
(141, 'a204f483-9898-45e1-b14b-6245cd504fde', 2, 'KARANGTEMPEL', '-6.989969,110.4372901', '2025-06-15 17:45:29', '2025-06-15 17:45:29'),
(142, '7da0ed23-2242-4526-8455-d29d3d44638b', 2, 'KARANGTURI', '-6.9897685,110.4326372', '2025-06-15 17:45:29', '2025-06-15 17:45:29'),
(143, '842bbbd8-28f9-4eac-843f-17189c086406', 2, 'KEBONAGUNG', '-6.9730845,110.4327419', '2025-06-15 17:45:29', '2025-06-15 17:45:29'),
(144, '9f149969-60b7-4b81-a05c-e82c6beba940', 2, 'KEMIJEN', '-6.9578647,110.4378755', '2025-06-15 17:45:29', '2025-06-15 17:45:29'),
(145, '72f13373-4b78-4d43-a1b7-39600f2cb7bf', 2, 'MLATIBARU', '-6.9664711,110.4374671', '2025-06-15 17:45:29', '2025-06-15 17:45:29'),
(146, '61f9c37b-4e58-4b51-bc9c-7fd7c6e418b0', 2, 'MLATIHARJO', '-6.9652784,110.4423594', '2025-06-15 17:45:29', '2025-06-15 17:45:29'),
(147, 'ca0fc821-a14f-441d-ae46-57e4a740e160', 2, 'REJOMULYO', '-5.2617146,105.3195664', '2025-06-15 17:45:29', '2025-06-15 17:45:29'),
(148, '2c840d10-4cd5-4987-8727-35d251473935', 2, 'REJOSARI', '-2.9546088,102.8881149', '2025-06-15 17:45:29', '2025-06-15 17:45:29'),
(149, '64408789-88fd-4473-a8fc-d1676c92dce6', 2, 'SARIREJO', '-6.9804672,110.4332717', '2025-06-15 17:45:29', '2025-06-15 17:45:29'),
(150, '1abe4bb9-68a0-410e-8d38-6e32bf192a31', 14, 'BANDARHARJO', '-6.9583454,110.4189277', '2025-06-15 17:45:29', '2025-06-15 17:45:29'),
(151, 'c67594b6-aa41-4c17-8e62-244cc50ede45', 14, 'BULU LOR', '-6.9727221,110.4051301', '2025-06-15 17:45:29', '2025-10-11 10:41:39'),
(152, '9a6f6559-c12b-4df1-ad00-27c5b6540cb5', 14, 'DADAPSARI', '-6.966981,110.4199844', '2025-06-15 17:45:29', '2025-06-15 17:45:29'),
(153, '92ac16b2-1dd6-4409-ac9a-a74d262b3cfd', 14, 'KUNINGAN', '-6.9869841,108.5538158', '2025-06-15 17:45:29', '2025-06-15 17:45:29'),
(154, '9f3269fb-9499-49e0-b1f9-dcb41ca1993e', 14, 'PANGGUNG KIDUL', '-6.9657683,110.4063427', '2025-06-15 17:45:29', '2025-06-15 17:45:29'),
(155, 'b29f701e-b354-4dc6-8e4a-4bc211e24947', 14, 'PANGGUNG LOR', '-6.9580153,110.4050445', '2025-06-15 17:45:30', '2025-06-15 17:45:30'),
(156, '6b93cdde-8063-4efd-8d11-7871010647d3', 14, 'PLOMBOKAN', '-6.9712842,110.4097498', '2025-06-15 17:45:30', '2025-06-15 17:45:30'),
(157, '26475afd-6f11-4df4-a2cf-9098d41c099f', 14, 'PURWOSARI', '-7.5614182,110.7964303', '2025-06-15 17:45:30', '2025-06-15 17:45:30'),
(158, '40775385-1985-4998-bd8c-e8047599a5f0', 14, 'TANJUNGMAS', '-6.9521512,110.4289907', '2025-06-15 17:45:30', '2025-06-15 17:45:30'),
(159, '724fcc83-6d05-4870-b4c4-34c540d72802', 15, 'BULUSAN', '12.7517375,124.1352434', '2025-06-15 17:45:30', '2025-06-15 17:45:30'),
(160, '7521faa2-eb23-4074-9cca-3ffd24fe6a78', 15, 'JANGLI', '-7.0322493,110.4410951', '2025-06-15 17:45:30', '2025-06-15 17:45:30'),
(161, '50d266bb-2d13-4967-85b6-30ccadb6d95f', 15, 'KEDUNGMUNDU', '-7.0205759,110.467553', '2025-06-15 17:45:30', '2025-06-15 17:45:30'),
(162, '2e49c632-7278-4488-ae00-b9ef381c052c', 15, 'KRAMAS', '-7.0682492,110.4385185', '2025-06-15 17:45:30', '2025-06-15 17:45:30'),
(163, '53b8e7b2-42bc-4492-b938-8dfa761669ec', 15, 'MANGUNHARJO', '-6.9668438,110.3046548', '2025-06-15 17:45:30', '2025-06-15 17:45:30'),
(164, '11b8d252-2929-4172-a2a2-8d2fc135d5ae', 15, 'METESEH', '-7.0649496,110.4615388', '2025-06-15 17:45:30', '2025-06-15 17:45:30'),
(165, '72538793-2829-4678-b52a-d17ed248ef4e', 15, 'ROWOSARI', '-7.0671481,110.4882', '2025-06-15 17:45:30', '2025-06-15 17:45:30'),
(166, '8104288d-b249-4a4c-b10c-da7d84f7f335', 15, 'SAMBIROTO', '-7.0261079,110.4602498', '2025-06-15 17:45:30', '2025-06-15 17:45:30'),
(167, '033e6b5c-428f-4a3c-b94c-bbd5a05ca491', 15, 'SENDANGGUWO', '-7.0123014,110.4541445', '2025-06-15 17:45:30', '2025-06-15 17:45:30'),
(168, '71f248f6-94d1-4505-83d5-45f5e3c1cedd', 15, 'SENDANGMULYO', '-7.0391953,110.4748522', '2025-06-15 17:45:30', '2025-06-15 17:45:30'),
(169, 'fe71edb4-eac0-4e72-9126-cdb003a2ceaf', 15, 'TANDANG', '-7.0190591,110.4478858', '2025-06-15 17:45:30', '2025-06-15 17:45:30'),
(170, '718f9d43-3d44-4b3b-89d6-71d5dc5a0561', 15, 'TEMBALANG', '-7.0503545,110.4386126', '2025-06-15 17:45:30', '2025-06-15 17:45:30'),
(171, 'e20bf857-a124-48e7-b2db-08b21ce9de63', 16, 'JERAKAH', '-6.9740425,110.363962', '2025-06-15 17:45:30', '2025-06-15 17:45:30'),
(172, '83bd16f8-089c-426c-adbd-5a616a15e43b', 16, 'KARANGANYAR', '-7.6196965,111.0698003', '2025-06-15 17:45:30', '2025-06-15 17:45:30'),
(173, '68c7e450-1695-45b8-9a12-c071921f0a27', 16, 'MANGKANG KULON', '-6.9642446,110.3018948', '2025-06-15 17:45:30', '2025-06-15 17:45:30'),
(174, 'c5923640-5cc3-4afd-b50f-6bd36c7d1ab8', 16, 'MANGKANG WETAN', '-6.9675999,110.3074406', '2025-06-15 17:45:30', '2025-06-15 17:45:30'),
(175, 'ac2b902e-626b-415e-8e8d-0c619903ffa2', 16, 'MANGUNHARJO', '-6.9668438,110.3046548', '2025-06-15 17:45:30', '2025-06-15 17:45:30'),
(176, '88e1ddaa-c1b0-465d-93fb-f671b6a46168', 16, 'RANDU GARUT', '-6.97522,110.3194309', '2025-06-15 17:45:30', '2025-06-15 17:45:30'),
(177, '9b67b13d-87bf-44c6-82e1-ea6619d2866d', 16, 'TUGUREJO', '-6.9674642,110.3542801', '2025-06-15 17:45:30', '2025-06-15 17:45:30');

-- --------------------------------------------------------

--
-- Table structure for table `linseks`
--

CREATE TABLE `linseks` (
  `id` bigint(20) UNSIGNED NOT NULL,
  `uuid` char(36) NOT NULL,
  `content` longtext NOT NULL,
  `created_at` timestamp NULL DEFAULT NULL,
  `updated_at` timestamp NULL DEFAULT NULL
) ENGINE=InnoDB DEFAULT CHARSET=utf8mb4 COLLATE=utf8mb4_unicode_ci;

--
-- Dumping data for table `linseks`
--

INSERT INTO `linseks` (`id`, `uuid`, `content`, `created_at`, `updated_at`) VALUES
(1, '83b71209-c26d-4595-ad91-810b28d0211e', '<p><b>TES HTML</b></p><ol><li>A</li><li>B</li></ol>', '2025-10-12 01:18:45', '2025-10-20 01:16:43');

-- --------------------------------------------------------

--
-- Table structure for table `media`
--

CREATE TABLE `media` (
  `id` bigint(20) UNSIGNED NOT NULL,
  `uuid` char(36) NOT NULL,
  `title` varchar(255) DEFAULT NULL,
  `file` varchar(255) NOT NULL,
  `original_name` varchar(255) DEFAULT NULL,
  `mime_type` varchar(255) DEFAULT NULL,
  `file_size` bigint(20) UNSIGNED DEFAULT NULL,
  `user_id` bigint(20) UNSIGNED NOT NULL,
  `created_at` timestamp NULL DEFAULT NULL,
  `updated_at` timestamp NULL DEFAULT NULL
) ENGINE=InnoDB DEFAULT CHARSET=utf8mb4 COLLATE=utf8mb4_unicode_ci;

-- --------------------------------------------------------

--
-- Table structure for table `menus`
--

CREATE TABLE `menus` (
  `id` bigint(20) UNSIGNED NOT NULL,
  `uuid` char(36) NOT NULL,
  `title` varchar(255) NOT NULL,
  `content` longtext NOT NULL,
  `created_at` timestamp NULL DEFAULT NULL,
  `updated_at` timestamp NULL DEFAULT NULL
) ENGINE=InnoDB DEFAULT CHARSET=utf8mb4 COLLATE=utf8mb4_unicode_ci;

-- --------------------------------------------------------

--
-- Table structure for table `migrations`
--

CREATE TABLE `migrations` (
  `id` int(10) UNSIGNED NOT NULL,
  `migration` varchar(255) NOT NULL,
  `batch` int(11) NOT NULL
) ENGINE=InnoDB DEFAULT CHARSET=utf8mb4 COLLATE=utf8mb4_unicode_ci;

--
-- Dumping data for table `migrations`
--

INSERT INTO `migrations` (`id`, `migration`, `batch`) VALUES
(1, '0001_01_01_000000_create_users_table', 1),
(2, '0001_01_01_000001_create_cache_table', 1),
(3, '0001_01_01_000002_create_jobs_table', 1),
(4, '2019_12_14_000001_create_personal_access_tokens_table', 1),
(5, '2023_10_10_031455_add_uuid_to_users_table', 1),
(6, '2023_10_10_034220_create_permission_tables', 1),
(7, '2023_10_11_020351_create_audits_table', 1),
(8, '2023_10_14_040740_create_media_table', 1),
(9, '2023_10_23_023922_create_menus_table', 1),
(10, '2024_07_26_015621_add_last_used_sign_in_at_to_users_table', 1),
(11, '2024_08_18_130409_add_must_change_password_to_users_table', 1),
(12, '2024_08_21_142150_create_api_keys_table', 1),
(13, '2024_11_22_152332_create_configs_table', 1),
(14, '2024_12_06_080950_add_note_to_api_keys_table', 1),
(15, '2025_01_25_183223_change_config_value_type_data_from_configs_table', 1),
(16, '2025_02_27_212140_add_last_password_change_to_users_table', 1),
(17, '2025_03_21_081126_create_fastcrud_password_histories_table', 1),
(18, '2025_04_02_143720_add_google2fa_secret_to_users_table', 1),
(19, '2025_04_02_164556_add_google2fa_verified_to_users_table', 1),
(20, '2025_10_11_140918_create_kecamatans_table', 2),
(21, '2025_10_11_142228_create_kelurahans_table', 3),
(22, '2025_10_11_163555_create_jenis_kasuses_table', 4),
(25, '2025_10_11_164725_create_data_table', 5),
(26, '2025_10_11_184018_create_topiks_table', 6),
(27, '2025_10_11_184757_create_forums_table', 7),
(28, '2025_10_11_185210_create_fotos_table', 8),
(30, '2025_10_11_185311_create_videos_table', 9),
(31, '2025_10_11_190651_update_forums_table_replace_wilayah_with_kecamatan_id', 10),
(33, '2025_10_11_192052_add_judul_to_forums_table', 11),
(34, '2025_10_12_081327_create_linseks_table', 12),
(35, '2025_10_21_042626_create_users_wilayah_table', 13),
(36, '2025_10_21_043320_create_kategori_beritas_table', 13),
(37, '2025_10_21_043525_create_beritas_table', 13),
(38, '2025_10_21_052857_create_user_wilayah_table', 14);

-- --------------------------------------------------------

--
-- Table structure for table `model_has_permissions`
--

CREATE TABLE `model_has_permissions` (
  `permission_id` bigint(20) UNSIGNED NOT NULL,
  `model_type` varchar(255) NOT NULL,
  `model_id` bigint(20) UNSIGNED NOT NULL
) ENGINE=InnoDB DEFAULT CHARSET=utf8mb4 COLLATE=utf8mb4_unicode_ci;

-- --------------------------------------------------------

--
-- Table structure for table `model_has_roles`
--

CREATE TABLE `model_has_roles` (
  `role_id` bigint(20) UNSIGNED NOT NULL,
  `model_type` varchar(255) NOT NULL,
  `model_id` bigint(20) UNSIGNED NOT NULL
) ENGINE=InnoDB DEFAULT CHARSET=utf8mb4 COLLATE=utf8mb4_unicode_ci;

--
-- Dumping data for table `model_has_roles`
--

INSERT INTO `model_has_roles` (`role_id`, `model_type`, `model_id`) VALUES
(2, 'App\\Models\\User', 1),
(4, 'App\\Models\\User', 3),
(4, 'App\\Models\\User', 4),
(4, 'App\\Models\\User', 5),
(4, 'App\\Models\\User', 6),
(4, 'App\\Models\\User', 7),
(4, 'App\\Models\\User', 8),
(4, 'App\\Models\\User', 9),
(4, 'App\\Models\\User', 10),
(4, 'App\\Models\\User', 11),
(4, 'App\\Models\\User', 12),
(4, 'App\\Models\\User', 13),
(4, 'App\\Models\\User', 14),
(4, 'App\\Models\\User', 15),
(4, 'App\\Models\\User', 16),
(4, 'App\\Models\\User', 17),
(4, 'App\\Models\\User', 18),
(4, 'App\\Models\\User', 19),
(4, 'App\\Models\\User', 20),
(4, 'App\\Models\\User', 21),
(4, 'App\\Models\\User', 22),
(4, 'App\\Models\\User', 23),
(4, 'App\\Models\\User', 24),
(4, 'App\\Models\\User', 25),
(4, 'App\\Models\\User', 26),
(4, 'App\\Models\\User', 27),
(4, 'App\\Models\\User', 28),
(4, 'App\\Models\\User', 29),
(4, 'App\\Models\\User', 30),
(4, 'App\\Models\\User', 31),
(4, 'App\\Models\\User', 32),
(4, 'App\\Models\\User', 33),
(4, 'App\\Models\\User', 34),
(4, 'App\\Models\\User', 35),
(4, 'App\\Models\\User', 36),
(4, 'App\\Models\\User', 37),
(4, 'App\\Models\\User', 38),
(4, 'App\\Models\\User', 39),
(4, 'App\\Models\\User', 40),
(4, 'App\\Models\\User', 41);

-- --------------------------------------------------------

--
-- Table structure for table `password_reset_tokens`
--

CREATE TABLE `password_reset_tokens` (
  `email` varchar(255) NOT NULL,
  `token` varchar(255) NOT NULL,
  `created_at` timestamp NULL DEFAULT NULL
) ENGINE=InnoDB DEFAULT CHARSET=utf8mb4 COLLATE=utf8mb4_unicode_ci;

-- --------------------------------------------------------

--
-- Table structure for table `permissions`
--

CREATE TABLE `permissions` (
  `id` bigint(20) UNSIGNED NOT NULL,
  `name` varchar(255) NOT NULL,
  `guard_name` varchar(255) NOT NULL,
  `created_at` timestamp NULL DEFAULT NULL,
  `updated_at` timestamp NULL DEFAULT NULL
) ENGINE=InnoDB DEFAULT CHARSET=utf8mb4 COLLATE=utf8mb4_unicode_ci;

--
-- Dumping data for table `permissions`
--

INSERT INTO `permissions` (`id`, `name`, `guard_name`, `created_at`, `updated_at`) VALUES
(9, 'permission-index', 'web', '2023-10-09 21:16:42', '2023-10-09 21:19:23'),
(10, 'permission-create', 'web', '2023-10-09 21:16:42', '2023-10-09 21:16:42'),
(11, 'permission-edit', 'web', '2023-10-09 21:16:42', '2023-10-09 21:16:42'),
(12, 'permission-delete', 'web', '2023-10-09 21:16:42', '2023-10-09 21:16:42'),
(13, 'permission-show', 'web', '2023-10-09 21:16:42', '2023-10-09 21:16:42'),
(14, 'role-index', 'web', '2023-10-09 21:34:25', '2023-10-09 21:34:25'),
(15, 'role-create', 'web', '2023-10-09 21:34:25', '2023-10-09 21:34:25'),
(16, 'role-edit', 'web', '2023-10-09 21:34:25', '2023-10-09 21:34:25'),
(17, 'role-delete', 'web', '2023-10-09 21:34:25', '2023-10-09 21:34:25'),
(18, 'role-show', 'web', '2023-10-09 21:34:25', '2023-10-09 21:34:25'),
(20, 'user-index', 'web', '2023-10-09 22:44:42', '2023-10-09 22:44:42'),
(21, 'user-create', 'web', '2023-10-09 22:44:42', '2023-10-09 22:44:42'),
(22, 'user-edit', 'web', '2023-10-09 22:44:42', '2023-10-09 22:44:42'),
(23, 'user-delete', 'web', '2023-10-09 22:44:42', '2023-10-09 22:44:42'),
(24, 'user-show', 'web', '2023-10-09 22:44:42', '2023-10-09 22:44:42'),
(25, 'crud-index', 'web', '2023-10-10 23:51:20', '2023-10-10 23:51:20'),
(26, 'crud-create', 'web', '2023-10-10 23:51:20', '2023-10-10 23:51:20'),
(27, 'crud-edit', 'web', '2023-10-10 23:51:20', '2023-10-10 23:51:20'),
(28, 'crud-delete', 'web', '2023-10-10 23:51:20', '2023-10-10 23:51:20'),
(29, 'crud-show', 'web', '2023-10-10 23:51:20', '2023-10-10 23:51:20'),
(30, 'media-index', 'web', '2023-10-13 21:07:40', '2023-10-13 21:07:40'),
(31, 'media-create', 'web', '2023-10-13 21:07:41', '2023-10-13 21:07:41'),
(32, 'media-edit', 'web', '2023-10-13 21:07:41', '2023-10-13 21:07:41'),
(33, 'media-delete', 'web', '2023-10-13 21:07:41', '2023-10-13 21:07:41'),
(34, 'menu-index', 'web', '2023-10-22 19:39:23', '2023-10-22 19:39:23'),
(35, 'menu-create', 'web', '2023-10-22 19:39:23', '2023-10-22 19:39:23'),
(36, 'menu-edit', 'web', '2023-10-22 19:39:23', '2023-10-22 19:39:23'),
(37, 'menu-delete', 'web', '2023-10-22 19:39:23', '2023-10-22 19:39:23'),
(38, 'api_key-delete', 'web', '2023-10-22 19:39:23', '2023-10-22 19:39:23'),
(39, 'api_key-index', 'web', '2023-10-22 19:39:23', '2023-10-22 19:39:23'),
(40, 'api_key-create', 'web', '2023-10-22 19:39:23', '2023-10-22 19:39:23'),
(41, 'api_key-edit', 'web', '2023-10-22 19:39:23', '2023-10-22 19:39:23'),
(42, 'fastcrud_user_reset_password-multiple', 'web', '2023-10-22 19:39:23', '2023-10-22 19:39:23'),
(43, 'fastcrud_user_reset_password-single', 'web', '2023-10-22 19:39:23', '2023-10-22 19:39:23'),
(44, 'kecamatan-index', 'web', '2025-10-11 07:04:42', '2025-10-11 07:04:42'),
(45, 'kecamatan-create', 'web', '2025-10-11 07:04:42', '2025-10-11 07:04:42'),
(46, 'kecamatan-edit', 'web', '2025-10-11 07:04:42', '2025-10-11 07:04:42'),
(47, 'kecamatan-delete', 'web', '2025-10-11 07:04:42', '2025-10-11 07:04:42'),
(48, 'kecamatan-show', 'web', '2025-10-11 07:04:42', '2025-10-11 07:04:42'),
(49, 'kelurahan-index', 'web', '2025-10-11 07:22:28', '2025-10-11 07:22:28'),
(50, 'kelurahan-create', 'web', '2025-10-11 07:22:28', '2025-10-11 07:22:28'),
(51, 'kelurahan-edit', 'web', '2025-10-11 07:22:28', '2025-10-11 07:22:28'),
(52, 'kelurahan-delete', 'web', '2025-10-11 07:22:28', '2025-10-11 07:22:28'),
(53, 'kelurahan-show', 'web', '2025-10-11 07:22:28', '2025-10-11 07:22:28'),
(54, 'jenis_kasus-index', 'web', '2025-10-11 09:35:55', '2025-10-11 09:35:55'),
(55, 'jenis_kasus-create', 'web', '2025-10-11 09:35:55', '2025-10-11 09:35:55'),
(56, 'jenis_kasus-edit', 'web', '2025-10-11 09:35:55', '2025-10-11 09:35:55'),
(57, 'jenis_kasus-delete', 'web', '2025-10-11 09:35:55', '2025-10-11 09:35:55'),
(58, 'jenis_kasus-show', 'web', '2025-10-11 09:35:55', '2025-10-11 09:35:55'),
(59, 'data-index', 'web', '2025-10-11 09:47:25', '2025-10-11 09:47:25'),
(60, 'data-create', 'web', '2025-10-11 09:47:26', '2025-10-11 09:47:26'),
(61, 'data-edit', 'web', '2025-10-11 09:47:26', '2025-10-11 09:47:26'),
(62, 'data-delete', 'web', '2025-10-11 09:47:26', '2025-10-11 09:47:26'),
(63, 'data-show', 'web', '2025-10-11 09:47:26', '2025-10-11 09:47:26'),
(64, 'topik-index', 'web', '2025-10-11 11:40:18', '2025-10-11 11:40:18'),
(65, 'topik-create', 'web', '2025-10-11 11:40:18', '2025-10-11 11:40:18'),
(66, 'topik-edit', 'web', '2025-10-11 11:40:18', '2025-10-11 11:40:18'),
(67, 'topik-delete', 'web', '2025-10-11 11:40:18', '2025-10-11 11:40:18'),
(68, 'topik-show', 'web', '2025-10-11 11:40:19', '2025-10-11 11:40:19'),
(69, 'forum-index', 'web', '2025-10-11 11:47:57', '2025-10-11 11:47:57'),
(70, 'forum-create', 'web', '2025-10-11 11:47:57', '2025-10-11 11:47:57'),
(71, 'forum-edit', 'web', '2025-10-11 11:47:57', '2025-10-11 11:47:57'),
(72, 'forum-delete', 'web', '2025-10-11 11:47:57', '2025-10-11 11:47:57'),
(73, 'forum-show', 'web', '2025-10-11 11:47:57', '2025-10-11 11:47:57'),
(74, 'foto-index', 'web', '2025-10-11 11:52:10', '2025-10-11 11:52:10'),
(75, 'foto-create', 'web', '2025-10-11 11:52:10', '2025-10-11 11:52:10'),
(76, 'foto-edit', 'web', '2025-10-11 11:52:10', '2025-10-11 11:52:10'),
(77, 'foto-delete', 'web', '2025-10-11 11:52:10', '2025-10-11 11:52:10'),
(78, 'foto-show', 'web', '2025-10-11 11:52:10', '2025-10-11 11:52:10'),
(79, 'video-index', 'web', '2025-10-11 11:53:11', '2025-10-11 11:53:11'),
(80, 'video-create', 'web', '2025-10-11 11:53:11', '2025-10-11 11:53:11'),
(81, 'video-edit', 'web', '2025-10-11 11:53:11', '2025-10-11 11:53:11'),
(82, 'video-delete', 'web', '2025-10-11 11:53:12', '2025-10-11 11:53:12'),
(83, 'video-show', 'web', '2025-10-11 11:53:12', '2025-10-11 11:53:12'),
(84, 'linsek-index', 'web', '2025-10-12 01:13:27', '2025-10-12 01:13:27'),
(85, 'linsek-create', 'web', '2025-10-12 01:13:27', '2025-10-12 01:13:27'),
(86, 'linsek-edit', 'web', '2025-10-12 01:13:27', '2025-10-12 01:13:27'),
(87, 'linsek-delete', 'web', '2025-10-12 01:13:27', '2025-10-12 01:13:27'),
(88, 'linsek-show', 'web', '2025-10-12 01:13:27', '2025-10-12 01:13:27'),
(89, 'kategori_berita-index', 'web', '2025-10-20 21:33:20', '2025-10-20 21:33:20'),
(90, 'kategori_berita-create', 'web', '2025-10-20 21:33:20', '2025-10-20 21:33:20'),
(91, 'kategori_berita-edit', 'web', '2025-10-20 21:33:20', '2025-10-20 21:33:20'),
(92, 'kategori_berita-delete', 'web', '2025-10-20 21:33:20', '2025-10-20 21:33:20'),
(93, 'kategori_berita-show', 'web', '2025-10-20 21:33:20', '2025-10-20 21:33:20'),
(94, 'berita-index', 'web', '2025-10-20 21:35:25', '2025-10-20 21:35:25'),
(95, 'berita-create', 'web', '2025-10-20 21:35:25', '2025-10-20 21:35:25'),
(96, 'berita-edit', 'web', '2025-10-20 21:35:26', '2025-10-20 21:35:26'),
(97, 'berita-delete', 'web', '2025-10-20 21:35:26', '2025-10-20 21:35:26'),
(98, 'berita-show', 'web', '2025-10-20 21:35:26', '2025-10-20 21:35:26');

-- --------------------------------------------------------

--
-- Table structure for table `personal_access_tokens`
--

CREATE TABLE `personal_access_tokens` (
  `id` bigint(20) UNSIGNED NOT NULL,
  `tokenable_type` varchar(255) NOT NULL,
  `tokenable_id` bigint(20) UNSIGNED NOT NULL,
  `name` varchar(255) NOT NULL,
  `token` varchar(64) NOT NULL,
  `abilities` text DEFAULT NULL,
  `last_used_at` timestamp NULL DEFAULT NULL,
  `expires_at` timestamp NULL DEFAULT NULL,
  `created_at` timestamp NULL DEFAULT NULL,
  `updated_at` timestamp NULL DEFAULT NULL
) ENGINE=InnoDB DEFAULT CHARSET=utf8mb4 COLLATE=utf8mb4_unicode_ci;

-- --------------------------------------------------------

--
-- Table structure for table `roles`
--

CREATE TABLE `roles` (
  `id` bigint(20) UNSIGNED NOT NULL,
  `name` varchar(255) NOT NULL,
  `guard_name` varchar(255) NOT NULL,
  `created_at` timestamp NULL DEFAULT NULL,
  `updated_at` timestamp NULL DEFAULT NULL
) ENGINE=InnoDB DEFAULT CHARSET=utf8mb4 COLLATE=utf8mb4_unicode_ci;

--
-- Dumping data for table `roles`
--

INSERT INTO `roles` (`id`, `name`, `guard_name`, `created_at`, `updated_at`) VALUES
(2, 'SUPERADMIN', 'web', '2023-10-09 22:26:02', '2023-10-09 22:33:22'),
(4, 'PUSKESMAS', 'web', '2023-10-09 22:51:35', '2025-10-20 01:18:22');

-- --------------------------------------------------------

--
-- Table structure for table `role_has_permissions`
--

CREATE TABLE `role_has_permissions` (
  `permission_id` bigint(20) UNSIGNED NOT NULL,
  `role_id` bigint(20) UNSIGNED NOT NULL
) ENGINE=InnoDB DEFAULT CHARSET=utf8mb4 COLLATE=utf8mb4_unicode_ci;

--
-- Dumping data for table `role_has_permissions`
--

INSERT INTO `role_has_permissions` (`permission_id`, `role_id`) VALUES
(9, 2),
(10, 2),
(11, 2),
(12, 2),
(13, 2),
(14, 2),
(15, 2),
(16, 2),
(17, 2),
(18, 2),
(20, 2),
(21, 2),
(22, 2),
(23, 2),
(24, 2),
(25, 2),
(26, 2),
(27, 2),
(28, 2),
(29, 2),
(30, 2),
(31, 2),
(32, 2),
(33, 2),
(34, 2),
(35, 2),
(36, 2),
(37, 2),
(38, 2),
(39, 2),
(40, 2),
(41, 2),
(42, 2),
(43, 2),
(44, 2),
(45, 2),
(46, 2),
(47, 2),
(48, 2),
(49, 2),
(50, 2),
(51, 2),
(52, 2),
(53, 2),
(54, 2),
(55, 2),
(56, 2),
(57, 2),
(58, 2),
(59, 2),
(59, 4),
(60, 2),
(61, 2),
(62, 2),
(63, 2),
(64, 2),
(65, 2),
(66, 2),
(67, 2),
(68, 2),
(69, 2),
(69, 4),
(70, 2),
(70, 4),
(71, 2),
(71, 4),
(72, 2),
(72, 4),
(73, 2),
(73, 4),
(74, 2),
(75, 2),
(76, 2),
(77, 2),
(78, 2),
(79, 2),
(80, 2),
(81, 2),
(82, 2),
(83, 2),
(84, 2),
(85, 2),
(86, 2),
(87, 2),
(88, 2),
(89, 2),
(90, 2),
(91, 2),
(92, 2),
(93, 2),
(94, 2),
(95, 2),
(96, 2),
(97, 2),
(98, 2);

-- --------------------------------------------------------

--
-- Table structure for table `sessions`
--

CREATE TABLE `sessions` (
  `id` varchar(255) NOT NULL,
  `user_id` bigint(20) UNSIGNED DEFAULT NULL,
  `ip_address` varchar(45) DEFAULT NULL,
  `user_agent` text DEFAULT NULL,
  `payload` longtext NOT NULL,
  `last_activity` int(11) NOT NULL
) ENGINE=InnoDB DEFAULT CHARSET=utf8mb4 COLLATE=utf8mb4_unicode_ci;

--
-- Dumping data for table `sessions`
--

INSERT INTO `sessions` (`id`, `user_id`, `ip_address`, `user_agent`, `payload`, `last_activity`) VALUES
('3eeKWriBm3o16K3Cim6YT6pbnb4JH2HjYlLy0ZlZ', 1, '103.165.204.196', 'Mozilla/5.0 (Windows NT 10.0; Win64; x64) AppleWebKit/537.36 (KHTML, like Gecko) Chrome/141.0.0.0 Safari/537.36', 'YTo3OntzOjY6Il90b2tlbiI7czo0MDoiaVZqdzRZTTlMYnUzUHQxYjU0eVVNR25QcmdnRG9CTmJJWmVvZm9qeSI7czozOiJ1cmwiO2E6MDp7fXM6OToiX3ByZXZpb3VzIjthOjE6e3M6MzoidXJsIjtzOjI5OiJodHRwczovL2xpbmNhaC1jbXMubXkuaWQvdXNlciI7fXM6NjoiX2ZsYXNoIjthOjI6e3M6Mzoib2xkIjthOjE6e2k6MDtzOjEwOiJfb2xkX2lucHV0Ijt9czozOiJuZXciO2E6MDp7fX1zOjUwOiJsb2dpbl93ZWJfNTliYTM2YWRkYzJiMmY5NDAxNTgwZjAxNGM3ZjU4ZWE0ZTMwOTg5ZCI7aToxO3M6MjI6IlBIUERFQlVHQkFSX1NUQUNLX0RBVEEiO2E6MDp7fXM6MTA6Il9vbGRfaW5wdXQiO2E6MDp7fX0=', 1761329960),
('4NSr6TvE2JxOfSo6q0hYyasNQ8jtzEIGUvdUb6r8', NULL, '103.178.175.132', '', 'YTozOntzOjY6Il90b2tlbiI7czo0MDoidGdmZzA1M0YzdjlUWjRZakp1UzR1NGQ5bDdoS3NPVndjakpNdGljZSI7czozOiJ1cmwiO2E6MTp7czo4OiJpbnRlbmRlZCI7czoyNDoiaHR0cHM6Ly9saW5jYWgtY21zLm15LmlkIjt9czo2OiJfZmxhc2giO2E6Mjp7czozOiJvbGQiO2E6MDp7fXM6MzoibmV3IjthOjA6e319fQ==', 1761327570),
('BalnGZWxxww6HigiVcaD5uq0oD2JjFbLNDkTtkUs', 33, '114.10.44.136', 'Mozilla/5.0 (Windows NT 10.0; Win64; x64) AppleWebKit/537.36 (KHTML, like Gecko) Chrome/141.0.0.0 Safari/537.36', 'YTo1OntzOjY6Il90b2tlbiI7czo0MDoibHJvZEJpWjI2SmRsbWpzQ0VwcXJYUG9UeGlMZ2xtSDVVTTdBNnJ4UyI7czozOiJ1cmwiO2E6MDp7fXM6OToiX3ByZXZpb3VzIjthOjE6e3M6MzoidXJsIjtzOjY3OiJodHRwczovL2xpbmNhaC1jbXMubXkuaWQvZm9ydW0vNjllOTIzZDAtNGY2OS00NGRiLTgwOTEtYmMxYTNmYzA2MGU5Ijt9czo2OiJfZmxhc2giO2E6Mjp7czozOiJvbGQiO2E6MDp7fXM6MzoibmV3IjthOjA6e319czo1MDoibG9naW5fd2ViXzU5YmEzNmFkZGMyYjJmOTQwMTU4MGYwMTRjN2Y1OGVhNGUzMDk4OWQiO2k6MzM7fQ==', 1761293986),
('dYjaQ3PYmMNhZHAaCPd2A1w2fw7bX540LEVvHHul', 31, '182.2.42.8', 'Mozilla/5.0 (Windows NT 10.0; Win64; x64) AppleWebKit/537.36 (KHTML, like Gecko) Chrome/141.0.0.0 Safari/537.36', 'YTo0OntzOjY6Il90b2tlbiI7czo0MDoiSDE1MnJCVWJaYjRKRTJFRWt0UHB3Q3huOGJvOUhEdWROdEUwZ1U0WCI7czo5OiJfcHJldmlvdXMiO2E6MTp7czozOiJ1cmwiO3M6Mzc6Imh0dHBzOi8vbGluY2FoLWNtcy5teS5pZC9mb3J1bS9jcmVhdGUiO31zOjY6Il9mbGFzaCI7YToyOntzOjM6Im9sZCI7YTowOnt9czozOiJuZXciO2E6MDp7fX1zOjUwOiJsb2dpbl93ZWJfNTliYTM2YWRkYzJiMmY5NDAxNTgwZjAxNGM3ZjU4ZWE0ZTMwOTg5ZCI7aTozMTt9', 1761285059),
('Fou7JLtYeBUVlyrqPBbTnsVmQf8n7rvxs6OS4URk', 4, '103.153.149.0', 'Mozilla/5.0 (Windows NT 10.0; Win64; x64) AppleWebKit/537.36 (KHTML, like Gecko) Chrome/141.0.0.0 Safari/537.36', 'YTo1OntzOjY6Il90b2tlbiI7czo0MDoiWFVreFNaRVY2dGdSQ3hyWVNnTEx5c005N3U1MGx2MllRaVRxblZydSI7czo2OiJfZmxhc2giO2E6Mjp7czozOiJvbGQiO2E6MDp7fXM6MzoibmV3IjthOjA6e319czozOiJ1cmwiO2E6MDp7fXM6OToiX3ByZXZpb3VzIjthOjE6e3M6MzoidXJsIjtzOjEwOToiaHR0cHM6Ly9saW5jYWgtY21zLm15LmlkL2RhdGEvNGI4ZTkwY2MtMzBhYy00OWUyLWExMDctM2UyYjljMDc1ZWE4L21vbml0b3Jpbmc/a2VjYW1hdGFuX2lkPTEma2VsdXJhaGFuX2lkPTEwMCI7fXM6NTA6ImxvZ2luX3dlYl81OWJhMzZhZGRjMmIyZjk0MDE1ODBmMDE0YzdmNThlYTRlMzA5ODlkIjtpOjQ7fQ==', 1761290183),
('gA9NOJJtyGA2oi7TIr0TSJLQIbqwRE1wOYO5gzCM', 1, '114.10.156.206', 'Mozilla/5.0 (Linux; Android 10; K) AppleWebKit/537.36 (KHTML, like Gecko) Chrome/141.0.0.0 Mobile Safari/537.36', 'YTo2OntzOjY6Il90b2tlbiI7czo0MDoid1l6QmZuMERNYTE1VW9jZlJLWjQ2cm8zTXJ6dW1QZnRabkRkZThIOSI7czozOiJ1cmwiO2E6MDp7fXM6OToiX3ByZXZpb3VzIjthOjE6e3M6MzoidXJsIjtzOjMxOiJodHRwczovL2xpbmNhaC1jbXMubXkuaWQvbGluc2VrIjt9czo2OiJfZmxhc2giO2E6Mjp7czozOiJvbGQiO2E6MTp7aTowO3M6MTA6Il9vbGRfaW5wdXQiO31zOjM6Im5ldyI7YTowOnt9fXM6NTA6ImxvZ2luX3dlYl81OWJhMzZhZGRjMmIyZjk0MDE1ODBmMDE0YzdmNThlYTRlMzA5ODlkIjtpOjE7czoxMDoiX29sZF9pbnB1dCI7YTowOnt9fQ==', 1761297256),
('iOsvOpInlX4gYiecaBd6gfuT496yOQ4MG8gKKcz7', NULL, '182.8.205.12', 'Mozilla/5.0 (Windows NT 10.0; Win64; x64) AppleWebKit/537.36 (KHTML, like Gecko) Chrome/141.0.0.0 Safari/537.36 Edg/141.0.0.0', 'YTo0OntzOjY6Il90b2tlbiI7czo0MDoiTHc4NXRwbFpyc0huRjFuZHk0UGUyaE5tWjYybDRUdUhmZlhtS0tJSSI7czozOiJ1cmwiO2E6MTp7czo4OiJpbnRlbmRlZCI7czoyNDoiaHR0cHM6Ly9saW5jYWgtY21zLm15LmlkIjt9czo5OiJfcHJldmlvdXMiO2E6MTp7czozOiJ1cmwiO3M6MzA6Imh0dHBzOi8vbGluY2FoLWNtcy5teS5pZC9sb2dpbiI7fXM6NjoiX2ZsYXNoIjthOjI6e3M6Mzoib2xkIjthOjA6e31zOjM6Im5ldyI7YTowOnt9fX0=', 1761293034),
('Q5P1Ca7CdXZ1Ug7xfQXdH4r5hVNfFwtl3TPOJiTj', NULL, '38.43.64.52', 'Mozilla/5.0 (Linux; Android 10; K) AppleWebKit/537.36 (KHTML, like Gecko) Chrome/141.0.0.0 Mobile Safari/537.36', 'YTo0OntzOjY6Il90b2tlbiI7czo0MDoiOVVMaklsdHJQelhvUEU2R1lsOG92eU1wTnFrWW9PWFEzakZMUWIxZCI7czozOiJ1cmwiO2E6MTp7czo4OiJpbnRlbmRlZCI7czozMToiaHR0cHM6Ly9saW5jYWgtY21zLm15LmlkL2xpbnNlayI7fXM6OToiX3ByZXZpb3VzIjthOjE6e3M6MzoidXJsIjtzOjMwOiJodHRwczovL2xpbmNhaC1jbXMubXkuaWQvbG9naW4iO31zOjY6Il9mbGFzaCI7YToyOntzOjM6Im9sZCI7YTowOnt9czozOiJuZXciO2E6MDp7fX19', 1761297263),
('v0AThOogW4t7cqyy02PybVuAVetsYuvzhhfHF1wk', 24, '182.8.205.126', 'Mozilla/5.0 (Windows NT 10.0; Win64; x64) AppleWebKit/537.36 (KHTML, like Gecko) Chrome/141.0.0.0 Safari/537.36', 'YTo1OntzOjY6Il90b2tlbiI7czo0MDoic3lEajZ4SUFvUHd1akVKSUpPU3E4ZnNLSWhUOHRidDg3Ym9WajF1dCI7czozOiJ1cmwiO2E6MDp7fXM6OToiX3ByZXZpb3VzIjthOjE6e3M6MzoidXJsIjtzOjcyOiJodHRwczovL2xpbmNhaC1jbXMubXkuaWQvZm9ydW0vNTIxNDEyZGUtMDJlOS00ZGJmLTk5NDItMzliNWNkNWNjMmJmL2VkaXQiO31zOjY6Il9mbGFzaCI7YToyOntzOjM6Im9sZCI7YTowOnt9czozOiJuZXciO2E6MDp7fX1zOjUwOiJsb2dpbl93ZWJfNTliYTM2YWRkYzJiMmY5NDAxNTgwZjAxNGM3ZjU4ZWE0ZTMwOTg5ZCI7aToyNDt9', 1761286983),
('VacTrGIsRuG8anQwgryayWzvnr1r20JCN8pC8yi8', NULL, '119.2.50.170', 'Mozilla/5.0 (X11; Linux x86_64) AppleWebKit/537.36 (KHTML, like Gecko) Chrome/140.0.0.0 Safari/537.36', 'YTo0OntzOjY6Il90b2tlbiI7czo0MDoiVExqd2RoUnBPV1NWRDJHVHVaeWZNMFgwcEZBRDhWSm9sMTlaUDRRNiI7czozOiJ1cmwiO2E6MTp7czo4OiJpbnRlbmRlZCI7czoyNDoiaHR0cHM6Ly9saW5jYWgtY21zLm15LmlkIjt9czo5OiJfcHJldmlvdXMiO2E6MTp7czozOiJ1cmwiO3M6MzA6Imh0dHBzOi8vbGluY2FoLWNtcy5teS5pZC9sb2dpbiI7fXM6NjoiX2ZsYXNoIjthOjI6e3M6Mzoib2xkIjthOjA6e31zOjM6Im5ldyI7YTowOnt9fX0=', 1761317649);

-- --------------------------------------------------------

--
-- Table structure for table `topiks`
--

CREATE TABLE `topiks` (
  `id` bigint(20) UNSIGNED NOT NULL,
  `uuid` char(36) NOT NULL,
  `nama` varchar(255) NOT NULL,
  `created_at` timestamp NULL DEFAULT NULL,
  `updated_at` timestamp NULL DEFAULT NULL
) ENGINE=InnoDB DEFAULT CHARSET=utf8mb4 COLLATE=utf8mb4_unicode_ci;

--
-- Dumping data for table `topiks`
--

INSERT INTO `topiks` (`id`, `uuid`, `nama`, `created_at`, `updated_at`) VALUES
(1, '233427f6-eaf9-4da7-b96f-e1563fc7d8d4', 'Kesehatan Anak', '2025-10-11 11:42:10', '2025-10-11 11:42:10'),
(2, 'b7d3a2a0-5bc0-4886-98b7-ac4d08a7ed2d', 'Edukasi Masyarakat', '2025-10-11 11:42:23', '2025-10-11 11:42:23'),
(3, '6b8d39c4-f5fa-4fea-8f5b-be85e20d23e8', 'Stunting', '2025-10-17 17:45:31', '2025-10-17 17:45:31'),
(4, 'fa0fb8c4-b837-4f42-8d6d-9504bcb4f786', 'Penyakit Menular', '2025-10-23 21:12:52', '2025-10-23 21:12:52'),
(5, '80e3090b-ad59-40ca-b153-4e93f1dddead', 'Penyakit Tidak Menular', '2025-10-23 21:13:12', '2025-10-23 21:13:12'),
(6, '4737e48e-c62e-413c-aa9b-33819e411f4b', 'Kesehatan Ibu', '2025-10-23 21:13:38', '2025-10-23 21:13:38'),
(7, '00ead200-23dd-406f-9f81-731e98e9f572', 'Kesehatan Lingkungan', '2025-10-23 21:13:57', '2025-10-23 21:13:57'),
(8, '725ef8bf-bdde-4f7e-af79-104a90a75fad', 'Permasalahan Gizi Lainnya', '2025-10-23 21:14:48', '2025-10-23 21:14:48'),
(9, 'd41780f4-3200-44ef-9f02-fce673593d2f', 'Kesehatan Mental', '2025-10-23 21:15:20', '2025-10-23 21:15:20');

-- --------------------------------------------------------

--
-- Table structure for table `users`
--

CREATE TABLE `users` (
  `id` bigint(20) UNSIGNED NOT NULL,
  `uuid` char(36) NOT NULL,
  `name` varchar(255) NOT NULL,
  `email` varchar(255) NOT NULL,
  `email_verified_at` timestamp NULL DEFAULT NULL,
  `password` varchar(255) NOT NULL,
  `remember_token` varchar(100) DEFAULT NULL,
  `last_used_sign_in_at` timestamp NULL DEFAULT NULL,
  `created_at` timestamp NULL DEFAULT NULL,
  `updated_at` timestamp NULL DEFAULT NULL,
  `must_change_password` tinyint(1) NOT NULL DEFAULT 1,
  `last_password_change` timestamp NULL DEFAULT NULL,
  `google2fa_secret` varchar(255) DEFAULT NULL,
  `google2fa_verified` tinyint(1) NOT NULL DEFAULT 0
) ENGINE=InnoDB DEFAULT CHARSET=utf8mb4 COLLATE=utf8mb4_unicode_ci;

--
-- Dumping data for table `users`
--

INSERT INTO `users` (`id`, `uuid`, `name`, `email`, `email_verified_at`, `password`, `remember_token`, `last_used_sign_in_at`, `created_at`, `updated_at`, `must_change_password`, `last_password_change`, `google2fa_secret`, `google2fa_verified`) VALUES
(1, '2a4279c4-e73a-40ba-a276-f5809b03656a', 'Dinkes Kota Semarang', 'dinkes@semarangkota.go.id', NULL, '$2y$12$FHn606TYDeY5fhdtb3tUxOvYT/3J5BUOuMFe1ynyl7yK04ndOdsk.', NULL, '2025-10-24 11:00:27', '2025-10-11 06:28:11', '2025-10-24 11:00:27', 0, NULL, NULL, 0),
(3, '4d8ed8a0-ed56-4c96-ae26-9328a5a2fdaf', 'Puskesmas Bandarharjo', 'puskesmasbandarharjo@semarangkota.go.id', NULL, '$2y$12$ZXO/oBN040v0WRZFHLCxSOxDiB6R/V4PNF.BUJ4frj7kbiBs0DKM6', NULL, '2025-10-23 21:10:13', '2025-10-20 22:30:32', '2025-10-23 21:11:16', 0, '2025-10-23 21:11:16', NULL, 0),
(4, 'dc1e9354-3768-4432-baa7-b0e7de49a1cd', 'Puskesmas Bangetayu', 'puskesmasbangetayu@semarangkota.go.id', NULL, '$2y$12$GpU47eJNMvhR300riYW6OuIabqkPt7riQE4vDK/a600lUzpu89b8C', NULL, '2025-10-24 00:14:52', '2025-10-20 22:31:33', '2025-10-24 00:14:52', 0, '2025-10-23 20:54:59', NULL, 0),
(5, '692333c2-b34b-4db3-82e9-88b127796e4c', 'Puskesmas Bugangan', 'puskesmasbugangan@semarangkota.go.id', NULL, '$2y$12$a1fvI/csHD0PNLJgdmh/wOG95wjG3Z9ULvBAWm9/VpSeT6l9rAQSK', NULL, '2025-10-23 21:08:27', '2025-10-20 22:31:53', '2025-10-23 21:10:35', 0, '2025-10-23 21:10:35', NULL, 0),
(6, '14e8f118-4d94-45ed-beac-f2cee52b6229', 'Puskesmas Bulu Lor', 'puskesmasbululor@semarangkota.go.id', NULL, '$2y$12$P8/gfGtePiGlxUTFN.7FT.cncp3atjSO7GhreH.zKy4eZiRE4qwJi', NULL, '2025-10-23 20:48:54', '2025-10-20 22:32:47', '2025-10-23 21:00:26', 0, '2025-10-23 21:00:26', NULL, 0),
(7, '6ac4e737-a8be-47bb-933c-e600b0e2026e', 'Puskesmas Candilama', 'puskesmascandilama@semarangkota.go.id', NULL, '$2y$12$lIFBf8c0YrKc6uqA.U981e/RAf91TiDbuV0zaG4KgIUhXoyqzySd.', NULL, '2025-10-23 21:06:56', '2025-10-20 22:33:14', '2025-10-23 21:09:16', 0, '2025-10-23 21:09:16', NULL, 0),
(8, '2dd8bc66-8959-49d6-aff1-52c57945a104', 'Puskesmas Gayamsari', 'puskesmasgayamsari@semarangkota.go.id', NULL, '$2y$12$CjLXco9rQHp.KPtL7NUP..OHXleB/GyWDvaXiJO4uLDtyzAzj5Pqi', NULL, '2025-10-23 21:10:11', '2025-10-20 22:33:36', '2025-10-23 21:10:11', 1, NULL, NULL, 0),
(9, '014f559a-eb19-4f24-8fdd-15aeedcadfaf', 'Puskesmas Genuk', 'puskesmasgenuk@semarangkota.go.id', NULL, '$2y$12$TbRqyN6fBElY4ofz.xXp2eY9H9/TnBvUmGZAUf7SFacBmK.l2cL9C', NULL, '2025-10-23 21:23:36', '2025-10-20 22:34:05', '2025-10-23 21:25:45', 0, '2025-10-23 21:25:45', NULL, 0),
(10, '34581201-c3df-4159-b933-f02d6d59b705', 'Puskesmas Gunungpati', 'puskesmasgunungpati@semarangkota.go.id', NULL, '$2y$12$xsnh5nj45J47WV4JsT9SVeOEfuAGikulgMxOZdF2RbZ8uWbSMFLKK', NULL, '2025-10-23 20:55:36', '2025-10-20 22:34:24', '2025-10-23 21:01:03', 0, '2025-10-23 21:01:03', NULL, 0),
(11, '50131f4b-cc02-4041-9c43-3123f4e7c6cd', 'Puskesmas Halmahera', 'puskesmashalmahera@semarangkota.go.id', NULL, '$2y$12$f1sODCUuQsospMd8rh7E1uGKMKVGUsVQ8gnCd.y9zdpIIihXoCN.e', NULL, '2025-10-23 20:57:50', '2025-10-20 22:34:47', '2025-10-23 21:01:36', 0, '2025-10-23 21:01:36', NULL, 0),
(12, '33bb224d-8c96-43b6-8b3c-943e54d8eca0', 'Puskesmas Kagok', 'puskesmaskagok@semarangkota.go.id', NULL, '$2y$12$1BOnBXH.AtRRyK9QKdTCi.v4GXFOmNL5Bhqv1TzQYucg8Mp7QnEMG', NULL, '2025-10-23 20:57:41', '2025-10-20 22:35:52', '2025-10-23 20:58:51', 0, '2025-10-23 20:58:51', NULL, 0),
(13, '2d670dd4-3e76-49ea-914d-5e9ec6dedbc6', 'Puskesmas Karanganyar', 'puskesmaskaranganyar@semarangkota.go.id', NULL, '$2y$12$E5wbjtUmL2SobwGL8LIzaOnBKFOlu48FzDMHx8s.r7z1.XJpBX7MG', NULL, '2025-10-23 20:50:01', '2025-10-20 22:36:12', '2025-10-23 20:59:20', 0, '2025-10-23 20:59:20', NULL, 0),
(14, '5c7e4598-87fd-409c-9080-681d7d754595', 'Puskesmas Karangayu', 'puskesmaskarangayu@semarangkota.go.id', NULL, '$2y$12$t3GsTz7PVgyhO6wIzCocw.OjP3FcU2fMJMTBb3v95XyNoikhiKS.G', NULL, '2025-10-23 21:08:52', '2025-10-20 22:36:39', '2025-10-23 21:10:03', 0, '2025-10-23 21:10:03', NULL, 0),
(15, 'ad149333-cf21-45f9-908f-4b9c5e4294ca', 'Puskesmas Karangdoro', 'puskesmaskarangdoro@semarangkota.go.id', NULL, '$2y$12$VQgsAN7BgHnQoUQkP6WAq.v8TUho.JVnU8KsTQFZGR6IIMIV1vtb6', NULL, '2025-10-23 21:08:03', '2025-10-20 22:36:59', '2025-10-23 21:09:01', 0, '2025-10-23 21:09:01', NULL, 0),
(16, '2b67a98e-e812-42e5-b137-df08054f96c1', 'Puskesmas Karangmalang', 'puskesmaskarangmalang@semarangkota.go.id', NULL, '$2y$12$S6yzzMiQ9VSmrN4ui82Yf.Hha/xqQW3U/kSWTPH0R31cCZaYw4chO', NULL, '2025-10-23 20:53:33', '2025-10-20 22:38:03', '2025-10-23 20:56:58', 0, '2025-10-23 20:56:58', NULL, 0),
(17, 'a5464357-1b50-4279-9ced-102c7418bcd6', 'Puskesmas Kedungmundu', 'puskesmaskedungmundu@semarangkota.go.id', NULL, '$2y$12$Ca.fvaZTHXCDw54/eYdTcOvMX5WWIa9RVFg7nxfiPlUjPV6.ZDJrm', NULL, '2025-10-23 20:52:28', '2025-10-20 22:38:24', '2025-10-23 21:03:17', 0, '2025-10-23 21:03:17', NULL, 0),
(18, '67dcf5cf-abbc-4c2d-9bad-3a9856bacb51', 'Puskesmas Krobokan', 'puskesmaskrobokan@semarangkota.go.id', NULL, '$2y$12$JLLhprJO.PpRp/484AawPuY5ganbXyeAYcNPvT0YphzqxxbY9nu.S', NULL, '2025-10-23 20:50:51', '2025-10-20 22:39:57', '2025-10-23 20:54:17', 0, '2025-10-23 20:54:17', NULL, 0),
(19, '7c3448aa-2221-43d3-a54f-10880b20a31a', 'Puskesmas Lamper Tengah', 'puskesmaslampertengah@semarangkota.go.id', NULL, '$2y$12$O59PnW./FqazjN4dmG1dUOOseDCRrPe.WibB2f3pqmO.VD50OTmKK', NULL, '2025-10-23 20:50:14', '2025-10-20 22:40:19', '2025-10-23 20:59:43', 0, '2025-10-23 20:59:43', NULL, 0),
(20, 'a92d17da-fca3-4719-a6c8-8171046a2e5b', 'Puskesmas Lebdosari', 'puskesmaslebdosari@semarangkota.go.id', NULL, '$2y$12$nxES0ZaHqvHB8pPDLFP1J./ukPHaQG./C7NuilKipt5zu3pWT7Gxu', NULL, '2025-10-23 21:03:17', '2025-10-20 22:42:06', '2025-10-23 21:03:17', 0, '2025-10-23 20:57:59', NULL, 0),
(21, '09e772b9-ea35-4ba8-a4e5-fc4ee5f4f40c', 'Puskesmas Mangkang', 'puskesmasmangkang@semarangkota.go.id', NULL, '$2y$12$TuVKXW4HWv5mwUwoPAbscujEAbW4Mz5WULYkkMlyjBGjhuCvMGaKi', NULL, '2025-10-23 20:55:46', '2025-10-20 22:42:28', '2025-10-23 20:59:04', 0, '2025-10-23 20:59:04', NULL, 0),
(22, 'f540a032-ba4e-4106-9ef6-ab7eb1792232', 'Puskesmas Manyaran', 'puskesmasmanyaran@semarangkota.go.id', NULL, '$2y$12$apVObuInjyRIrCEmpOJ5buTg.aUIybsfDvAwabPl.psso16j/d.sC', NULL, '2025-10-23 20:58:06', '2025-10-20 22:42:48', '2025-10-23 21:01:29', 0, '2025-10-23 21:01:29', NULL, 0),
(23, 'e0b9b7d6-e850-417f-9df2-fc83976905d4', 'Puskesmas Mijen', 'puskesmasmijen@semarangkota.go.id', NULL, '$2y$12$62UrAdym8cNeBnxpK.Fn2ucLWLfxYmglvDOKSi4pLFpdZve01Z5mG', NULL, '2025-10-23 21:42:34', '2025-10-20 22:43:13', '2025-10-23 21:43:25', 0, '2025-10-23 21:43:25', NULL, 0),
(24, '5ea9cc52-b6ee-48b4-bc68-e1cd07a03ed5', 'Puskesmas Miroto', 'puskesmasmiroto@semarangkota.go.id', NULL, '$2y$12$mScEQOU/Uo.uWkeyb4qIUO.Sc3rSrLEOW0Zg34ud5jGB.5I0sZxGi', NULL, '2025-10-23 22:38:39', '2025-10-20 22:43:33', '2025-10-23 22:38:39', 0, '2025-10-23 20:59:00', NULL, 0),
(25, 'f81cdb50-cd13-49a2-a172-ec26cd1081f4', 'Puskesmas Ngaliyan', 'puskesmasngaliyan@semarangkota.go.id', NULL, '$2y$12$2PEHYmuSj1Okx4gHKPanp.4zDP8G/yFC2gDeWO/F.DytYUi3MNjYa', NULL, '2025-10-23 20:51:17', '2025-10-20 22:43:52', '2025-10-23 20:54:04', 0, '2025-10-23 20:54:04', NULL, 0),
(26, '9bc5c685-0288-4945-a2cf-ec4189f97820', 'Puskesmas Ngemplak Simongan', 'puskesmasngemplaksimongan@semarangkota.go.id', NULL, '$2y$12$tj8WQSJJI0jJYM1QkLHPceQIcQUCDTHA4bgHxgmVOHrxSsUpsV97O', NULL, '2025-10-23 20:59:20', '2025-10-20 22:44:16', '2025-10-23 21:01:30', 0, '2025-10-23 21:01:30', NULL, 0),
(27, '53ed53de-a4c4-4897-9667-c6139b9ca4ff', 'Puskesmas Ngesrep', 'puskesmasngesrep@semarangkota.go.id', NULL, '$2y$12$cBMWfDHQLaHdDseRTMaLT.Kq5SwyRLJhVwqOEnXo0yXQO/hSbtuNq', NULL, '2025-10-23 20:53:27', '2025-10-20 22:44:36', '2025-10-23 20:58:46', 0, '2025-10-23 20:58:46', NULL, 0),
(28, '3b33b9b4-9cf3-4def-9e54-2dea67e0a5ed', 'Puskesmas Padangsari', 'puskesmaspadangsari@semarangkota.go.id', NULL, '$2y$12$Cfi9wWtScFCoGwOsG3yFFOI4ZzXyJ11hgBqwAKTZCUK0oOb2vbUM6', NULL, '2025-10-23 20:54:27', '2025-10-20 22:44:56', '2025-10-23 20:54:27', 0, '2025-10-23 20:53:09', NULL, 0),
(29, 'c354171f-4ead-4232-b738-413291efed92', 'Puskesmas Pandanaran', 'puskesmaspandanaran@semarangkota.go.id', NULL, '$2y$12$.nhr95vLlxi/8BT/G41OFOKPNFHHzB7ADuBfL/mwX/n2uw3gDzpZy', NULL, '2025-10-23 21:09:40', '2025-10-20 22:45:20', '2025-10-23 21:09:40', 0, '2025-10-23 21:03:41', NULL, 0),
(30, 'e888c227-85c9-4b43-bab9-67b16535a59e', 'Puskesmas Pegandan', 'puskesmaspegandan@semarangkota.go.id', NULL, '$2y$12$bo4FYtiUoTSULcd3TTl7xeBaUSmYyGdrNuccaxU9TILY5BO0zaNO.', NULL, '2025-10-23 20:48:22', '2025-10-20 22:45:39', '2025-10-23 20:57:40', 0, '2025-10-23 20:57:40', NULL, 0),
(31, '3170f174-cd24-44f1-850a-25a79bab7f86', 'Puskesmas Poncol', 'puskesmasponcol@semarangkota.go.id', NULL, '$2y$12$h4cwRn1nYGatllcZhwj0s.Wz8v85kcQRCUC1CQOK1jqMjzbKGNley', NULL, '2025-10-23 21:14:53', '2025-10-20 22:45:57', '2025-10-23 21:14:53', 0, '2025-10-23 21:04:53', NULL, 0),
(32, 'd509e8fe-6740-4d15-968f-bc2bb856de52', 'Puskesmas Pudak Payung', 'puskesmaspudakpayung@semarangkota.go.id', NULL, '$2y$12$Hz0jC4DZ/VXXqSFpTYBMBeFhdAck7kWEEXUF8nRx8yAXxg40oi4ei', NULL, '2025-10-23 20:54:30', '2025-10-20 22:47:10', '2025-10-23 20:55:40', 0, '2025-10-23 20:55:40', NULL, 0),
(33, 'aa53e9f8-1560-4ef6-91b5-43a3c28b87af', 'Puskesmas Purwoyoso', 'puskesmaspurwoyoso@semarangkota.go.id', NULL, '$2y$12$AeWs9JgqYcve/yHnxVqK.erhot4cFtdmHw93AYXDJiOTucdwfmnsK', NULL, '2025-10-24 00:15:30', '2025-10-20 22:48:13', '2025-10-24 00:15:30', 0, '2025-10-23 21:02:02', NULL, 0),
(34, 'e50b269a-f151-49db-843b-265eea9d0caf', 'Puskesmas Rowosari', 'puskesmasrowosari@semarangkota.go.id', NULL, '$2y$12$xELzv4cddeaxOQNrj2ks8Oro/qBbX8F1y22xIRBDQUFu9VEus4h/u', NULL, '2025-10-23 21:05:59', '2025-10-20 22:48:39', '2025-10-23 21:07:52', 0, '2025-10-23 21:07:52', NULL, 0),
(35, 'f0343f33-28a4-4c87-8a44-2ece92d841f2', 'Puskesmas Sekaran', 'puskesmassekaran@semarangkota.go.id', NULL, '$2y$12$bkdUISRkJFutzeajoG7jPuA8.nNYTWI.RlFyqkxyYqN9fjSpsiL0a', NULL, '2025-10-23 20:49:07', '2025-10-20 22:48:59', '2025-10-23 20:58:34', 0, '2025-10-23 20:58:34', NULL, 0),
(36, '5deb6b37-2ab8-4681-a6cd-550b8f49bf46', 'Puskesmas Srondol', 'puskesmassrondol@semarangkota.go.id', NULL, '$2y$12$lmXtE37IKpZr108BIkfjXuSvDUrOSnELsA8ALmkv019ymWyW95KHe', NULL, '2025-10-23 21:25:43', '2025-10-20 22:50:54', '2025-10-23 21:25:43', 0, '2025-10-23 20:56:48', NULL, 0),
(37, '0b080865-6d55-4d90-acfe-81ad43ba21a0', 'Puskesmas Tambak Aji', 'puskesmastambakaji@semarangkota.go.id', NULL, '$2y$12$Bsb/lXg7lWh2mOxVLvU1r.X/xeqr7OtX5x9/7Afc3CJ58elexPL7C', NULL, '2025-10-23 20:55:30', '2025-10-20 22:51:13', '2025-10-23 20:58:04', 0, '2025-10-23 20:58:04', NULL, 0),
(38, '1d3a23df-06d3-4521-9c46-8b9131e990c5', 'Puskesmas Tlogosari Kulon', 'puskesmastlogosarikulon@semarangkota.go.id', NULL, '$2y$12$OK4MlbcOnnneYJjR6poQT.rh2LZ/90OHQG69McJm8S7PROxPS5rmu', NULL, '2025-10-23 21:07:30', '2025-10-20 22:57:08', '2025-10-23 21:08:53', 0, '2025-10-23 21:08:53', NULL, 0),
(39, 'b3e591ef-b6c8-441a-aba1-ab14ee459ec7', 'Puskesmas Tlogosari Wetan', 'puskesmastlogosariwetan@semarangkota.go.id', NULL, '$2y$12$0fI7TubTPYXOaHUDfCrSsOkCqyQXOATh4quZHfYJVaZGF4x5grv6i', NULL, '2025-10-23 20:58:33', '2025-10-20 22:57:39', '2025-10-23 20:59:42', 0, '2025-10-23 20:59:42', NULL, 0),
(40, 'ced6f25d-b2a6-48d8-b847-a93d5e3c201a', 'Puskesmas Bulusan', 'puskesmasbulusan@semarangkota.go.id', NULL, '$2y$12$OLENQWDVHIDMpOlkVTTIBuyivz72Ah.7g9p2Qa156fzA/Thbmvxk.', NULL, NULL, '2025-10-24 11:18:43', '2025-10-24 11:18:43', 1, NULL, NULL, 0),
(41, '594808e6-8b52-4128-b759-5a8a917c4888', 'Puskesmas Plamongansari', 'puskesmasplamongansari@semarangkota.go.id', NULL, '$2y$12$zmLPepmLnmFCMHCLXpylzeL1Ufn9nYykzuRTMQ7M2tpKg03AV2w8e', NULL, NULL, '2025-10-24 11:19:19', '2025-10-24 11:19:19', 1, NULL, NULL, 0);

-- --------------------------------------------------------

--
-- Table structure for table `users_wilayah`
--

CREATE TABLE `users_wilayah` (
  `id` bigint(20) UNSIGNED NOT NULL,
  `users_id` bigint(20) UNSIGNED NOT NULL,
  `kecamatan_id` bigint(20) UNSIGNED NOT NULL,
  `kelurahan_id` bigint(20) UNSIGNED NOT NULL,
  `created_at` timestamp NULL DEFAULT NULL,
  `updated_at` timestamp NULL DEFAULT NULL
) ENGINE=InnoDB DEFAULT CHARSET=utf8mb4 COLLATE=utf8mb4_unicode_ci;

-- --------------------------------------------------------

--
-- Table structure for table `user_wilayah`
--

CREATE TABLE `user_wilayah` (
  `id` bigint(20) UNSIGNED NOT NULL,
  `users_id` bigint(20) UNSIGNED NOT NULL,
  `kecamatan_id` bigint(20) UNSIGNED NOT NULL,
  `kelurahan_id` bigint(20) UNSIGNED NOT NULL,
  `created_at` timestamp NULL DEFAULT NULL,
  `updated_at` timestamp NULL DEFAULT NULL
) ENGINE=InnoDB DEFAULT CHARSET=utf8mb4 COLLATE=utf8mb4_unicode_ci;

--
-- Dumping data for table `user_wilayah`
--

INSERT INTO `user_wilayah` (`id`, `users_id`, `kecamatan_id`, `kelurahan_id`, `created_at`, `updated_at`) VALUES
(2, 39, 12, 90, '2025-10-20 23:48:56', '2025-10-20 23:48:56'),
(3, 39, 12, 91, '2025-10-20 23:48:56', '2025-10-20 23:48:56'),
(4, 39, 12, 92, '2025-10-20 23:48:56', '2025-10-20 23:48:56'),
(5, 39, 12, 93, '2025-10-20 23:48:56', '2025-10-20 23:48:56'),
(6, 39, 12, 94, '2025-10-20 23:48:56', '2025-10-20 23:48:56'),
(7, 39, 12, 95, '2025-10-20 23:48:56', '2025-10-20 23:48:56'),
(8, 39, 12, 96, '2025-10-20 23:48:56', '2025-10-20 23:48:56'),
(9, 39, 12, 98, '2025-10-20 23:48:56', '2025-10-20 23:48:56'),
(10, 38, 12, 87, '2025-10-20 23:56:47', '2025-10-20 23:56:47'),
(11, 38, 12, 88, '2025-10-20 23:56:47', '2025-10-20 23:56:47'),
(12, 38, 12, 89, '2025-10-20 23:56:47', '2025-10-20 23:56:47'),
(13, 38, 12, 97, '2025-10-20 23:56:47', '2025-10-20 23:56:47'),
(14, 37, 11, 84, '2025-10-20 23:57:16', '2025-10-20 23:57:16'),
(15, 37, 11, 85, '2025-10-20 23:57:16', '2025-10-20 23:57:16'),
(16, 36, 4, 5, '2025-10-20 23:57:41', '2025-10-20 23:57:41'),
(17, 36, 4, 6, '2025-10-20 23:57:41', '2025-10-20 23:57:41'),
(18, 36, 4, 9, '2025-10-20 23:57:41', '2025-10-20 23:57:41'),
(19, 35, 9, 50, '2025-10-20 23:58:15', '2025-10-20 23:58:15'),
(20, 35, 9, 53, '2025-10-20 23:58:15', '2025-10-20 23:58:15'),
(21, 35, 9, 56, '2025-10-20 23:58:15', '2025-10-20 23:58:15'),
(22, 35, 9, 60, '2025-10-20 23:58:15', '2025-10-20 23:58:15'),
(23, 35, 9, 61, '2025-10-20 23:58:15', '2025-10-20 23:58:15'),
(24, 34, 15, 159, '2025-10-20 23:58:53', '2025-10-20 23:58:53'),
(25, 34, 15, 162, '2025-10-20 23:58:53', '2025-10-20 23:58:53'),
(26, 34, 15, 164, '2025-10-20 23:58:53', '2025-10-20 23:58:53'),
(27, 34, 15, 165, '2025-10-20 23:58:53', '2025-10-20 23:58:53'),
(28, 34, 15, 170, '2025-10-20 23:58:53', '2025-10-20 23:58:53'),
(29, 33, 11, 80, '2025-10-20 23:59:20', '2025-10-20 23:59:20'),
(30, 33, 11, 83, '2025-10-20 23:59:20', '2025-10-20 23:59:20'),
(31, 32, 4, 1, '2025-10-20 23:59:36', '2025-10-20 23:59:36'),
(32, 32, 4, 2, '2025-10-20 23:59:36', '2025-10-20 23:59:36'),
(33, 31, 3, 125, '2025-10-21 00:00:28', '2025-10-21 00:00:28'),
(34, 31, 3, 130, '2025-10-21 00:00:28', '2025-10-21 00:00:28'),
(35, 31, 3, 131, '2025-10-21 00:00:28', '2025-10-21 00:00:28'),
(36, 31, 3, 132, '2025-10-21 00:00:28', '2025-10-21 00:00:28'),
(37, 31, 3, 134, '2025-10-21 00:00:28', '2025-10-21 00:00:28'),
(38, 31, 3, 136, '2025-10-21 00:00:28', '2025-10-21 00:00:28'),
(39, 31, 3, 137, '2025-10-21 00:00:28', '2025-10-21 00:00:28'),
(40, 31, 3, 138, '2025-10-21 00:00:28', '2025-10-21 00:00:28'),
(41, 31, 3, 139, '2025-10-21 00:00:28', '2025-10-21 00:00:28'),
(42, 30, 6, 19, '2025-10-21 00:01:31', '2025-10-21 00:01:31'),
(43, 30, 6, 20, '2025-10-21 00:01:31', '2025-10-21 00:01:31'),
(44, 30, 6, 21, '2025-10-21 00:01:31', '2025-10-21 00:01:31'),
(45, 30, 6, 22, '2025-10-21 00:01:31', '2025-10-21 00:01:31'),
(46, 30, 6, 23, '2025-10-21 00:01:31', '2025-10-21 00:01:31'),
(47, 30, 6, 24, '2025-10-21 00:01:31', '2025-10-21 00:01:31'),
(48, 30, 6, 25, '2025-10-21 00:01:31', '2025-10-21 00:01:31'),
(49, 30, 6, 26, '2025-10-21 00:01:31', '2025-10-21 00:01:31'),
(50, 29, 13, 115, '2025-10-21 00:05:15', '2025-10-21 00:05:15'),
(51, 29, 13, 116, '2025-10-21 00:05:15', '2025-10-21 00:05:15'),
(52, 29, 13, 120, '2025-10-21 00:05:15', '2025-10-21 00:05:15'),
(53, 29, 13, 122, '2025-10-21 00:05:15', '2025-10-21 00:05:15'),
(54, 29, 13, 123, '2025-10-21 00:05:15', '2025-10-21 00:05:15'),
(55, 29, 13, 124, '2025-10-21 00:05:15', '2025-10-21 00:05:15'),
(56, 28, 4, 3, '2025-10-21 00:06:21', '2025-10-21 00:06:21'),
(57, 28, 4, 4, '2025-10-21 00:06:21', '2025-10-21 00:06:21'),
(58, 28, 4, 7, '2025-10-21 00:06:21', '2025-10-21 00:06:21'),
(59, 27, 4, 8, '2025-10-21 00:06:49', '2025-10-21 00:06:49'),
(60, 27, 4, 10, '2025-10-21 00:06:49', '2025-10-21 00:06:49'),
(61, 27, 4, 11, '2025-10-21 00:06:49', '2025-10-21 00:06:49'),
(62, 26, 1, 100, '2025-10-21 00:07:10', '2025-10-21 00:07:10'),
(63, 26, 1, 110, '2025-10-21 00:07:10', '2025-10-21 00:07:10'),
(64, 25, 11, 77, '2025-10-21 00:07:56', '2025-10-21 00:07:56'),
(65, 25, 11, 78, '2025-10-21 00:07:56', '2025-10-21 00:07:56'),
(66, 25, 11, 79, '2025-10-21 00:07:56', '2025-10-21 00:07:56'),
(67, 25, 11, 81, '2025-10-21 00:07:56', '2025-10-21 00:07:56'),
(68, 25, 11, 82, '2025-10-21 00:07:56', '2025-10-21 00:07:56'),
(69, 25, 11, 86, '2025-10-21 00:07:56', '2025-10-21 00:07:56'),
(70, 24, 3, 126, '2025-10-21 00:08:32', '2025-10-21 00:08:32'),
(71, 24, 3, 127, '2025-10-21 00:08:32', '2025-10-21 00:08:32'),
(72, 24, 3, 128, '2025-10-21 00:08:32', '2025-10-21 00:08:32'),
(73, 24, 3, 129, '2025-10-21 00:08:32', '2025-10-21 00:08:32'),
(74, 24, 3, 133, '2025-10-21 00:08:32', '2025-10-21 00:08:32'),
(75, 24, 3, 135, '2025-10-21 00:08:32', '2025-10-21 00:08:32'),
(76, 23, 10, 64, '2025-10-21 00:09:42', '2025-10-21 00:09:42'),
(77, 23, 10, 65, '2025-10-21 00:09:42', '2025-10-21 00:09:42'),
(78, 23, 10, 66, '2025-10-21 00:09:42', '2025-10-21 00:09:42'),
(79, 23, 10, 68, '2025-10-21 00:09:42', '2025-10-21 00:09:42'),
(80, 23, 10, 69, '2025-10-21 00:09:42', '2025-10-21 00:09:42'),
(81, 23, 10, 70, '2025-10-21 00:09:42', '2025-10-21 00:09:42'),
(82, 23, 10, 71, '2025-10-21 00:09:42', '2025-10-21 00:09:42'),
(83, 23, 10, 74, '2025-10-21 00:09:42', '2025-10-21 00:09:42'),
(84, 23, 10, 75, '2025-10-21 00:09:42', '2025-10-21 00:09:42'),
(85, 23, 10, 76, '2025-10-21 00:09:42', '2025-10-21 00:09:42'),
(86, 22, 1, 106, '2025-10-21 00:10:03', '2025-10-21 00:10:03'),
(87, 22, 1, 107, '2025-10-21 00:10:03', '2025-10-21 00:10:03'),
(88, 22, 1, 109, '2025-10-21 00:10:03', '2025-10-21 00:10:03'),
(89, 21, 16, 173, '2025-10-21 00:10:34', '2025-10-21 00:10:34'),
(90, 21, 16, 174, '2025-10-21 00:10:34', '2025-10-21 00:10:34'),
(91, 21, 16, 175, '2025-10-21 00:10:34', '2025-10-21 00:10:34'),
(92, 20, 1, 102, '2025-10-21 00:10:59', '2025-10-21 00:10:59'),
(93, 20, 1, 103, '2025-10-21 00:10:59', '2025-10-21 00:10:59'),
(94, 20, 1, 104, '2025-10-21 00:10:59', '2025-10-21 00:10:59'),
(95, 20, 1, 112, '2025-10-21 00:10:59', '2025-10-21 00:10:59'),
(96, 19, 13, 117, '2025-10-21 00:11:25', '2025-10-21 00:11:25'),
(97, 19, 13, 118, '2025-10-21 00:11:25', '2025-10-21 00:11:25'),
(98, 19, 13, 119, '2025-10-21 00:11:25', '2025-10-21 00:11:25'),
(99, 19, 13, 121, '2025-10-21 00:11:25', '2025-10-21 00:11:25'),
(100, 18, 1, 108, '2025-10-21 00:11:44', '2025-10-21 00:11:44'),
(101, 18, 1, 113, '2025-10-21 00:11:44', '2025-10-21 00:11:44'),
(102, 18, 1, 114, '2025-10-21 00:11:44', '2025-10-21 00:11:44'),
(103, 17, 15, 160, '2025-10-21 00:12:18', '2025-10-21 00:12:18'),
(104, 17, 15, 161, '2025-10-21 00:12:18', '2025-10-21 00:12:18'),
(105, 17, 15, 163, '2025-10-21 00:12:18', '2025-10-21 00:12:18'),
(106, 17, 15, 166, '2025-10-21 00:12:18', '2025-10-21 00:12:18'),
(107, 17, 15, 167, '2025-10-21 00:12:18', '2025-10-21 00:12:18'),
(108, 17, 15, 168, '2025-10-21 00:12:18', '2025-10-21 00:12:18'),
(109, 17, 15, 169, '2025-10-21 00:12:18', '2025-10-21 00:12:18'),
(110, 16, 10, 63, '2025-10-21 00:12:56', '2025-10-21 00:12:56'),
(111, 16, 10, 67, '2025-10-21 00:12:56', '2025-10-21 00:12:56'),
(112, 16, 10, 72, '2025-10-21 00:12:56', '2025-10-21 00:12:56'),
(113, 16, 10, 73, '2025-10-21 00:12:56', '2025-10-21 00:12:56'),
(114, 15, 2, 144, '2025-10-21 00:13:17', '2025-10-21 00:13:17'),
(115, 15, 2, 146, '2025-10-21 00:13:17', '2025-10-21 00:13:17'),
(116, 15, 2, 147, '2025-10-21 00:13:17', '2025-10-21 00:13:17'),
(117, 14, 1, 99, '2025-10-21 00:13:42', '2025-10-21 00:13:42'),
(118, 14, 1, 101, '2025-10-21 00:13:42', '2025-10-21 00:13:42'),
(119, 14, 1, 105, '2025-10-21 00:13:42', '2025-10-21 00:13:42'),
(120, 14, 1, 111, '2025-10-21 00:13:42', '2025-10-21 00:13:42'),
(121, 13, 16, 171, '2025-10-21 00:15:21', '2025-10-21 00:15:21'),
(122, 13, 16, 172, '2025-10-21 00:15:21', '2025-10-21 00:15:21'),
(123, 13, 16, 176, '2025-10-21 00:15:21', '2025-10-21 00:15:21'),
(124, 13, 16, 177, '2025-10-21 00:15:21', '2025-10-21 00:15:21'),
(125, 12, 5, 12, '2025-10-21 00:15:57', '2025-10-21 00:15:57'),
(126, 12, 5, 15, '2025-10-21 00:15:57', '2025-10-21 00:15:57'),
(127, 12, 5, 17, '2025-10-21 00:15:57', '2025-10-21 00:15:57'),
(128, 12, 5, 18, '2025-10-21 00:15:57', '2025-10-21 00:15:57'),
(129, 11, 2, 141, '2025-10-21 00:16:45', '2025-10-21 00:16:45'),
(130, 11, 2, 142, '2025-10-21 00:16:45', '2025-10-21 00:16:45'),
(131, 11, 2, 148, '2025-10-21 00:16:45', '2025-10-21 00:16:45'),
(132, 11, 2, 149, '2025-10-21 00:16:45', '2025-10-21 00:16:45'),
(133, 10, 9, 47, '2025-10-21 00:17:41', '2025-10-21 00:17:41'),
(134, 10, 9, 48, '2025-10-21 00:17:41', '2025-10-21 00:17:41'),
(135, 10, 9, 49, '2025-10-21 00:17:41', '2025-10-21 00:17:41'),
(136, 10, 9, 51, '2025-10-21 00:17:41', '2025-10-21 00:17:41'),
(137, 10, 9, 52, '2025-10-21 00:17:41', '2025-10-21 00:17:41'),
(138, 10, 9, 54, '2025-10-21 00:17:41', '2025-10-21 00:17:41'),
(139, 10, 9, 55, '2025-10-21 00:17:41', '2025-10-21 00:17:41'),
(140, 10, 9, 57, '2025-10-21 00:17:41', '2025-10-21 00:17:41'),
(141, 10, 9, 58, '2025-10-21 00:17:41', '2025-10-21 00:17:41'),
(142, 10, 9, 59, '2025-10-21 00:17:41', '2025-10-21 00:17:41'),
(143, 10, 9, 62, '2025-10-21 00:17:41', '2025-10-21 00:17:41'),
(144, 9, 8, 36, '2025-10-21 00:18:17', '2025-10-21 00:18:17'),
(145, 9, 8, 37, '2025-10-21 00:18:17', '2025-10-21 00:18:17'),
(146, 9, 8, 38, '2025-10-21 00:18:17', '2025-10-21 00:18:17'),
(147, 9, 8, 41, '2025-10-21 00:18:17', '2025-10-21 00:18:17'),
(148, 9, 8, 44, '2025-10-21 00:18:17', '2025-10-21 00:18:17'),
(149, 9, 8, 45, '2025-10-21 00:18:17', '2025-10-21 00:18:17'),
(150, 9, 8, 46, '2025-10-21 00:18:17', '2025-10-21 00:18:17'),
(151, 8, 7, 27, '2025-10-21 00:20:09', '2025-10-21 00:20:09'),
(152, 8, 7, 28, '2025-10-21 00:20:09', '2025-10-21 00:20:09'),
(153, 8, 7, 29, '2025-10-21 00:20:09', '2025-10-21 00:20:09'),
(154, 8, 7, 30, '2025-10-21 00:20:09', '2025-10-21 00:20:09'),
(155, 8, 7, 31, '2025-10-21 00:20:09', '2025-10-21 00:20:09'),
(156, 8, 7, 32, '2025-10-21 00:20:09', '2025-10-21 00:20:09'),
(157, 8, 7, 33, '2025-10-21 00:20:09', '2025-10-21 00:20:09'),
(158, 7, 5, 13, '2025-10-21 00:20:31', '2025-10-21 00:20:31'),
(159, 7, 5, 14, '2025-10-21 00:20:31', '2025-10-21 00:20:31'),
(160, 7, 5, 16, '2025-10-21 00:20:31', '2025-10-21 00:20:31'),
(161, 6, 14, 151, '2025-10-21 00:20:58', '2025-10-21 00:20:58'),
(162, 6, 14, 154, '2025-10-21 00:20:58', '2025-10-21 00:20:58'),
(163, 6, 14, 155, '2025-10-21 00:20:58', '2025-10-21 00:20:58'),
(164, 6, 14, 156, '2025-10-21 00:20:58', '2025-10-21 00:20:58'),
(165, 6, 14, 157, '2025-10-21 00:20:58', '2025-10-21 00:20:58'),
(166, 5, 2, 140, '2025-10-21 00:21:20', '2025-10-21 00:21:20'),
(167, 5, 2, 143, '2025-10-21 00:21:20', '2025-10-21 00:21:20'),
(168, 5, 2, 146, '2025-10-21 00:21:20', '2025-10-21 00:21:20'),
(169, 4, 8, 34, '2025-10-21 00:21:50', '2025-10-21 00:21:50'),
(170, 4, 8, 35, '2025-10-21 00:21:50', '2025-10-21 00:21:50'),
(171, 4, 8, 39, '2025-10-21 00:21:50', '2025-10-21 00:21:50'),
(172, 4, 8, 40, '2025-10-21 00:21:50', '2025-10-21 00:21:50'),
(173, 4, 8, 42, '2025-10-21 00:21:50', '2025-10-21 00:21:50'),
(174, 4, 8, 43, '2025-10-21 00:21:50', '2025-10-21 00:21:50'),
(175, 3, 14, 150, '2025-10-21 00:23:28', '2025-10-21 00:23:28'),
(176, 3, 14, 152, '2025-10-21 00:23:28', '2025-10-21 00:23:28'),
(177, 3, 14, 153, '2025-10-21 00:23:28', '2025-10-21 00:23:28'),
(178, 3, 14, 158, '2025-10-21 00:23:28', '2025-10-21 00:23:28');

-- --------------------------------------------------------

--
-- Table structure for table `videos`
--

CREATE TABLE `videos` (
  `id` bigint(20) UNSIGNED NOT NULL,
  `uuid` char(36) NOT NULL,
  `link` varchar(255) NOT NULL,
  `created_at` timestamp NULL DEFAULT NULL,
  `updated_at` timestamp NULL DEFAULT NULL
) ENGINE=InnoDB DEFAULT CHARSET=utf8mb4 COLLATE=utf8mb4_unicode_ci;

--
-- Dumping data for table `videos`
--

INSERT INTO `videos` (`id`, `uuid`, `link`, `created_at`, `updated_at`) VALUES
(1, 'b872791f-3485-4a8f-b74c-4c2e68dcdd58', 'https://www.youtube.com/watch?v=RJ-muotskB0', '2025-10-11 12:03:25', '2025-10-11 12:03:25');

--
-- Indexes for dumped tables
--

--
-- Indexes for table `api_keys`
--
ALTER TABLE `api_keys`
  ADD PRIMARY KEY (`id`),
  ADD UNIQUE KEY `api_keys_key_unique` (`key`);

--
-- Indexes for table `audits`
--
ALTER TABLE `audits`
  ADD PRIMARY KEY (`id`),
  ADD KEY `audits_auditable_type_auditable_id_index` (`auditable_type`,`auditable_id`),
  ADD KEY `audits_user_id_user_type_index` (`user_id`,`user_type`);

--
-- Indexes for table `beritas`
--
ALTER TABLE `beritas`
  ADD PRIMARY KEY (`id`);

--
-- Indexes for table `cache`
--
ALTER TABLE `cache`
  ADD PRIMARY KEY (`key`);

--
-- Indexes for table `cache_locks`
--
ALTER TABLE `cache_locks`
  ADD PRIMARY KEY (`key`);

--
-- Indexes for table `configs`
--
ALTER TABLE `configs`
  ADD PRIMARY KEY (`id`);

--
-- Indexes for table `data`
--
ALTER TABLE `data`
  ADD PRIMARY KEY (`id`);

--
-- Indexes for table `failed_jobs`
--
ALTER TABLE `failed_jobs`
  ADD PRIMARY KEY (`id`),
  ADD UNIQUE KEY `failed_jobs_uuid_unique` (`uuid`);

--
-- Indexes for table `fastcrud_password_histories`
--
ALTER TABLE `fastcrud_password_histories`
  ADD PRIMARY KEY (`id`);

--
-- Indexes for table `forums`
--
ALTER TABLE `forums`
  ADD PRIMARY KEY (`id`);

--
-- Indexes for table `fotos`
--
ALTER TABLE `fotos`
  ADD PRIMARY KEY (`id`);

--
-- Indexes for table `jenis_kasuses`
--
ALTER TABLE `jenis_kasuses`
  ADD PRIMARY KEY (`id`);

--
-- Indexes for table `jobs`
--
ALTER TABLE `jobs`
  ADD PRIMARY KEY (`id`),
  ADD KEY `jobs_queue_index` (`queue`);

--
-- Indexes for table `job_batches`
--
ALTER TABLE `job_batches`
  ADD PRIMARY KEY (`id`);

--
-- Indexes for table `kategori_beritas`
--
ALTER TABLE `kategori_beritas`
  ADD PRIMARY KEY (`id`);

--
-- Indexes for table `kecamatans`
--
ALTER TABLE `kecamatans`
  ADD PRIMARY KEY (`id`);

--
-- Indexes for table `kelurahans`
--
ALTER TABLE `kelurahans`
  ADD PRIMARY KEY (`id`);

--
-- Indexes for table `linseks`
--
ALTER TABLE `linseks`
  ADD PRIMARY KEY (`id`);

--
-- Indexes for table `media`
--
ALTER TABLE `media`
  ADD PRIMARY KEY (`id`);

--
-- Indexes for table `menus`
--
ALTER TABLE `menus`
  ADD PRIMARY KEY (`id`);

--
-- Indexes for table `migrations`
--
ALTER TABLE `migrations`
  ADD PRIMARY KEY (`id`);

--
-- Indexes for table `model_has_permissions`
--
ALTER TABLE `model_has_permissions`
  ADD PRIMARY KEY (`permission_id`,`model_id`,`model_type`),
  ADD KEY `model_has_permissions_model_id_model_type_index` (`model_id`,`model_type`);

--
-- Indexes for table `model_has_roles`
--
ALTER TABLE `model_has_roles`
  ADD PRIMARY KEY (`role_id`,`model_id`,`model_type`),
  ADD KEY `model_has_roles_model_id_model_type_index` (`model_id`,`model_type`);

--
-- Indexes for table `password_reset_tokens`
--
ALTER TABLE `password_reset_tokens`
  ADD PRIMARY KEY (`email`);

--
-- Indexes for table `permissions`
--
ALTER TABLE `permissions`
  ADD PRIMARY KEY (`id`),
  ADD UNIQUE KEY `permissions_name_guard_name_unique` (`name`,`guard_name`);

--
-- Indexes for table `personal_access_tokens`
--
ALTER TABLE `personal_access_tokens`
  ADD PRIMARY KEY (`id`),
  ADD UNIQUE KEY `personal_access_tokens_token_unique` (`token`),
  ADD KEY `personal_access_tokens_tokenable_type_tokenable_id_index` (`tokenable_type`,`tokenable_id`);

--
-- Indexes for table `roles`
--
ALTER TABLE `roles`
  ADD PRIMARY KEY (`id`),
  ADD UNIQUE KEY `roles_name_guard_name_unique` (`name`,`guard_name`);

--
-- Indexes for table `role_has_permissions`
--
ALTER TABLE `role_has_permissions`
  ADD PRIMARY KEY (`permission_id`,`role_id`),
  ADD KEY `role_has_permissions_role_id_foreign` (`role_id`);

--
-- Indexes for table `sessions`
--
ALTER TABLE `sessions`
  ADD PRIMARY KEY (`id`),
  ADD KEY `sessions_user_id_index` (`user_id`),
  ADD KEY `sessions_last_activity_index` (`last_activity`);

--
-- Indexes for table `topiks`
--
ALTER TABLE `topiks`
  ADD PRIMARY KEY (`id`);

--
-- Indexes for table `users`
--
ALTER TABLE `users`
  ADD PRIMARY KEY (`id`),
  ADD UNIQUE KEY `users_email_unique` (`email`);

--
-- Indexes for table `users_wilayah`
--
ALTER TABLE `users_wilayah`
  ADD PRIMARY KEY (`id`);

--
-- Indexes for table `user_wilayah`
--
ALTER TABLE `user_wilayah`
  ADD PRIMARY KEY (`id`);

--
-- Indexes for table `videos`
--
ALTER TABLE `videos`
  ADD PRIMARY KEY (`id`);

--
-- AUTO_INCREMENT for dumped tables
--

--
-- AUTO_INCREMENT for table `api_keys`
--
ALTER TABLE `api_keys`
  MODIFY `id` bigint(20) UNSIGNED NOT NULL AUTO_INCREMENT, AUTO_INCREMENT=2;

--
-- AUTO_INCREMENT for table `audits`
--
ALTER TABLE `audits`
  MODIFY `id` bigint(20) UNSIGNED NOT NULL AUTO_INCREMENT, AUTO_INCREMENT=4;

--
-- AUTO_INCREMENT for table `beritas`
--
ALTER TABLE `beritas`
  MODIFY `id` bigint(20) UNSIGNED NOT NULL AUTO_INCREMENT, AUTO_INCREMENT=2;

--
-- AUTO_INCREMENT for table `configs`
--
ALTER TABLE `configs`
  MODIFY `id` bigint(20) UNSIGNED NOT NULL AUTO_INCREMENT;

--
-- AUTO_INCREMENT for table `data`
--
ALTER TABLE `data`
  MODIFY `id` bigint(20) UNSIGNED NOT NULL AUTO_INCREMENT, AUTO_INCREMENT=2139;

--
-- AUTO_INCREMENT for table `failed_jobs`
--
ALTER TABLE `failed_jobs`
  MODIFY `id` bigint(20) UNSIGNED NOT NULL AUTO_INCREMENT;

--
-- AUTO_INCREMENT for table `fastcrud_password_histories`
--
ALTER TABLE `fastcrud_password_histories`
  MODIFY `id` bigint(20) UNSIGNED NOT NULL AUTO_INCREMENT, AUTO_INCREMENT=93;

--
-- AUTO_INCREMENT for table `forums`
--
ALTER TABLE `forums`
  MODIFY `id` bigint(20) UNSIGNED NOT NULL AUTO_INCREMENT, AUTO_INCREMENT=14;

--
-- AUTO_INCREMENT for table `fotos`
--
ALTER TABLE `fotos`
  MODIFY `id` bigint(20) UNSIGNED NOT NULL AUTO_INCREMENT, AUTO_INCREMENT=2;

--
-- AUTO_INCREMENT for table `jenis_kasuses`
--
ALTER TABLE `jenis_kasuses`
  MODIFY `id` bigint(20) UNSIGNED NOT NULL AUTO_INCREMENT, AUTO_INCREMENT=12;

--
-- AUTO_INCREMENT for table `jobs`
--
ALTER TABLE `jobs`
  MODIFY `id` bigint(20) UNSIGNED NOT NULL AUTO_INCREMENT;

--
-- AUTO_INCREMENT for table `kategori_beritas`
--
ALTER TABLE `kategori_beritas`
  MODIFY `id` bigint(20) UNSIGNED NOT NULL AUTO_INCREMENT, AUTO_INCREMENT=2;

--
-- AUTO_INCREMENT for table `kecamatans`
--
ALTER TABLE `kecamatans`
  MODIFY `id` bigint(20) UNSIGNED NOT NULL AUTO_INCREMENT, AUTO_INCREMENT=17;

--
-- AUTO_INCREMENT for table `kelurahans`
--
ALTER TABLE `kelurahans`
  MODIFY `id` bigint(20) UNSIGNED NOT NULL AUTO_INCREMENT, AUTO_INCREMENT=178;

--
-- AUTO_INCREMENT for table `linseks`
--
ALTER TABLE `linseks`
  MODIFY `id` bigint(20) UNSIGNED NOT NULL AUTO_INCREMENT, AUTO_INCREMENT=2;

--
-- AUTO_INCREMENT for table `media`
--
ALTER TABLE `media`
  MODIFY `id` bigint(20) UNSIGNED NOT NULL AUTO_INCREMENT;

--
-- AUTO_INCREMENT for table `menus`
--
ALTER TABLE `menus`
  MODIFY `id` bigint(20) UNSIGNED NOT NULL AUTO_INCREMENT;

--
-- AUTO_INCREMENT for table `migrations`
--
ALTER TABLE `migrations`
  MODIFY `id` int(10) UNSIGNED NOT NULL AUTO_INCREMENT, AUTO_INCREMENT=39;

--
-- AUTO_INCREMENT for table `permissions`
--
ALTER TABLE `permissions`
  MODIFY `id` bigint(20) UNSIGNED NOT NULL AUTO_INCREMENT, AUTO_INCREMENT=99;

--
-- AUTO_INCREMENT for table `personal_access_tokens`
--
ALTER TABLE `personal_access_tokens`
  MODIFY `id` bigint(20) UNSIGNED NOT NULL AUTO_INCREMENT;

--
-- AUTO_INCREMENT for table `roles`
--
ALTER TABLE `roles`
  MODIFY `id` bigint(20) UNSIGNED NOT NULL AUTO_INCREMENT, AUTO_INCREMENT=5;

--
-- AUTO_INCREMENT for table `topiks`
--
ALTER TABLE `topiks`
  MODIFY `id` bigint(20) UNSIGNED NOT NULL AUTO_INCREMENT, AUTO_INCREMENT=10;

--
-- AUTO_INCREMENT for table `users`
--
ALTER TABLE `users`
  MODIFY `id` bigint(20) UNSIGNED NOT NULL AUTO_INCREMENT, AUTO_INCREMENT=42;

--
-- AUTO_INCREMENT for table `users_wilayah`
--
ALTER TABLE `users_wilayah`
  MODIFY `id` bigint(20) UNSIGNED NOT NULL AUTO_INCREMENT;

--
-- AUTO_INCREMENT for table `user_wilayah`
--
ALTER TABLE `user_wilayah`
  MODIFY `id` bigint(20) UNSIGNED NOT NULL AUTO_INCREMENT, AUTO_INCREMENT=179;

--
-- AUTO_INCREMENT for table `videos`
--
ALTER TABLE `videos`
  MODIFY `id` bigint(20) UNSIGNED NOT NULL AUTO_INCREMENT, AUTO_INCREMENT=2;

--
-- Constraints for dumped tables
--

--
-- Constraints for table `model_has_permissions`
--
ALTER TABLE `model_has_permissions`
  ADD CONSTRAINT `model_has_permissions_permission_id_foreign` FOREIGN KEY (`permission_id`) REFERENCES `permissions` (`id`) ON DELETE CASCADE;

--
-- Constraints for table `model_has_roles`
--
ALTER TABLE `model_has_roles`
  ADD CONSTRAINT `model_has_roles_role_id_foreign` FOREIGN KEY (`role_id`) REFERENCES `roles` (`id`) ON DELETE CASCADE;

--
-- Constraints for table `role_has_permissions`
--
ALTER TABLE `role_has_permissions`
  ADD CONSTRAINT `role_has_permissions_permission_id_foreign` FOREIGN KEY (`permission_id`) REFERENCES `permissions` (`id`) ON DELETE CASCADE,
  ADD CONSTRAINT `role_has_permissions_role_id_foreign` FOREIGN KEY (`role_id`) REFERENCES `roles` (`id`) ON DELETE CASCADE;
COMMIT;

/*!40101 SET CHARACTER_SET_CLIENT=@OLD_CHARACTER_SET_CLIENT */;
/*!40101 SET CHARACTER_SET_RESULTS=@OLD_CHARACTER_SET_RESULTS */;
/*!40101 SET COLLATION_CONNECTION=@OLD_COLLATION_CONNECTION */;
